Student_ID,Gender,Race/Ethnicity,Parental_Education,Lunch_Type,Test_Preparation,Study_Time_per_Week,Daily_Sleep_Duration,Math_Score,Reading_Score,Writing_Score,School_Type,Internet_Access,Attendance_(%),Total_Score,Average_Score,Grade,Pass_Status
1,female,group B,some college,standard,False,12.4,5.4,62.0,76.0,65.0,public,True,84.6,100.0,67.67,C,Pass
2,male,group D,high school,standard,False,18.3,5.1,74.0,73.0,76.0,public,True,84.0,100.0,74.33,B,Pass
3,male,group B,bachelor degree,free/reduced,True,11.8,7.8,71.0,83.0,91.0,public,False,90.9,100.0,81.67,B,Pass
4,male,group E,high school,standard,False,9.6,7.3,83.0,73.0,52.0,public,True,90.3,100.0,69.33,C,Pass
5,female,group C,bachelor degree,standard,True,12.9,6.3,41.0,71.0,81.0,public,True,79.4,100.0,64.33,C,Pass
6,female,group E,associate degree,standard,False,10.1,6.4,67.0,71.0,83.0,public,True,83.2,100.0,73.67,B,Pass
7,female,group E,some college,standard,False,9.6,4.7,51.0,71.0,81.0,public,True,89.8,100.0,67.67,C,Pass
8,male,group B,some college,standard,False,11.1,7.0,65.0,86.0,79.0,private,True,89.5,100.0,76.67,B,Pass
9,male,group C,bachelor degree,standard,False,3.8,7.0,63.0,66.0,78.0,international,False,80.3,100.0,69.0,C,Pass
10,female,group B,bachelor degree,free/reduced,False,15.0,7.3,70.0,82.0,51.0,public,False,84.8,100.0,67.67,C,Pass
11,female,group E,some college,free/reduced,True,11.3,7.2,82.0,76.0,71.0,private,True,83.1,100.0,76.33,B,Pass
12,female,group E,some college,free/reduced,True,8.9,9.7,35.0,48.0,59.0,public,True,71.6,100.0,47.33,D,Pass
13,male,group E,bachelor degree,standard,False,18.4,6.4,66.0,52.0,79.0,public,True,82.5,100.0,65.67,C,Pass
14,male,group D,high school,free/reduced,False,6.9,8.6,68.0,61.0,71.0,public,True,72.0,100.0,66.67,C,Pass
15,male,group C,some college,standard,True,6.9,8.2,80.0,78.0,78.0,public,True,77.8,100.0,78.67,B,Pass
16,male,group C,associate degree,standard,True,20.5,6.7,61.0,93.0,77.0,public,True,83.0,100.0,77.0,B,Pass
17,female,group B,some college,standard,False,8.3,7.2,90.0,74.0,68.0,private,True,80.9,100.0,77.33,B,Pass
18,female,group D,some college,free/reduced,False,15.9,9.2,75.0,62.0,73.0,public,True,84.6,100.0,70.0,B,Pass
19,male,group C,master degree,free/reduced,True,5.0,6.1,57.0,71.0,80.0,public,True,78.1,100.0,69.33,C,Pass
20,female,group B,master degree,standard,True,10.2,7.0,78.0,66.0,83.0,private,True,78.2,100.0,75.67,B,Pass
21,female,group B,high school,standard,True,12.6,8.6,93.0,45.0,68.0,international,True,89.8,100.0,68.67,C,Pass
22,male,group A,high school,standard,True,13.0,7.7,54.0,71.0,95.0,public,True,83.1,100.0,73.33,B,Pass
23,female,group D,associate degree,standard,False,21.0,8.3,34.0,73.0,94.0,public,False,82.1,100.0,67.0,C,Pass
24,female,group D,bachelor degree,standard,False,8.9,6.1,77.0,93.0,90.0,private,True,82.5,100.0,86.67,A,Pass
25,male,group C,master degree,standard,False,3.7,6.9,46.0,84.0,67.0,international,False,78.5,100.0,65.67,C,Pass
26,female,group D,some college,standard,True,12.6,7.5,62.0,71.0,58.0,international,True,80.9,100.0,63.67,C,Pass
27,male,group B,some college,standard,False,6.5,8.3,57.0,80.0,68.0,public,True,76.6,100.0,68.33,C,Pass
28,male,group C,bachelor degree,standard,True,9.6,7.2,55.0,100.0,84.0,international,True,88.7,100.0,79.67,B,Pass
29,female,group D,some college,standard,True,16.7,8.5,89.0,92.0,71.0,public,True,85.5,100.0,84.0,B,Pass
30,male,group E,high school,free/reduced,True,0.0,7.2,79.0,75.0,60.0,international,True,82.1,100.0,71.33,B,Pass
31,female,group E,associate degree,standard,True,6.2,4.6,82.0,71.0,63.0,public,True,80.7,100.0,72.0,B,Pass
32,male,group E,high school,standard,False,9.5,6.8,96.0,85.0,78.0,international,True,98.8,100.0,86.33,A,Pass
33,male,group A,some college,standard,False,7.7,7.9,69.0,63.0,71.0,public,True,82.0,100.0,67.67,C,Pass
34,female,group B,high school,standard,False,6.1,7.6,83.0,59.0,71.0,public,True,78.1,100.0,71.0,B,Pass
35,male,group B,some college,free/reduced,False,18.6,8.8,100.0,60.0,59.0,public,False,88.3,100.0,73.0,B,Pass
36,female,group C,associate degree,standard,False,9.7,4.2,75.0,42.0,64.0,public,False,73.0,100.0,60.33,C,Pass
37,male,group D,bachelor degree,standard,False,16.8,6.2,77.0,63.0,71.0,public,True,84.2,100.0,70.33,B,Pass
38,female,group C,master degree,free/reduced,False,15.2,5.9,33.0,49.0,68.0,private,True,65.2,100.0,50.0,D,Pass
39,female,group E,high school,free/reduced,True,15.8,7.6,67.0,78.0,57.0,public,True,75.3,100.0,67.33,C,Pass
40,female,group B,master degree,standard,False,7.6,6.5,48.0,54.0,59.0,public,True,77.5,100.0,53.67,D,Pass
41,male,group B,high school,standard,True,8.7,6.9,73.0,88.0,95.0,public,True,92.8,100.0,85.33,A,Pass
42,female,group C,master degree,free/reduced,False,16.2,5.3,66.0,62.0,47.0,public,True,79.2,100.0,58.33,C,Pass
43,female,group E,high school,standard,False,12.4,7.2,86.0,70.0,65.0,public,True,83.9,100.0,73.67,B,Pass
44,female,group D,some college,free/reduced,True,12.4,7.1,81.0,71.0,76.0,public,True,83.8,100.0,76.0,B,Pass
45,male,group C,some college,standard,False,15.5,8.2,84.0,44.0,80.0,public,True,75.3,100.0,69.33,C,Pass
46,male,group E,some college,standard,False,12.1,4.4,86.0,73.0,66.0,public,True,81.4,100.0,75.0,B,Pass
47,female,group D,bachelor degree,standard,True,9.4,5.0,62.0,80.0,74.0,private,True,81.5,100.0,72.0,B,Pass
48,male,group D,some college,free/reduced,False,10.4,6.2,48.0,68.0,69.0,private,True,85.0,100.0,61.67,C,Pass
49,female,group C,high school,free/reduced,True,0.0,6.2,72.0,56.0,53.0,private,True,80.9,100.0,60.33,C,Pass
50,male,group A,high school,standard,False,15.1,7.8,75.0,66.0,100.0,public,True,78.3,100.0,80.33,B,Pass
51,female,group E,associate degree,standard,False,15.0,6.0,64.0,59.0,60.0,public,True,81.0,100.0,61.0,C,Pass
52,female,group C,bachelor degree,standard,True,15.9,7.2,98.0,56.0,63.0,public,True,82.0,100.0,72.33,B,Pass
53,male,group C,master degree,standard,False,9.6,7.2,79.0,49.0,71.0,international,True,78.1,100.0,66.33,C,Pass
54,female,group D,high school,free/reduced,False,10.3,5.3,63.0,72.0,82.0,public,True,87.0,100.0,72.33,B,Pass
55,female,group B,associate degree,standard,True,8.2,7.1,88.0,72.0,82.0,private,True,92.4,100.0,80.67,B,Pass
56,female,group B,bachelor degree,free/reduced,False,8.8,10.7,85.0,80.0,74.0,private,True,91.5,100.0,79.67,B,Pass
57,male,group A,high school,standard,False,13.4,5.6,51.0,58.0,62.0,public,True,73.6,100.0,57.0,C,Pass
58,female,group A,associate degree,standard,False,9.6,8.3,54.0,67.0,81.0,public,True,80.4,100.0,67.33,C,Pass
59,female,group E,high school,free/reduced,False,12.2,8.6,52.0,71.0,79.0,public,True,83.5,100.0,67.33,C,Pass
60,male,group E,some college,free/reduced,False,17.6,7.5,59.0,67.0,85.0,public,True,88.0,100.0,70.33,B,Pass
61,female,group B,high school,standard,False,12.2,8.7,87.0,58.0,68.0,public,True,81.0,100.0,71.0,B,Pass
62,male,group D,high school,free/reduced,False,2.4,6.1,74.0,72.0,82.0,public,True,84.5,100.0,76.0,B,Pass
63,female,group B,associate degree,standard,True,3.9,8.7,46.0,90.0,71.0,public,True,77.1,100.0,69.0,C,Pass
64,female,group E,master degree,standard,True,1.2,7.2,58.0,61.0,75.0,public,False,74.9,100.0,64.67,C,Pass
65,female,group D,high school,standard,False,0.4,8.4,93.0,72.0,47.0,public,False,87.3,100.0,70.67,B,Pass
66,female,group B,some college,free/reduced,False,19.7,9.0,49.0,72.0,71.0,public,False,87.4,100.0,64.0,C,Pass
67,male,group E,some college,standard,True,0.5,5.6,45.0,61.0,74.0,public,False,78.6,100.0,60.0,C,Pass
68,male,group D,high school,standard,True,10.5,7.5,65.0,63.0,96.0,private,True,89.9,100.0,74.67,B,Pass
69,female,group D,bachelor degree,free/reduced,False,3.4,9.9,76.0,57.0,61.0,private,True,82.7,100.0,64.67,C,Pass
70,female,group B,associate degree,standard,False,15.3,8.1,54.0,74.0,65.0,private,True,77.5,100.0,64.33,C,Pass
71,male,group C,some college,standard,False,10.6,7.9,70.0,75.0,70.0,public,True,85.5,100.0,71.67,B,Pass
72,male,group B,master degree,free/reduced,True,7.6,6.0,56.0,64.0,64.0,public,True,87.2,100.0,61.33,C,Pass
73,male,group E,some college,standard,False,12.3,7.0,100.0,52.0,62.0,public,True,83.4,100.0,71.33,B,Pass
74,female,group B,high school,standard,False,10.2,11.0,48.0,93.0,68.0,private,True,90.7,100.0,69.67,C,Pass
75,female,group B,master degree,standard,True,21.1,10.0,51.0,88.0,77.0,public,False,70.7,100.0,72.0,B,Pass
76,female,group C,bachelor degree,standard,False,15.8,7.1,61.0,54.0,62.0,public,True,82.7,100.0,59.0,C,Pass
77,female,group E,associate degree,standard,False,19.7,7.0,78.0,47.0,48.0,private,False,78.5,100.0,57.67,C,Pass
78,male,group B,high school,standard,True,15.4,6.0,78.0,80.0,68.0,international,True,83.6,100.0,75.33,B,Pass
79,female,group B,some college,free/reduced,True,9.4,7.4,80.0,71.0,85.0,international,True,86.9,100.0,78.67,B,Pass
80,male,group B,high school,standard,False,5.2,7.6,83.0,72.0,71.0,private,False,75.1,100.0,75.33,B,Pass
81,female,group E,high school,free/reduced,False,16.0,5.9,65.0,75.0,73.0,public,True,82.3,100.0,71.0,B,Pass
82,male,group D,high school,standard,True,12.4,6.2,56.0,71.0,72.0,public,True,83.2,100.0,66.33,C,Pass
83,female,group B,bachelor degree,standard,True,15.8,10.5,100.0,58.0,58.0,private,True,91.2,100.0,72.0,B,Pass
84,male,group D,bachelor degree,standard,True,9.0,8.8,51.0,74.0,71.0,public,True,78.5,100.0,65.33,C,Pass
85,male,group A,high school,free/reduced,True,4.6,8.5,63.0,59.0,84.0,public,True,78.4,100.0,68.67,C,Pass
86,female,group B,high school,free/reduced,True,6.5,7.2,56.0,100.0,83.0,private,True,84.4,100.0,79.67,B,Pass
87,male,group E,some college,free/reduced,False,17.3,6.7,63.0,71.0,91.0,public,True,89.4,100.0,75.0,B,Pass
88,male,group C,some college,standard,True,5.3,5.7,76.0,57.0,71.0,private,False,83.7,100.0,68.0,C,Pass
89,male,group C,some college,standard,False,2.4,6.9,37.0,71.0,81.0,private,True,77.4,100.0,63.0,C,Pass
90,female,group C,associate degree,free/reduced,True,11.0,6.7,54.0,59.0,58.0,public,True,80.4,100.0,57.0,C,Pass
91,male,group C,master degree,free/reduced,True,2.7,6.5,64.0,71.0,67.0,public,True,82.3,100.0,67.33,C,Pass
92,female,group B,high school,standard,False,10.1,7.7,77.0,88.0,95.0,public,True,94.5,100.0,86.67,A,Pass
93,male,group A,high school,standard,True,5.5,6.7,71.0,53.0,75.0,public,True,78.0,100.0,66.33,C,Pass
94,male,group A,bachelor degree,standard,False,6.8,7.0,55.0,71.0,49.0,public,False,76.6,100.0,58.33,C,Pass
95,female,group A,associate degree,standard,False,12.3,9.3,39.0,42.0,57.0,public,True,71.4,100.0,46.0,D,Pass
96,female,group E,bachelor degree,standard,False,11.0,8.0,87.0,61.0,69.0,public,False,76.6,100.0,72.33,B,Pass
97,male,group E,bachelor degree,standard,True,7.1,5.6,80.0,54.0,80.0,international,True,85.0,100.0,71.33,B,Pass
98,male,group B,associate degree,standard,False,7.1,8.3,73.0,72.0,75.0,public,False,85.6,100.0,73.33,B,Pass
99,male,group A,bachelor degree,standard,False,0.0,8.0,70.0,72.0,81.0,public,True,84.8,100.0,74.33,B,Pass
100,male,group E,high school,standard,False,10.4,6.5,42.0,81.0,49.0,public,True,76.8,100.0,57.33,C,Pass
101,female,group E,associate degree,standard,True,11.1,5.1,81.0,87.0,78.0,public,True,80.7,100.0,82.0,B,Pass
102,female,group D,some college,standard,False,14.2,5.2,52.0,71.0,68.0,public,True,78.4,100.0,63.67,C,Pass
103,male,group B,high school,standard,False,8.6,6.8,69.0,74.0,85.0,private,True,83.7,100.0,76.0,B,Pass
104,male,group C,high school,standard,True,9.6,6.0,54.0,58.0,83.0,public,True,77.0,100.0,65.0,C,Pass
105,male,group B,bachelor degree,standard,False,12.6,5.4,76.0,67.0,71.0,public,True,82.7,100.0,71.33,B,Pass
106,female,group C,bachelor degree,standard,False,12.4,5.9,51.0,78.0,93.0,private,True,86.6,100.0,74.0,B,Pass
107,female,group E,high school,standard,True,10.8,8.3,88.0,86.0,59.0,public,True,95.5,100.0,77.67,B,Pass
108,male,group B,high school,standard,False,0.0,8.2,100.0,51.0,71.0,private,True,85.5,100.0,74.0,B,Pass
109,female,group B,bachelor degree,standard,True,11.7,7.0,91.0,51.0,43.0,private,True,81.0,100.0,61.67,C,Pass
110,female,group E,associate degree,free/reduced,False,3.8,6.1,68.0,70.0,55.0,private,True,80.4,100.0,64.33,C,Pass
111,female,group C,some college,standard,True,15.8,7.1,75.0,75.0,91.0,international,True,77.5,100.0,80.33,B,Pass
112,female,group C,some college,standard,True,23.1,5.2,68.0,43.0,48.0,private,True,76.1,100.0,53.0,D,Pass
113,male,group A,master degree,free/reduced,True,11.3,7.2,93.0,71.0,79.0,public,True,87.6,100.0,81.0,B,Pass
114,female,group C,bachelor degree,standard,True,13.9,5.9,61.0,63.0,42.0,public,True,89.4,100.0,55.33,C,Pass
115,male,group D,associate degree,standard,False,12.4,8.4,47.0,68.0,68.0,public,True,78.4,100.0,61.0,C,Pass
116,female,group D,high school,free/reduced,True,11.5,5.8,63.0,77.0,91.0,public,True,87.3,100.0,77.0,B,Pass
117,female,group E,some college,free/reduced,True,7.2,6.9,82.0,77.0,71.0,public,True,85.4,100.0,76.67,B,Pass
118,male,group B,high school,free/reduced,True,5.6,7.7,71.0,88.0,74.0,public,True,80.2,100.0,77.67,B,Pass
119,female,group C,bachelor degree,free/reduced,True,13.0,7.5,60.0,73.0,76.0,public,True,88.6,100.0,69.67,C,Pass
120,female,group C,some college,free/reduced,False,14.0,7.2,59.0,52.0,76.0,public,True,83.7,100.0,62.33,C,Pass
121,female,group E,bachelor degree,standard,False,8.9,6.6,65.0,77.0,42.0,private,True,83.5,100.0,61.33,C,Pass
122,female,group E,some college,standard,False,9.6,8.2,84.0,83.0,71.0,public,True,82.2,100.0,79.33,B,Pass
123,female,group D,high school,free/reduced,True,9.2,7.2,83.0,63.0,58.0,public,False,89.2,100.0,68.0,C,Pass
124,female,group C,associate degree,standard,True,5.4,7.4,65.0,47.0,62.0,private,False,71.2,100.0,58.0,C,Pass
125,female,group B,some college,standard,True,9.9,7.2,70.0,70.0,53.0,public,True,83.7,100.0,64.33,C,Pass
126,male,group B,associate degree,standard,False,0.2,8.4,51.0,75.0,62.0,public,True,91.0,100.0,62.67,C,Pass
127,female,group A,high school,standard,False,6.1,9.0,56.0,29.0,72.0,public,True,71.0,100.0,52.33,D,Pass
128,male,group C,associate degree,standard,False,5.0,7.2,45.0,73.0,64.0,private,True,76.4,100.0,60.67,C,Pass
129,female,group E,high school,standard,False,21.4,10.4,54.0,76.0,95.0,public,True,85.5,100.0,75.0,B,Pass
130,female,group A,bachelor degree,standard,False,11.8,7.4,38.0,99.0,87.0,public,False,82.3,100.0,74.67,B,Pass
131,female,group C,bachelor degree,standard,True,10.5,7.7,87.0,71.0,37.0,public,True,73.1,100.0,65.0,C,Pass
132,female,group E,master degree,standard,True,17.4,7.9,81.0,71.0,75.0,private,True,85.5,100.0,75.67,B,Pass
133,male,group A,some college,free/reduced,False,19.4,5.8,100.0,71.0,75.0,public,False,82.5,100.0,82.0,B,Pass
134,female,group C,associate degree,free/reduced,False,12.0,7.0,89.0,77.0,71.0,public,False,88.8,100.0,79.0,B,Pass
135,female,group A,associate degree,standard,True,5.8,6.4,67.0,75.0,68.0,public,True,78.4,100.0,70.0,B,Pass
136,male,group D,associate degree,standard,False,0.5,4.7,59.0,69.0,83.0,public,True,90.9,100.0,70.33,B,Pass
137,female,group C,high school,standard,False,5.4,7.2,80.0,63.0,74.0,public,True,80.0,100.0,72.33,B,Pass
138,male,group E,high school,standard,False,8.9,4.7,94.0,53.0,75.0,public,True,83.0,100.0,74.0,B,Pass
139,male,group C,associate degree,free/reduced,False,21.0,6.9,54.0,76.0,51.0,private,False,83.2,100.0,60.33,C,Pass
140,male,group D,high school,standard,False,7.6,8.7,75.0,44.0,54.0,public,True,71.9,100.0,57.67,C,Pass
141,male,group A,associate degree,free/reduced,True,2.1,5.6,61.0,100.0,72.0,public,True,87.2,100.0,77.67,B,Pass
142,male,group C,associate degree,standard,False,9.1,7.1,97.0,71.0,54.0,public,False,91.0,100.0,74.0,B,Pass
143,male,group A,high school,standard,True,4.0,5.9,70.0,95.0,78.0,public,True,79.4,100.0,81.0,B,Pass
144,male,group D,some college,free/reduced,False,0.4,8.6,79.0,71.0,89.0,private,True,87.7,100.0,79.67,B,Pass
145,male,group E,associate degree,standard,True,9.8,7.0,67.0,76.0,71.0,public,True,84.7,100.0,71.33,B,Pass
146,male,group B,bachelor degree,standard,True,8.0,6.3,71.0,68.0,68.0,private,True,86.5,100.0,69.0,C,Pass
147,male,group D,bachelor degree,free/reduced,False,8.6,7.2,45.0,64.0,77.0,public,False,73.6,100.0,62.0,C,Pass
148,male,group D,high school,standard,True,18.0,8.2,61.0,81.0,62.0,public,True,75.6,100.0,68.0,C,Pass
149,male,group C,some college,standard,True,11.3,8.0,84.0,57.0,58.0,private,True,84.1,100.0,66.33,C,Pass
150,female,group E,high school,standard,False,8.3,10.0,86.0,75.0,94.0,public,True,90.5,100.0,85.0,A,Pass
151,male,group A,some college,standard,False,8.3,8.1,99.0,95.0,68.0,international,True,91.2,100.0,87.33,A,Pass
152,male,group E,some college,standard,False,9.6,6.7,64.0,70.0,56.0,private,True,82.1,100.0,63.33,C,Pass
153,female,group B,associate degree,standard,False,8.3,9.1,78.0,43.0,79.0,public,True,78.3,100.0,66.67,C,Pass
154,male,group D,high school,standard,False,9.6,8.5,95.0,65.0,73.0,public,True,87.2,100.0,77.67,B,Pass
155,female,group E,master degree,standard,True,4.8,11.0,77.0,55.0,45.0,private,False,80.1,100.0,59.0,C,Pass
156,female,group C,high school,standard,False,4.6,6.8,85.0,67.0,73.0,public,True,81.4,100.0,75.0,B,Pass
157,female,group D,high school,standard,True,8.4,6.9,78.0,47.0,64.0,public,True,89.5,100.0,63.0,C,Pass
158,male,group A,some college,free/reduced,True,3.1,10.8,66.0,71.0,98.0,public,False,88.6,100.0,78.33,B,Pass
159,female,group E,bachelor degree,standard,False,8.0,5.7,70.0,66.0,75.0,public,True,77.2,100.0,70.33,B,Pass
160,male,group E,high school,standard,True,12.6,6.3,63.0,63.0,82.0,public,True,86.0,100.0,69.33,C,Pass
161,female,group B,bachelor degree,standard,False,4.1,8.0,74.0,74.0,69.0,public,True,79.1,100.0,72.33,B,Pass
162,female,group C,high school,free/reduced,True,6.1,6.7,94.0,72.0,74.0,private,True,90.9,100.0,80.0,B,Pass
163,male,group B,high school,standard,True,6.5,5.1,70.0,69.0,58.0,public,True,87.1,100.0,65.67,C,Pass
164,male,group C,associate degree,standard,False,4.3,7.2,80.0,57.0,87.0,public,True,80.8,100.0,74.67,B,Pass
165,female,group C,high school,standard,True,14.2,6.4,66.0,68.0,70.0,private,True,87.0,100.0,68.0,C,Pass
166,male,group B,high school,free/reduced,True,9.6,6.2,11.0,77.0,70.0,private,True,78.1,100.0,52.67,D,Pass
167,male,group E,some college,standard,False,10.8,6.7,100.0,71.0,75.0,public,True,91.9,100.0,82.0,B,Pass
168,male,group B,some college,standard,False,10.9,6.8,95.0,69.0,65.0,public,True,95.0,100.0,76.33,B,Pass
169,female,group D,some college,standard,False,1.0,6.9,61.0,65.0,64.0,public,True,79.1,100.0,63.33,C,Pass
170,female,group E,high school,standard,False,10.8,4.3,65.0,55.0,71.0,private,True,76.7,100.0,63.67,C,Pass
171,female,group B,high school,standard,False,5.5,8.3,95.0,71.0,63.0,private,True,81.1,100.0,76.33,B,Pass
172,male,group E,high school,standard,False,8.3,6.1,83.0,90.0,77.0,public,False,84.3,100.0,83.33,B,Pass
173,female,group C,high school,standard,False,17.5,9.7,42.0,74.0,78.0,public,True,80.5,100.0,64.67,C,Pass
174,female,group D,some college,free/reduced,True,9.6,7.2,41.0,79.0,74.0,international,True,82.6,100.0,64.67,C,Pass
175,male,group E,high school,standard,True,9.3,7.7,77.0,61.0,81.0,international,True,85.6,100.0,73.0,B,Pass
176,female,group D,associate degree,standard,True,14.5,7.8,91.0,77.0,69.0,international,True,90.7,100.0,79.0,B,Pass
177,male,group C,associate degree,free/reduced,False,8.8,8.5,65.0,86.0,71.0,international,True,84.5,100.0,74.0,B,Pass
178,male,group A,some college,free/reduced,False,8.1,7.2,76.0,63.0,70.0,public,True,90.1,100.0,69.67,C,Pass
179,male,group C,high school,standard,True,13.2,8.2,100.0,74.0,83.0,public,True,87.9,100.0,85.67,A,Pass
180,male,group B,some college,standard,True,9.8,7.8,48.0,59.0,72.0,private,True,92.5,100.0,59.67,C,Pass
181,female,group C,bachelor degree,free/reduced,False,9.6,8.5,72.0,66.0,75.0,public,True,86.5,100.0,71.0,B,Pass
182,female,group E,high school,standard,True,7.7,8.3,89.0,100.0,82.0,public,True,86.8,100.0,90.33,A,Pass
183,female,group C,high school,standard,True,9.3,7.4,66.0,50.0,57.0,private,True,72.7,100.0,57.67,C,Pass
184,female,group D,associate degree,free/reduced,True,9.6,7.3,66.0,44.0,74.0,public,True,81.9,100.0,61.33,C,Pass
185,male,group B,high school,free/reduced,True,13.2,8.6,64.0,85.0,50.0,private,True,80.4,100.0,66.33,C,Pass
186,female,group E,high school,free/reduced,True,15.8,6.9,65.0,82.0,68.0,international,True,87.2,100.0,71.67,B,Pass
187,male,group B,bachelor degree,standard,False,1.3,9.6,62.0,71.0,73.0,public,False,84.7,100.0,68.67,C,Pass
188,male,group D,associate degree,free/reduced,True,0.4,7.7,67.0,69.0,98.0,public,False,85.8,100.0,78.0,B,Pass
189,female,group E,associate degree,standard,True,8.8,11.0,81.0,61.0,52.0,public,False,76.6,100.0,64.67,C,Pass
190,male,group C,master degree,standard,True,6.6,5.7,75.0,86.0,62.0,public,True,77.2,100.0,74.33,B,Pass
191,male,group C,bachelor degree,free/reduced,True,11.3,6.9,63.0,89.0,79.0,public,True,83.6,100.0,77.0,B,Pass
192,female,group E,some college,standard,True,7.5,9.6,68.0,84.0,96.0,public,True,92.3,100.0,82.67,B,Pass
193,male,group B,associate degree,standard,True,12.0,7.5,100.0,77.0,65.0,private,True,88.3,100.0,80.67,B,Pass
194,male,group C,high school,free/reduced,True,22.5,8.5,61.0,82.0,52.0,public,True,74.8,100.0,65.0,C,Pass
195,male,group D,high school,free/reduced,False,9.6,7.9,85.0,74.0,68.0,public,True,86.1,100.0,75.67,B,Pass
196,male,group D,associate degree,standard,False,14.8,6.8,88.0,71.0,61.0,public,True,86.3,100.0,73.33,B,Pass
197,female,group D,some college,standard,False,14.8,6.7,67.0,62.0,91.0,private,True,79.9,100.0,73.33,B,Pass
198,female,group C,high school,standard,False,8.2,8.7,62.0,74.0,84.0,public,False,85.1,100.0,73.33,B,Pass
199,female,group B,master degree,standard,False,12.3,8.2,89.0,68.0,83.0,private,True,87.3,100.0,80.0,B,Pass
200,female,group C,high school,standard,False,0.0,7.6,66.0,63.0,58.0,public,True,74.2,100.0,62.33,C,Pass
201,female,group C,associate degree,free/reduced,False,5.5,9.2,73.0,76.0,55.0,private,True,84.0,100.0,68.0,C,Pass
202,female,group E,associate degree,free/reduced,True,14.1,8.3,60.0,72.0,79.0,public,True,85.9,100.0,70.33,B,Pass
203,male,group C,bachelor degree,free/reduced,False,6.7,8.9,92.0,65.0,71.0,public,True,90.7,100.0,76.0,B,Pass
204,male,group E,associate degree,standard,False,10.9,8.5,52.0,54.0,94.0,private,True,86.9,100.0,66.67,C,Pass
205,female,group B,high school,standard,False,7.4,7.0,49.0,46.0,91.0,private,True,72.9,100.0,62.0,C,Pass
206,male,group C,high school,free/reduced,True,9.6,6.0,71.0,69.0,66.0,private,True,77.8,100.0,68.67,C,Pass
207,female,group B,associate degree,free/reduced,False,11.3,8.5,85.0,84.0,71.0,public,True,89.4,100.0,80.0,B,Pass
208,female,group C,some college,standard,False,8.1,9.8,85.0,77.0,88.0,private,False,90.9,100.0,83.33,B,Pass
209,female,group D,associate degree,free/reduced,False,5.6,3.0,95.0,83.0,65.0,public,True,90.0,100.0,81.0,B,Pass
210,male,group E,high school,free/reduced,True,5.8,6.1,75.0,54.0,66.0,public,True,100.0,100.0,65.0,C,Pass
211,female,group B,high school,standard,True,2.3,9.5,84.0,46.0,100.0,public,True,88.5,100.0,76.67,B,Pass
212,male,group D,some college,standard,True,8.1,7.1,43.0,53.0,62.0,public,True,81.7,100.0,52.67,D,Pass
213,male,group B,bachelor degree,standard,True,9.6,8.5,63.0,64.0,50.0,public,True,83.4,100.0,59.0,C,Pass
214,female,group E,master degree,standard,False,11.2,5.2,43.0,62.0,97.0,public,True,85.2,100.0,67.33,C,Pass
215,female,group D,associate degree,standard,True,17.1,8.6,73.0,76.0,65.0,private,False,82.0,100.0,71.33,B,Pass
216,male,group B,high school,standard,True,9.3,7.2,74.0,43.0,94.0,public,True,86.9,100.0,70.33,B,Pass
217,female,group E,high school,standard,False,11.0,7.2,65.0,76.0,56.0,private,True,77.4,100.0,65.67,C,Pass
218,male,group C,some college,standard,False,19.6,7.2,56.0,54.0,88.0,private,True,80.2,100.0,66.0,C,Pass
219,female,group B,some college,standard,False,8.7,7.4,69.0,64.0,72.0,public,True,79.9,100.0,68.33,C,Pass
220,male,group C,associate degree,standard,False,11.1,8.9,72.0,71.0,100.0,international,True,87.8,100.0,81.0,B,Pass
221,female,group B,high school,free/reduced,True,7.0,6.1,52.0,71.0,90.0,international,True,95.0,100.0,71.0,B,Pass
222,male,group C,high school,standard,True,17.1,6.4,40.0,66.0,56.0,public,True,67.3,100.0,54.0,D,Pass
223,male,group D,some college,standard,False,0.5,7.2,67.0,58.0,78.0,private,True,85.5,100.0,67.67,C,Pass
224,male,group C,high school,standard,False,19.2,7.7,78.0,77.0,64.0,public,True,76.1,100.0,73.0,B,Pass
225,male,group B,high school,free/reduced,True,18.0,7.0,59.0,59.0,84.0,public,True,79.6,100.0,67.33,C,Pass
226,female,group C,associate degree,free/reduced,False,9.9,5.5,83.0,88.0,80.0,public,True,93.9,100.0,83.67,B,Pass
227,male,group E,associate degree,standard,True,9.1,7.3,74.0,71.0,64.0,public,True,83.1,100.0,69.67,C,Pass
228,male,group D,bachelor degree,free/reduced,False,3.0,8.2,66.0,72.0,66.0,public,False,76.8,100.0,68.0,C,Pass
229,female,group B,high school,free/reduced,True,9.6,5.8,66.0,68.0,76.0,public,True,79.4,100.0,70.0,B,Pass
230,female,group E,associate degree,free/reduced,True,0.6,8.8,46.0,71.0,33.0,public,True,78.3,100.0,50.0,D,Pass
231,female,group D,master degree,standard,True,5.1,7.0,97.0,64.0,86.0,public,True,84.3,100.0,82.33,B,Pass
232,male,group C,bachelor degree,standard,False,10.4,8.2,64.0,56.0,68.0,public,False,81.1,100.0,62.67,C,Pass
233,female,group D,high school,free/reduced,True,9.2,6.8,92.0,74.0,54.0,public,True,84.6,100.0,73.33,B,Pass
234,female,group D,master degree,standard,True,7.6,7.3,71.0,84.0,68.0,public,True,81.5,100.0,74.33,B,Pass
235,female,group E,some college,standard,False,9.6,6.6,83.0,77.0,53.0,international,True,94.1,100.0,71.0,B,Pass
236,male,group B,bachelor degree,standard,True,5.7,9.1,84.0,64.0,74.0,public,True,87.8,100.0,74.0,B,Pass
237,female,group B,associate degree,standard,False,3.3,8.5,87.0,79.0,84.0,private,False,78.2,100.0,83.33,B,Pass
238,male,group E,high school,free/reduced,True,8.1,5.4,80.0,56.0,65.0,public,True,82.7,100.0,67.0,C,Pass
239,male,group B,high school,standard,False,9.6,9.8,78.0,49.0,89.0,international,True,80.5,100.0,72.0,B,Pass
240,male,group B,associate degree,standard,False,11.2,7.2,89.0,100.0,61.0,public,True,92.6,100.0,83.33,B,Pass
241,male,group E,high school,standard,True,7.2,6.8,62.0,67.0,76.0,international,True,78.4,100.0,68.33,C,Pass
242,female,group C,some college,standard,False,6.3,7.2,56.0,76.0,71.0,public,False,81.4,100.0,67.67,C,Pass
243,male,group E,bachelor degree,free/reduced,True,5.2,8.3,44.0,75.0,77.0,international,True,83.7,100.0,65.33,C,Pass
244,male,group A,associate degree,standard,True,4.5,8.2,63.0,96.0,95.0,public,True,93.2,100.0,84.67,B,Pass
245,female,group C,high school,standard,False,9.9,6.0,64.0,71.0,74.0,private,True,76.7,100.0,69.67,C,Pass
246,male,group B,high school,standard,False,11.4,7.2,100.0,70.0,42.0,public,False,81.6,100.0,70.67,B,Pass
247,male,group C,master degree,standard,False,6.9,7.2,64.0,72.0,95.0,public,True,83.4,100.0,77.0,B,Pass
248,male,group D,some college,standard,False,4.0,8.7,75.0,47.0,70.0,public,True,77.3,100.0,64.0,C,Pass
249,female,group D,high school,standard,False,9.6,6.6,51.0,64.0,43.0,public,True,84.9,100.0,52.67,D,Pass
250,female,group E,high school,standard,False,9.7,7.2,65.0,83.0,71.0,private,True,86.2,100.0,73.0,B,Pass
251,female,group D,master degree,free/reduced,False,10.5,6.1,70.0,73.0,63.0,private,True,76.2,100.0,68.67,C,Pass
252,female,group C,high school,standard,True,9.4,6.6,51.0,74.0,36.0,public,True,81.1,100.0,53.67,D,Pass
253,male,group C,some college,free/reduced,False,15.5,9.4,75.0,76.0,87.0,public,True,97.3,100.0,79.33,B,Pass
254,female,group E,high school,standard,False,2.1,8.8,66.0,77.0,46.0,public,False,85.4,100.0,63.0,C,Pass
255,female,group A,associate degree,free/reduced,True,1.9,9.2,72.0,91.0,75.0,public,False,79.1,100.0,79.33,B,Pass
256,female,group C,bachelor degree,free/reduced,True,4.0,7.0,77.0,55.0,65.0,private,True,78.8,100.0,65.67,C,Pass
257,female,group C,master degree,standard,True,9.5,8.5,71.0,64.0,74.0,public,False,89.2,100.0,69.67,C,Pass
258,male,group E,some college,free/reduced,True,12.1,7.7,64.0,71.0,70.0,public,True,78.8,100.0,68.33,C,Pass
259,male,group E,master degree,free/reduced,False,14.0,8.8,65.0,58.0,84.0,private,True,84.8,100.0,69.0,C,Pass
260,female,group E,high school,standard,False,11.2,7.1,78.0,68.0,76.0,private,True,88.5,100.0,74.0,B,Pass
261,female,group A,high school,standard,True,9.6,4.4,82.0,67.0,82.0,public,True,81.2,100.0,77.0,B,Pass
262,male,group B,associate degree,free/reduced,False,17.1,7.0,77.0,59.0,79.0,public,True,83.4,100.0,71.67,B,Pass
263,male,group B,high school,free/reduced,True,8.8,6.2,100.0,71.0,70.0,public,True,70.9,100.0,80.33,B,Pass
264,male,group E,some college,free/reduced,False,15.9,7.4,61.0,93.0,72.0,public,True,80.0,100.0,75.33,B,Pass
265,female,group B,high school,standard,False,0.0,7.7,80.0,94.0,85.0,public,True,88.3,100.0,86.33,A,Pass
266,female,group A,high school,standard,False,17.5,5.3,60.0,57.0,63.0,private,True,72.8,100.0,60.0,C,Pass
267,female,group B,high school,standard,False,15.0,8.7,61.0,66.0,74.0,private,True,90.0,100.0,67.0,C,Pass
268,female,group C,associate degree,standard,True,2.8,6.8,53.0,95.0,85.0,private,True,78.9,100.0,77.67,B,Pass
269,male,group D,high school,standard,False,9.6,8.3,46.0,89.0,75.0,private,True,80.8,100.0,70.0,B,Pass
270,female,group A,high school,standard,True,12.7,8.4,50.0,66.0,85.0,international,True,82.5,100.0,67.0,C,Pass
271,male,group E,bachelor degree,standard,False,6.4,7.6,71.0,65.0,79.0,public,True,90.9,100.0,71.67,B,Pass
272,female,group E,high school,standard,True,9.6,7.4,66.0,71.0,62.0,public,True,74.2,100.0,66.33,C,Pass
273,male,group B,high school,standard,False,14.2,7.2,70.0,79.0,82.0,public,True,91.6,100.0,77.0,B,Pass
274,female,group D,high school,standard,False,1.8,9.9,74.0,100.0,66.0,public,True,87.1,100.0,80.0,B,Pass
275,female,group E,some college,free/reduced,True,15.7,7.9,76.0,87.0,94.0,public,False,84.4,100.0,85.67,A,Pass
276,male,group D,associate degree,standard,True,9.6,7.8,50.0,49.0,65.0,public,True,79.2,100.0,54.67,D,Pass
277,female,group E,some college,standard,False,9.6,6.9,58.0,72.0,79.0,public,True,83.9,100.0,69.67,C,Pass
278,male,group E,high school,standard,False,11.6,7.2,56.0,77.0,76.0,private,True,79.9,100.0,69.67,C,Pass
279,male,group E,some college,standard,True,8.4,9.4,87.0,97.0,57.0,public,True,87.5,100.0,80.33,B,Pass
280,female,group A,high school,standard,True,8.8,7.5,79.0,81.0,59.0,public,True,82.3,100.0,73.0,B,Pass
281,female,group D,some college,free/reduced,False,15.5,6.9,67.0,80.0,58.0,private,True,82.9,100.0,68.33,C,Pass
282,male,group B,associate degree,free/reduced,False,14.6,8.8,83.0,63.0,71.0,public,True,87.1,100.0,72.33,B,Pass
283,female,group E,high school,standard,True,8.9,7.0,84.0,65.0,62.0,private,False,91.1,100.0,70.33,B,Pass
284,female,group A,some college,standard,False,9.0,5.6,47.0,51.0,78.0,public,True,72.3,100.0,58.67,C,Pass
285,male,group B,bachelor degree,free/reduced,True,9.3,6.8,80.0,89.0,68.0,public,True,97.3,100.0,79.0,B,Pass
286,male,group B,high school,standard,False,12.9,6.3,79.0,79.0,68.0,private,True,75.4,100.0,75.33,B,Pass
287,male,group E,associate degree,free/reduced,False,19.7,7.1,79.0,71.0,81.0,private,True,84.9,100.0,77.0,B,Pass
288,male,group C,bachelor degree,standard,True,11.4,7.5,68.0,67.0,65.0,public,True,84.6,100.0,66.67,C,Pass
289,female,group D,some college,standard,True,9.6,7.2,80.0,69.0,65.0,public,True,84.9,100.0,71.33,B,Pass
290,female,group C,bachelor degree,standard,True,13.3,9.2,66.0,65.0,79.0,international,True,79.9,100.0,70.0,B,Pass
291,female,group A,associate degree,free/reduced,False,16.6,7.5,68.0,62.0,59.0,public,True,79.2,100.0,63.0,C,Pass
292,female,group E,some college,standard,True,2.1,6.7,49.0,75.0,58.0,public,True,76.8,100.0,60.67,C,Pass
293,male,group C,high school,free/reduced,True,13.9,7.2,45.0,71.0,71.0,private,True,77.0,100.0,62.33,C,Pass
294,male,group C,some college,standard,False,5.5,7.7,41.0,73.0,71.0,private,False,83.8,100.0,61.67,C,Pass
295,male,group E,high school,standard,False,9.6,7.5,31.0,86.0,51.0,private,True,79.2,100.0,56.0,C,Pass
296,male,group D,some college,free/reduced,False,11.7,7.2,72.0,80.0,39.0,private,True,77.0,100.0,63.67,C,Pass
297,male,group B,some college,standard,False,9.1,7.2,39.0,66.0,48.0,private,True,79.9,100.0,51.0,D,Pass
298,female,group D,some college,standard,True,9.6,6.4,60.0,65.0,79.0,private,True,83.7,100.0,68.0,C,Pass
299,male,group C,bachelor degree,standard,True,9.6,7.5,80.0,58.0,60.0,public,True,85.5,100.0,66.0,C,Pass
300,male,group B,high school,standard,True,6.2,7.3,78.0,71.0,72.0,public,True,87.5,100.0,73.67,B,Pass
301,female,group E,high school,free/reduced,True,0.0,9.4,66.0,77.0,97.0,public,True,82.9,100.0,80.0,B,Pass
302,female,group E,high school,standard,False,9.6,8.4,69.0,55.0,76.0,public,True,78.9,100.0,66.67,C,Pass
303,female,group E,some college,standard,True,7.1,8.2,46.0,75.0,58.0,public,True,82.6,100.0,59.67,C,Pass
304,male,group B,associate degree,free/reduced,True,8.9,6.3,84.0,81.0,64.0,public,True,88.6,100.0,76.33,B,Pass
305,female,group A,high school,free/reduced,False,16.0,5.4,83.0,69.0,70.0,public,True,84.5,100.0,74.0,B,Pass
306,female,group B,master degree,free/reduced,False,7.0,7.4,70.0,57.0,56.0,public,True,80.0,100.0,61.0,C,Pass
307,male,group C,high school,free/reduced,True,6.7,4.8,64.0,90.0,73.0,public,True,91.7,100.0,75.67,B,Pass
308,female,group D,high school,standard,True,10.3,8.4,78.0,97.0,75.0,private,True,85.4,100.0,83.33,B,Pass
309,female,group A,high school,free/reduced,True,13.4,8.9,72.0,76.0,96.0,public,True,90.3,100.0,81.33,B,Pass
310,male,group C,high school,standard,True,9.6,8.2,63.0,86.0,70.0,public,True,83.2,100.0,73.0,B,Pass
311,female,group E,bachelor degree,standard,False,15.0,8.0,92.0,47.0,69.0,public,False,81.6,100.0,69.33,C,Pass
312,female,group A,some college,standard,False,5.7,6.2,74.0,54.0,100.0,public,True,90.9,100.0,76.0,B,Pass
313,female,group A,some college,standard,False,11.7,4.2,86.0,74.0,84.0,public,True,91.7,100.0,81.33,B,Pass
314,female,group B,high school,free/reduced,True,9.2,6.7,33.0,68.0,75.0,private,False,82.5,100.0,58.67,C,Pass
315,female,group C,bachelor degree,standard,False,12.8,5.5,52.0,68.0,67.0,public,True,86.5,100.0,62.33,C,Pass
316,male,group D,high school,standard,False,7.0,6.2,69.0,92.0,71.0,private,True,86.0,100.0,77.33,B,Pass
317,male,group A,high school,free/reduced,True,4.5,9.2,63.0,71.0,75.0,private,True,86.1,100.0,69.67,C,Pass
318,male,group B,high school,standard,False,11.5,8.4,55.0,75.0,74.0,public,True,80.6,100.0,68.0,C,Pass
319,female,group B,some college,free/reduced,True,4.3,8.6,90.0,91.0,68.0,public,True,89.8,100.0,83.0,B,Pass
320,female,group E,high school,standard,False,2.4,10.3,74.0,73.0,65.0,public,True,82.6,100.0,70.67,B,Pass
321,male,group A,high school,standard,True,11.2,8.0,97.0,71.0,93.0,public,True,90.2,100.0,87.0,A,Pass
322,male,group A,bachelor degree,standard,True,12.0,7.0,79.0,64.0,71.0,public,True,86.4,100.0,71.33,B,Pass
323,female,group C,bachelor degree,free/reduced,True,9.6,5.3,77.0,73.0,49.0,public,True,77.4,100.0,66.33,C,Pass
324,female,group E,high school,standard,True,11.6,6.4,52.0,47.0,63.0,public,True,87.1,100.0,54.0,D,Pass
325,female,group B,high school,standard,False,4.6,6.9,86.0,71.0,88.0,public,True,82.6,100.0,81.67,B,Pass
326,female,group B,bachelor degree,standard,False,6.6,6.1,90.0,61.0,54.0,private,True,76.3,100.0,68.33,C,Pass
327,female,group D,high school,standard,False,9.6,6.7,41.0,88.0,42.0,public,False,83.6,100.0,57.0,C,Pass
328,female,group C,bachelor degree,standard,True,14.5,5.1,73.0,61.0,94.0,public,True,89.4,100.0,76.0,B,Pass
329,female,group B,bachelor degree,standard,False,6.4,7.5,79.0,49.0,71.0,public,True,84.7,100.0,66.33,C,Pass
330,female,group B,some college,free/reduced,True,4.9,7.4,41.0,64.0,63.0,private,True,80.5,100.0,56.0,C,Pass
331,female,group E,some college,free/reduced,True,8.6,6.7,77.0,83.0,66.0,public,True,85.1,100.0,75.33,B,Pass
332,male,group E,some college,free/reduced,True,8.7,7.7,95.0,66.0,64.0,private,False,80.5,100.0,75.0,B,Pass
333,male,group B,some college,standard,False,17.5,5.8,73.0,74.0,71.0,public,True,84.3,100.0,72.67,B,Pass
334,male,group D,some college,free/reduced,True,0.0,9.3,61.0,74.0,92.0,public,True,81.9,100.0,75.67,B,Pass
335,female,group C,high school,standard,True,7.5,9.1,61.0,95.0,71.0,international,True,90.0,100.0,75.67,B,Pass
336,male,group E,high school,standard,False,21.2,7.2,79.0,63.0,48.0,private,True,79.6,100.0,63.33,C,Pass
337,male,group E,high school,free/reduced,True,6.0,6.6,64.0,56.0,87.0,public,True,78.5,100.0,69.0,C,Pass
338,male,group C,associate degree,standard,False,5.7,7.0,49.0,71.0,68.0,private,True,78.3,100.0,62.67,C,Pass
339,female,group C,high school,free/reduced,True,10.8,6.6,50.0,44.0,55.0,public,True,76.9,100.0,49.67,D,Pass
340,male,group A,some college,standard,True,13.2,7.6,73.0,91.0,68.0,public,True,83.1,100.0,77.33,B,Pass
341,female,group C,high school,standard,True,7.3,9.8,90.0,74.0,82.0,public,True,83.7,100.0,82.0,B,Pass
342,female,group B,high school,standard,False,11.7,5.6,93.0,85.0,66.0,private,True,88.8,100.0,81.33,B,Pass
343,female,group B,high school,standard,False,15.3,5.4,62.0,44.0,91.0,international,True,82.5,100.0,65.67,C,Pass
344,male,group D,some college,standard,True,22.7,6.7,68.0,68.0,62.0,public,True,78.9,100.0,66.0,C,Pass
345,female,group D,bachelor degree,standard,True,1.9,5.4,62.0,76.0,77.0,private,False,81.3,100.0,71.67,B,Pass
346,male,group E,high school,standard,False,9.6,6.4,43.0,79.0,44.0,public,True,78.3,100.0,55.33,C,Pass
347,male,group C,some college,standard,False,14.1,5.6,48.0,59.0,68.0,public,True,71.1,100.0,58.33,C,Pass
348,female,group B,high school,free/reduced,False,10.0,8.1,56.0,77.0,65.0,public,True,74.4,100.0,66.0,C,Pass
349,female,group B,high school,standard,True,10.8,6.5,74.0,80.0,66.0,public,True,80.7,100.0,73.33,B,Pass
350,male,group A,high school,free/reduced,False,8.2,5.8,55.0,52.0,58.0,private,True,75.9,100.0,55.0,C,Pass
351,male,group D,high school,free/reduced,True,9.5,7.0,85.0,81.0,57.0,private,True,86.3,100.0,74.33,B,Pass
352,female,group B,some college,free/reduced,False,4.5,7.2,59.0,80.0,91.0,public,False,93.0,100.0,76.67,B,Pass
353,female,group C,master degree,standard,False,10.7,8.3,73.0,79.0,60.0,private,True,87.6,100.0,70.67,B,Pass
354,male,group C,some college,standard,False,10.8,3.5,67.0,85.0,67.0,public,False,83.4,100.0,73.0,B,Pass
355,female,group D,bachelor degree,free/reduced,False,8.4,5.4,69.0,100.0,81.0,public,True,88.2,100.0,83.33,B,Pass
356,male,group D,some college,standard,True,9.1,8.6,76.0,80.0,63.0,public,True,79.2,100.0,73.0,B,Pass
357,female,group E,some college,free/reduced,True,3.0,5.4,85.0,77.0,76.0,public,True,86.6,100.0,79.33,B,Pass
358,female,group B,bachelor degree,standard,False,13.8,7.2,63.0,75.0,59.0,public,True,79.8,100.0,65.67,C,Pass
359,female,group C,high school,standard,False,13.8,6.3,76.0,71.0,100.0,public,True,89.4,100.0,82.33,B,Pass
360,male,group C,high school,free/reduced,True,8.1,7.5,100.0,64.0,50.0,public,True,79.4,100.0,71.33,B,Pass
361,female,group C,some college,standard,False,3.4,10.1,76.0,84.0,69.0,private,True,88.1,100.0,76.33,B,Pass
362,male,group B,associate degree,free/reduced,False,5.1,7.2,45.0,66.0,61.0,public,True,85.6,100.0,57.33,C,Pass
363,female,group C,bachelor degree,free/reduced,True,7.1,8.0,79.0,92.0,41.0,international,True,82.7,100.0,70.67,B,Pass
364,male,group A,associate degree,free/reduced,True,1.8,7.4,75.0,100.0,67.0,public,True,89.3,100.0,80.67,B,Pass
365,male,group A,bachelor degree,free/reduced,True,2.2,7.2,70.0,97.0,84.0,private,False,91.9,100.0,83.67,B,Pass
366,male,group E,associate degree,standard,False,11.9,7.7,74.0,71.0,68.0,public,True,81.3,100.0,71.0,B,Pass
367,male,group C,high school,free/reduced,False,15.4,6.9,58.0,64.0,64.0,public,True,80.9,100.0,62.0,C,Pass
368,male,group B,master degree,free/reduced,False,1.7,7.3,86.0,71.0,54.0,private,True,83.2,100.0,70.33,B,Pass
369,female,group D,bachelor degree,free/reduced,False,8.3,8.8,58.0,84.0,60.0,public,True,82.4,100.0,67.33,C,Pass
370,female,group E,some college,standard,True,8.5,7.2,75.0,45.0,69.0,public,True,76.3,100.0,63.0,C,Pass
371,male,group C,some college,standard,True,11.3,5.6,73.0,39.0,68.0,public,True,79.1,100.0,60.0,C,Pass
372,male,group E,high school,free/reduced,False,9.6,6.4,73.0,59.0,98.0,public,True,88.2,100.0,76.67,B,Pass
373,male,group A,associate degree,standard,False,5.6,6.3,59.0,71.0,77.0,public,True,89.7,100.0,69.0,C,Pass
374,male,group A,high school,standard,False,2.1,7.2,22.0,71.0,75.0,public,True,82.1,100.0,56.0,C,Pass
375,male,group C,associate degree,free/reduced,False,9.6,9.2,59.0,77.0,64.0,public,True,92.4,100.0,66.67,C,Pass
376,male,group A,high school,standard,True,8.7,9.1,52.0,65.0,34.0,public,True,71.3,100.0,50.33,D,Pass
377,male,group C,some college,standard,True,13.9,7.1,71.0,74.0,71.0,public,True,88.2,100.0,72.0,B,Pass
378,female,group E,high school,standard,True,9.5,8.1,45.0,71.0,64.0,private,True,79.8,100.0,60.0,C,Pass
379,male,group D,bachelor degree,standard,False,9.6,5.4,57.0,80.0,61.0,private,False,92.3,100.0,66.0,C,Pass
380,female,group B,high school,free/reduced,False,9.6,5.2,52.0,71.0,70.0,public,True,76.6,100.0,64.33,C,Pass
381,female,group B,some college,free/reduced,True,5.4,7.0,69.0,93.0,63.0,public,False,80.8,100.0,75.0,B,Pass
382,male,group C,associate degree,standard,False,9.6,5.6,58.0,70.0,76.0,public,True,79.2,100.0,68.0,C,Pass
383,female,group C,some college,standard,False,9.6,7.2,78.0,56.0,63.0,public,True,70.6,100.0,65.67,C,Pass
384,male,group A,master degree,free/reduced,False,4.5,8.5,55.0,94.0,81.0,public,True,83.0,100.0,76.67,B,Pass
385,male,group C,high school,standard,False,4.0,7.2,93.0,67.0,83.0,public,True,83.6,100.0,81.0,B,Pass
386,male,group E,associate degree,standard,True,5.7,7.9,100.0,55.0,62.0,public,True,84.7,100.0,72.33,B,Pass
387,male,group B,associate degree,standard,True,9.6,5.6,66.0,92.0,66.0,public,True,86.6,100.0,74.67,B,Pass
388,female,group B,bachelor degree,standard,False,11.9,5.7,64.0,100.0,73.0,international,False,96.0,100.0,79.0,B,Pass
389,female,group C,associate degree,standard,False,8.6,7.7,70.0,71.0,53.0,private,True,85.6,100.0,64.67,C,Pass
390,female,group E,some college,standard,True,15.7,5.9,95.0,81.0,75.0,public,True,85.6,100.0,83.67,B,Pass
391,male,group C,high school,standard,True,11.8,7.2,54.0,66.0,77.0,public,True,76.8,100.0,65.67,C,Pass
392,male,group B,high school,standard,True,9.6,8.7,90.0,59.0,80.0,public,True,88.0,100.0,76.33,B,Pass
393,female,group B,master degree,free/reduced,True,8.4,6.2,90.0,80.0,62.0,public,True,79.3,100.0,77.33,B,Pass
394,female,group C,some college,standard,False,0.9,8.1,66.0,51.0,87.0,public,True,91.4,100.0,68.0,C,Pass
395,male,group C,high school,standard,False,6.7,8.0,81.0,62.0,45.0,international,True,86.0,100.0,62.67,C,Pass
396,male,group C,bachelor degree,free/reduced,True,10.8,7.2,95.0,75.0,79.0,public,True,85.9,100.0,83.0,B,Pass
397,female,group C,high school,free/reduced,False,18.7,8.1,56.0,57.0,50.0,public,False,68.2,100.0,54.33,D,Pass
398,female,group D,associate degree,standard,False,12.7,6.5,61.0,80.0,68.0,public,True,89.6,100.0,69.67,C,Pass
399,female,group B,bachelor degree,free/reduced,True,12.1,8.6,71.0,75.0,83.0,public,True,85.0,100.0,76.33,B,Pass
400,male,group D,bachelor degree,standard,True,12.6,8.7,78.0,84.0,42.0,public,False,88.4,100.0,68.0,C,Pass
401,male,group B,some college,standard,True,10.4,7.8,55.0,74.0,86.0,public,True,75.7,100.0,71.67,B,Pass
402,male,group C,associate degree,standard,True,9.6,8.3,74.0,80.0,80.0,public,True,83.2,100.0,78.0,B,Pass
403,male,group E,some college,standard,True,19.3,6.6,78.0,65.0,90.0,public,True,86.1,100.0,77.67,B,Pass
404,female,group B,associate degree,standard,True,10.7,8.0,59.0,85.0,72.0,public,True,84.0,100.0,72.0,B,Pass
405,female,group C,associate degree,standard,False,14.2,5.6,76.0,71.0,47.0,public,True,78.6,100.0,64.67,C,Pass
406,male,group A,master degree,standard,False,11.5,7.1,95.0,87.0,69.0,private,True,91.6,100.0,83.67,B,Pass
407,female,group A,associate degree,standard,False,12.3,7.2,78.0,71.0,96.0,international,True,82.2,100.0,81.67,B,Pass
408,male,group E,high school,standard,False,6.7,5.1,85.0,64.0,47.0,international,True,80.4,100.0,65.33,C,Pass
409,male,group B,some college,standard,True,11.5,8.7,99.0,79.0,71.0,public,False,88.8,100.0,83.0,B,Pass
410,male,group C,some college,standard,False,10.1,6.7,72.0,52.0,67.0,private,True,83.0,100.0,63.67,C,Pass
411,female,group D,bachelor degree,standard,False,10.3,7.9,55.0,72.0,63.0,public,True,83.9,100.0,63.33,C,Pass
412,female,group D,high school,standard,False,15.0,7.0,60.0,75.0,66.0,international,True,76.2,100.0,67.0,C,Pass
413,male,group A,bachelor degree,free/reduced,False,8.3,6.3,54.0,49.0,64.0,public,True,69.6,100.0,55.67,C,Pass
414,male,group A,bachelor degree,standard,True,6.6,9.0,53.0,73.0,59.0,public,True,86.1,100.0,61.67,C,Pass
415,female,group E,high school,standard,True,9.6,7.1,71.0,68.0,78.0,public,True,85.6,100.0,72.33,B,Pass
416,male,group B,master degree,standard,False,0.0,7.2,62.0,78.0,75.0,private,True,79.9,100.0,71.67,B,Pass
417,female,group E,master degree,free/reduced,False,13.9,5.6,74.0,67.0,82.0,public,True,92.5,100.0,74.33,B,Pass
418,female,group E,high school,standard,False,6.0,7.2,88.0,75.0,72.0,public,True,86.9,100.0,78.33,B,Pass
419,male,group C,associate degree,standard,True,9.6,5.2,55.0,73.0,62.0,public,True,86.2,100.0,63.33,C,Pass
420,male,group E,associate degree,standard,True,4.5,6.8,70.0,72.0,71.0,public,True,83.6,100.0,71.0,B,Pass
421,female,group B,bachelor degree,standard,True,5.1,7.2,82.0,88.0,73.0,public,False,97.7,100.0,81.0,B,Pass
422,male,group A,some college,free/reduced,False,4.0,5.7,60.0,74.0,83.0,private,True,92.7,100.0,72.33,B,Pass
423,female,group B,high school,free/reduced,False,5.1,5.4,74.0,41.0,72.0,international,True,78.7,100.0,62.33,C,Pass
424,male,group B,bachelor degree,standard,True,3.0,6.1,59.0,76.0,53.0,public,True,84.9,100.0,62.67,C,Pass
425,female,group C,some college,free/reduced,True,6.0,6.7,72.0,80.0,100.0,private,True,91.8,100.0,84.0,B,Pass
426,male,group B,bachelor degree,free/reduced,True,22.2,4.8,56.0,74.0,69.0,public,True,88.4,100.0,66.33,C,Pass
427,female,group C,associate degree,free/reduced,False,8.2,8.6,47.0,100.0,87.0,private,True,81.4,100.0,78.0,B,Pass
428,male,group D,high school,standard,False,7.5,8.0,71.0,65.0,71.0,public,True,85.9,100.0,69.0,C,Pass
429,female,group B,master degree,standard,False,12.5,6.6,69.0,85.0,69.0,public,True,90.0,100.0,74.33,B,Pass
430,female,group E,high school,standard,True,8.7,7.2,63.0,51.0,57.0,private,True,69.0,100.0,57.0,C,Pass
431,male,group C,associate degree,standard,True,16.5,6.7,78.0,66.0,74.0,public,False,78.2,100.0,72.67,B,Pass
432,female,group A,bachelor degree,standard,False,13.9,6.1,68.0,70.0,77.0,public,True,73.5,100.0,71.67,B,Pass
433,female,group E,associate degree,standard,True,12.3,6.9,72.0,76.0,62.0,public,True,81.7,100.0,70.0,B,Pass
434,male,group B,high school,standard,True,4.8,7.8,66.0,81.0,50.0,international,True,84.9,100.0,65.67,C,Pass
435,male,group C,high school,standard,True,0.7,4.1,80.0,79.0,58.0,private,True,91.4,100.0,72.33,B,Pass
436,female,group E,high school,standard,True,8.9,6.6,79.0,71.0,69.0,public,True,84.4,100.0,73.0,B,Pass
437,female,group B,master degree,standard,True,9.6,6.2,66.0,96.0,83.0,public,False,95.8,100.0,81.67,B,Pass
438,female,group B,some college,standard,False,0.0,6.6,76.0,52.0,64.0,public,True,73.7,100.0,64.0,C,Pass
439,male,group C,some college,standard,True,19.0,7.9,72.0,70.0,90.0,public,True,77.4,100.0,77.33,B,Pass
440,male,group E,bachelor degree,standard,False,3.8,5.0,61.0,65.0,66.0,public,True,80.3,100.0,64.0,C,Pass
441,male,group D,bachelor degree,free/reduced,False,12.7,7.2,42.0,81.0,100.0,public,True,86.7,100.0,74.33,B,Pass
442,female,group A,high school,standard,False,12.0,6.6,51.0,71.0,59.0,public,True,78.8,100.0,60.33,C,Pass
443,female,group E,some college,free/reduced,False,13.4,8.2,99.0,73.0,86.0,public,True,79.1,100.0,86.0,A,Pass
444,male,group E,bachelor degree,standard,False,4.1,6.2,67.0,78.0,92.0,private,True,86.2,100.0,79.0,B,Pass
445,female,group C,high school,standard,True,14.2,7.3,72.0,86.0,81.0,private,True,80.3,100.0,79.67,B,Pass
446,male,group E,high school,free/reduced,False,7.6,6.5,73.0,76.0,75.0,public,True,88.2,100.0,74.67,B,Pass
447,female,group E,high school,free/reduced,False,10.6,5.5,71.0,71.0,62.0,public,True,84.0,100.0,68.0,C,Pass
448,male,group B,some college,standard,False,13.5,8.0,78.0,68.0,66.0,public,True,78.6,100.0,70.67,B,Pass
449,female,group D,high school,free/reduced,False,22.6,7.3,75.0,78.0,64.0,public,True,81.4,100.0,72.33,B,Pass
450,female,group E,high school,standard,True,1.4,7.1,72.0,48.0,62.0,public,True,74.0,100.0,60.67,C,Pass
451,male,group D,high school,standard,True,9.6,8.3,63.0,61.0,69.0,public,False,80.4,100.0,64.33,C,Pass
452,female,group A,bachelor degree,free/reduced,True,0.0,9.5,68.0,84.0,70.0,private,True,89.4,100.0,74.0,B,Pass
453,female,group E,some college,standard,True,9.6,8.2,66.0,98.0,87.0,public,True,83.5,100.0,83.67,B,Pass
454,male,group D,associate degree,free/reduced,False,3.2,9.0,80.0,63.0,62.0,international,False,84.9,100.0,68.33,C,Pass
455,male,group C,high school,standard,True,5.0,7.2,86.0,57.0,59.0,private,True,79.3,100.0,67.33,C,Pass
456,female,group A,some college,standard,True,11.3,7.1,100.0,51.0,93.0,private,True,83.6,100.0,81.33,B,Pass
457,female,group D,high school,free/reduced,False,4.7,10.2,64.0,71.0,78.0,public,True,82.7,100.0,71.0,B,Pass
458,male,group E,bachelor degree,standard,False,15.2,6.3,73.0,71.0,73.0,international,True,78.6,100.0,72.33,B,Pass
459,male,group B,high school,standard,True,11.0,5.6,58.0,67.0,79.0,public,False,79.4,100.0,68.0,C,Pass
460,male,group D,high school,free/reduced,True,6.0,6.2,71.0,70.0,74.0,private,True,77.7,100.0,71.67,B,Pass
461,female,group D,bachelor degree,free/reduced,False,11.3,5.2,34.0,45.0,71.0,public,True,84.7,100.0,50.0,D,Pass
462,male,group A,high school,standard,True,9.6,8.8,72.0,84.0,74.0,private,True,85.8,100.0,76.67,B,Pass
463,female,group C,high school,standard,False,13.9,8.2,65.0,72.0,56.0,public,True,77.2,100.0,64.33,C,Pass
464,male,group C,high school,free/reduced,True,7.6,4.8,50.0,87.0,69.0,public,True,83.5,100.0,68.67,C,Pass
465,female,group E,some college,standard,False,16.2,7.2,84.0,71.0,91.0,international,True,87.2,100.0,82.0,B,Pass
466,male,group D,bachelor degree,standard,True,12.0,5.1,54.0,73.0,71.0,private,True,80.3,100.0,66.0,C,Pass
467,male,group D,high school,free/reduced,False,6.6,8.5,65.0,73.0,61.0,public,True,84.6,100.0,66.33,C,Pass
468,female,group C,master degree,free/reduced,False,13.1,7.5,72.0,65.0,84.0,international,True,88.3,100.0,73.67,B,Pass
469,male,group A,high school,free/reduced,True,13.5,7.8,46.0,63.0,89.0,public,True,78.7,100.0,66.0,C,Pass
470,male,group E,high school,free/reduced,True,5.4,8.7,91.0,100.0,73.0,private,True,87.3,100.0,88.0,A,Pass
471,male,group E,some college,standard,False,7.0,6.1,69.0,63.0,62.0,private,True,79.5,100.0,64.67,C,Pass
472,female,group B,associate degree,free/reduced,True,17.8,9.1,69.0,98.0,73.0,public,False,75.5,100.0,80.0,B,Pass
473,male,group C,associate degree,free/reduced,False,9.6,7.2,53.0,68.0,44.0,public,True,69.4,100.0,55.0,C,Pass
474,female,group A,high school,free/reduced,False,9.6,5.2,61.0,45.0,74.0,international,True,85.8,100.0,60.0,C,Pass
475,male,group E,high school,standard,True,6.3,7.5,78.0,61.0,74.0,public,True,91.6,100.0,71.0,B,Pass
476,female,group E,high school,standard,True,3.5,9.2,85.0,52.0,48.0,international,True,78.4,100.0,61.67,C,Pass
477,male,group E,master degree,standard,True,9.9,9.5,86.0,68.0,73.0,private,True,88.1,100.0,75.67,B,Pass
478,male,group C,some college,standard,False,10.4,4.4,75.0,71.0,71.0,private,False,85.4,100.0,72.33,B,Pass
479,female,group D,high school,standard,False,3.4,6.5,69.0,86.0,97.0,public,True,100.0,100.0,84.0,B,Pass
480,male,group D,some college,standard,False,9.4,6.8,63.0,71.0,67.0,public,True,87.3,100.0,67.0,C,Pass
481,male,group E,bachelor degree,standard,True,9.6,7.3,76.0,56.0,74.0,international,True,81.8,100.0,68.67,C,Pass
482,male,group D,high school,free/reduced,False,8.7,8.3,63.0,75.0,54.0,public,True,75.8,100.0,64.0,C,Pass
483,male,group D,some college,standard,True,6.2,6.2,44.0,79.0,53.0,private,True,70.4,100.0,58.67,C,Pass
484,male,group E,high school,standard,False,11.5,7.2,43.0,74.0,77.0,public,False,81.9,100.0,64.67,C,Pass
485,female,group A,high school,free/reduced,False,7.5,6.4,55.0,56.0,63.0,public,True,74.4,100.0,58.0,C,Pass
486,female,group C,bachelor degree,standard,True,3.4,5.9,79.0,69.0,54.0,private,True,74.8,100.0,67.33,C,Pass
487,male,group D,bachelor degree,free/reduced,False,7.0,5.7,46.0,50.0,88.0,public,True,76.3,100.0,61.33,C,Pass
488,male,group E,bachelor degree,free/reduced,True,19.7,8.6,77.0,67.0,58.0,private,True,76.5,100.0,67.33,C,Pass
489,female,group B,associate degree,free/reduced,False,8.6,8.9,100.0,41.0,55.0,public,True,89.6,100.0,65.33,C,Pass
490,female,group A,high school,standard,False,13.6,6.2,72.0,71.0,40.0,public,False,83.7,100.0,61.0,C,Pass
491,male,group C,some college,standard,False,10.2,6.7,79.0,75.0,71.0,public,True,84.8,100.0,75.0,B,Pass
492,female,group D,master degree,standard,False,6.3,4.5,100.0,65.0,82.0,public,True,95.3,100.0,82.33,B,Pass
493,female,group D,high school,standard,False,10.6,7.8,81.0,60.0,88.0,public,True,85.9,100.0,76.33,B,Pass
494,female,group C,some college,standard,True,4.9,9.7,68.0,71.0,84.0,public,True,80.3,100.0,74.33,B,Pass
495,female,group B,high school,free/reduced,False,6.5,9.6,77.0,68.0,79.0,public,False,92.5,100.0,74.67,B,Pass
496,female,group B,some college,free/reduced,False,15.3,8.4,62.0,71.0,63.0,public,True,83.7,100.0,65.33,C,Pass
497,female,group E,high school,standard,True,9.6,8.3,68.0,71.0,61.0,public,True,76.3,100.0,66.67,C,Pass
498,male,group E,high school,free/reduced,False,4.3,7.2,37.0,92.0,86.0,private,True,82.7,100.0,71.67,B,Pass
499,female,group C,high school,standard,False,9.4,8.7,62.0,78.0,58.0,private,True,77.0,100.0,66.0,C,Pass
500,male,group B,high school,standard,False,7.7,6.5,79.0,80.0,87.0,public,True,80.9,100.0,82.0,B,Pass
501,female,group B,some college,standard,True,4.4,8.9,61.0,97.0,86.0,public,True,92.2,100.0,81.33,B,Pass
502,female,group B,some college,free/reduced,False,10.8,5.5,97.0,97.0,62.0,public,True,98.7,100.0,85.33,A,Pass
503,male,group D,associate degree,standard,True,19.0,7.2,78.0,87.0,70.0,private,True,79.3,100.0,78.33,B,Pass
504,female,group A,high school,free/reduced,True,9.6,6.3,69.0,78.0,64.0,private,True,85.9,100.0,70.33,B,Pass
505,female,group E,high school,standard,False,6.5,8.3,87.0,67.0,88.0,public,True,84.0,100.0,80.67,B,Pass
506,male,group E,high school,free/reduced,True,9.6,5.7,83.0,62.0,70.0,public,True,81.2,100.0,71.67,B,Pass
507,male,group D,high school,free/reduced,True,5.3,8.3,64.0,72.0,56.0,public,True,77.6,100.0,64.0,C,Pass
508,male,group B,some college,free/reduced,True,8.7,6.0,55.0,71.0,79.0,public,True,78.0,100.0,68.33,C,Pass
509,female,group E,high school,standard,False,9.1,5.0,74.0,86.0,83.0,public,True,87.6,100.0,81.0,B,Pass
510,male,group D,some college,free/reduced,False,3.0,5.9,50.0,76.0,61.0,public,True,75.8,100.0,62.33,C,Pass
511,male,group C,bachelor degree,standard,False,11.0,7.8,68.0,69.0,88.0,private,False,86.4,100.0,75.0,B,Pass
512,female,group D,associate degree,standard,False,6.3,7.2,77.0,61.0,81.0,private,True,83.9,100.0,73.0,B,Pass
513,male,group C,high school,free/reduced,False,9.0,7.9,59.0,65.0,55.0,public,True,77.7,100.0,59.67,C,Pass
514,female,group B,some college,standard,True,5.1,4.7,61.0,70.0,77.0,public,True,78.2,100.0,69.33,C,Pass
515,male,group B,master degree,free/reduced,False,13.0,6.6,38.0,67.0,87.0,public,True,77.7,100.0,64.0,C,Pass
516,male,group E,associate degree,standard,False,10.8,7.2,52.0,62.0,49.0,private,False,80.5,100.0,54.33,D,Pass
517,female,group E,high school,standard,False,9.6,8.6,86.0,57.0,62.0,public,True,84.8,100.0,68.33,C,Pass
518,male,group E,some college,free/reduced,True,9.8,7.1,70.0,49.0,60.0,public,True,74.0,100.0,59.67,C,Pass
519,male,group C,bachelor degree,free/reduced,False,10.7,8.8,68.0,71.0,81.0,public,True,84.7,100.0,73.33,B,Pass
520,male,group D,bachelor degree,standard,False,9.6,7.3,39.0,65.0,55.0,public,True,80.0,100.0,53.0,D,Pass
521,male,group C,associate degree,standard,False,9.5,7.6,45.0,59.0,52.0,international,True,67.5,100.0,52.0,D,Pass
522,male,group C,some college,standard,False,7.9,7.6,61.0,79.0,68.0,public,True,85.5,100.0,69.33,C,Pass
523,male,group C,high school,standard,True,2.7,8.6,67.0,66.0,78.0,private,True,79.8,100.0,70.33,B,Pass
524,male,group C,bachelor degree,free/reduced,False,8.0,6.6,70.0,94.0,81.0,international,True,90.5,100.0,81.67,B,Pass
525,female,group E,bachelor degree,standard,False,9.3,6.2,59.0,77.0,81.0,public,True,80.1,100.0,72.33,B,Pass
526,female,group A,high school,standard,False,0.0,9.0,74.0,71.0,52.0,private,True,72.1,100.0,65.67,C,Pass
527,female,group C,high school,standard,True,16.5,8.0,84.0,87.0,63.0,public,True,78.1,100.0,78.0,B,Pass
528,female,group C,bachelor degree,free/reduced,False,15.3,7.1,72.0,62.0,77.0,public,True,83.4,100.0,70.33,B,Pass
529,female,group C,associate degree,standard,True,3.1,7.9,73.0,78.0,97.0,public,True,89.4,100.0,82.67,B,Pass
530,male,group E,associate degree,free/reduced,False,8.5,8.8,71.0,75.0,83.0,public,True,81.0,100.0,76.33,B,Pass
531,male,group C,some college,standard,True,6.9,8.7,68.0,68.0,81.0,public,True,87.1,100.0,72.33,B,Pass
532,female,group E,some college,standard,True,7.2,8.1,58.0,74.0,77.0,international,True,74.6,100.0,69.67,C,Pass
533,male,group B,bachelor degree,standard,True,11.3,7.3,52.0,67.0,87.0,private,True,82.1,100.0,68.67,C,Pass
534,female,group B,master degree,standard,False,17.3,5.7,70.0,99.0,68.0,public,True,80.5,100.0,79.0,B,Pass
535,male,group E,high school,free/reduced,True,10.4,7.2,83.0,63.0,79.0,public,True,81.7,100.0,75.0,B,Pass
536,female,group E,master degree,standard,False,12.1,5.9,100.0,69.0,69.0,public,True,87.0,100.0,79.33,B,Pass
537,female,group E,high school,free/reduced,False,11.2,8.3,86.0,71.0,70.0,private,True,81.0,100.0,75.67,B,Pass
538,male,group A,some college,standard,False,10.7,4.8,83.0,66.0,77.0,public,True,83.2,100.0,75.33,B,Pass
539,female,group A,high school,free/reduced,False,14.5,8.3,40.0,85.0,60.0,private,True,84.7,100.0,61.67,C,Pass
540,female,group B,high school,free/reduced,True,6.2,7.3,72.0,82.0,82.0,private,True,83.6,100.0,78.67,B,Pass
541,male,group C,high school,free/reduced,True,6.0,4.7,100.0,71.0,78.0,public,True,92.2,100.0,83.0,B,Pass
542,male,group E,bachelor degree,standard,True,3.9,7.1,51.0,66.0,54.0,public,True,72.2,100.0,57.0,C,Pass
543,female,group A,high school,standard,True,11.4,6.7,73.0,68.0,50.0,private,True,83.1,100.0,63.67,C,Pass
544,male,group C,high school,free/reduced,True,11.3,7.5,47.0,73.0,81.0,public,True,89.0,100.0,67.0,C,Pass
545,female,group C,some college,free/reduced,True,7.9,7.0,84.0,100.0,79.0,public,True,77.7,100.0,87.67,A,Pass
546,female,group B,bachelor degree,free/reduced,True,3.4,5.7,87.0,74.0,72.0,private,True,82.1,100.0,77.67,B,Pass
547,male,group B,some college,free/reduced,False,22.8,6.6,97.0,67.0,90.0,public,True,91.8,100.0,84.67,B,Pass
548,male,group E,high school,standard,True,3.8,8.9,76.0,55.0,76.0,international,True,81.6,100.0,69.0,C,Pass
549,male,group E,master degree,free/reduced,True,12.7,7.2,47.0,73.0,86.0,public,True,84.3,100.0,68.67,C,Pass
550,male,group D,bachelor degree,free/reduced,True,12.2,7.6,46.0,70.0,66.0,international,True,76.2,100.0,60.67,C,Pass
551,male,group E,some college,standard,True,9.6,8.7,83.0,65.0,78.0,public,True,85.6,100.0,75.33,B,Pass
552,male,group C,some college,standard,False,3.1,8.2,85.0,88.0,100.0,private,True,90.6,100.0,91.0,A,Pass
553,male,group E,associate degree,standard,False,5.4,6.8,68.0,61.0,66.0,public,True,86.8,100.0,65.0,C,Pass
554,male,group B,bachelor degree,standard,False,1.8,7.2,75.0,70.0,94.0,public,True,88.1,100.0,79.67,B,Pass
555,male,group E,associate degree,standard,True,11.3,4.5,61.0,53.0,67.0,public,True,80.8,100.0,60.33,C,Pass
556,female,group C,associate degree,free/reduced,False,18.6,7.9,81.0,66.0,71.0,public,False,81.9,100.0,72.67,B,Pass
557,male,group D,high school,standard,True,3.3,8.4,76.0,71.0,59.0,private,True,79.9,100.0,68.67,C,Pass
558,male,group E,high school,standard,False,9.6,6.3,74.0,40.0,67.0,public,True,77.0,100.0,60.33,C,Pass
559,female,group E,some college,standard,True,14.2,7.2,81.0,53.0,71.0,public,True,84.2,100.0,68.33,C,Pass
560,male,group A,bachelor degree,standard,True,16.5,6.6,74.0,57.0,74.0,public,True,80.2,100.0,68.33,C,Pass
561,male,group B,master degree,standard,True,12.9,8.7,60.0,94.0,63.0,public,False,85.4,100.0,72.33,B,Pass
562,female,group C,some college,standard,False,9.0,7.2,70.0,62.0,85.0,public,True,94.3,100.0,72.33,B,Pass
563,male,group E,high school,standard,True,10.4,5.9,70.0,49.0,80.0,public,False,85.9,100.0,66.33,C,Pass
564,male,group C,high school,free/reduced,True,15.9,9.3,67.0,53.0,66.0,public,True,78.2,100.0,62.0,C,Pass
565,female,group C,high school,standard,False,17.4,8.0,68.0,67.0,90.0,public,True,91.0,100.0,75.0,B,Pass
566,female,group D,high school,standard,False,15.3,6.4,73.0,78.0,74.0,private,True,83.0,100.0,75.0,B,Pass
567,female,group D,associate degree,standard,False,12.5,5.7,72.0,84.0,80.0,public,True,76.3,100.0,78.67,B,Pass
568,male,group C,some college,free/reduced,True,8.8,6.1,64.0,96.0,70.0,private,True,80.6,100.0,76.67,B,Pass
569,male,group B,bachelor degree,free/reduced,True,8.4,8.6,50.0,69.0,81.0,public,True,72.3,100.0,66.67,C,Pass
570,female,group A,high school,standard,False,6.3,6.3,81.0,72.0,85.0,public,True,85.0,100.0,79.33,B,Pass
571,male,group C,bachelor degree,free/reduced,True,10.3,8.1,53.0,97.0,79.0,private,True,85.6,100.0,76.33,B,Pass
572,male,group D,some college,standard,False,18.3,7.5,100.0,72.0,62.0,public,True,94.6,100.0,78.0,B,Pass
573,female,group B,high school,standard,False,11.5,7.8,75.0,50.0,73.0,private,False,83.0,100.0,66.0,C,Pass
574,female,group E,bachelor degree,standard,False,15.8,6.7,60.0,78.0,57.0,public,True,79.9,100.0,65.0,C,Pass
575,male,group C,high school,standard,False,13.0,8.1,61.0,98.0,97.0,private,True,93.3,100.0,85.33,A,Pass
576,male,group B,associate degree,standard,True,4.9,6.8,82.0,100.0,85.0,public,True,79.5,100.0,89.0,A,Pass
577,female,group B,associate degree,standard,True,16.0,6.8,76.0,68.0,62.0,public,True,83.6,100.0,68.67,C,Pass
578,female,group A,associate degree,standard,False,9.5,5.0,68.0,70.0,62.0,public,True,85.5,100.0,66.67,C,Pass
579,female,group D,associate degree,standard,True,9.6,7.2,82.0,78.0,88.0,public,True,80.7,100.0,82.67,B,Pass
580,male,group E,master degree,free/reduced,False,7.7,7.5,64.0,61.0,51.0,private,True,84.2,100.0,58.67,C,Pass
581,male,group C,some college,standard,True,8.9,7.2,67.0,64.0,94.0,public,True,86.7,100.0,75.0,B,Pass
582,male,group B,high school,standard,True,9.6,7.5,74.0,84.0,71.0,private,True,83.3,100.0,76.33,B,Pass
583,female,group D,master degree,standard,False,5.8,4.5,48.0,64.0,48.0,private,True,79.5,100.0,53.33,D,Pass
584,female,group D,associate degree,standard,False,10.4,8.9,62.0,71.0,77.0,public,True,94.2,100.0,70.0,B,Pass
585,male,group E,master degree,standard,False,8.8,6.8,78.0,78.0,60.0,public,True,84.7,100.0,72.0,B,Pass
586,female,group A,some college,free/reduced,False,20.3,7.4,39.0,86.0,73.0,public,True,82.6,100.0,66.0,C,Pass
587,male,group B,associate degree,standard,False,2.8,8.9,69.0,78.0,69.0,public,True,81.5,100.0,72.0,B,Pass
588,female,group C,high school,free/reduced,False,11.8,7.8,60.0,93.0,70.0,private,True,80.5,100.0,74.33,B,Pass
589,female,group C,bachelor degree,standard,False,10.5,8.6,59.0,67.0,67.0,public,True,84.9,100.0,64.33,C,Pass
590,male,group D,bachelor degree,free/reduced,True,7.5,7.0,52.0,55.0,77.0,public,True,75.3,100.0,61.33,C,Pass
591,female,group D,bachelor degree,free/reduced,False,0.0,8.0,85.0,72.0,80.0,public,False,87.0,100.0,79.0,B,Pass
592,female,group C,bachelor degree,standard,False,2.5,8.2,52.0,54.0,90.0,private,True,78.7,100.0,65.33,C,Pass
593,female,group A,associate degree,standard,True,7.0,6.8,80.0,89.0,67.0,public,True,88.9,100.0,78.67,B,Pass
594,female,group E,high school,standard,False,9.6,5.7,66.0,60.0,89.0,public,True,85.3,100.0,71.67,B,Pass
595,female,group B,high school,standard,False,7.6,7.1,49.0,71.0,72.0,public,True,85.7,100.0,64.0,C,Pass
596,male,group A,bachelor degree,standard,False,5.2,7.2,56.0,68.0,68.0,private,True,78.0,100.0,64.0,C,Pass
597,female,group A,bachelor degree,standard,False,2.8,7.0,62.0,71.0,60.0,public,True,79.3,100.0,64.33,C,Pass
598,male,group B,high school,standard,True,0.0,7.1,47.0,91.0,69.0,public,True,77.7,100.0,69.0,C,Pass
599,female,group B,high school,standard,False,3.5,7.5,79.0,71.0,65.0,private,False,81.3,100.0,71.67,B,Pass
600,female,group D,some college,standard,True,5.3,8.7,58.0,62.0,86.0,public,True,84.4,100.0,68.67,C,Pass
601,female,group C,master degree,standard,False,7.9,7.6,54.0,49.0,76.0,public,True,82.7,100.0,59.67,C,Pass
602,male,group D,master degree,standard,True,10.8,8.4,68.0,84.0,85.0,public,True,82.0,100.0,79.0,B,Pass
603,female,group D,high school,free/reduced,True,11.1,10.5,59.0,63.0,71.0,public,True,84.9,100.0,64.33,C,Pass
604,female,group B,associate degree,free/reduced,True,5.4,6.9,69.0,62.0,93.0,public,False,91.6,100.0,74.67,B,Pass
605,male,group E,master degree,standard,True,13.6,7.6,81.0,77.0,71.0,public,True,87.5,100.0,76.33,B,Pass
606,female,group B,some college,free/reduced,True,9.6,7.5,91.0,91.0,81.0,public,True,99.5,100.0,87.67,A,Pass
607,female,group E,bachelor degree,free/reduced,True,7.6,6.0,71.0,92.0,81.0,international,True,83.7,100.0,81.33,B,Pass
608,male,group A,some college,free/reduced,True,3.8,9.5,50.0,77.0,54.0,public,True,72.9,100.0,60.33,C,Pass
609,female,group E,high school,standard,True,2.9,7.7,100.0,64.0,94.0,public,True,80.5,100.0,86.0,A,Pass
610,female,group D,master degree,standard,False,4.5,6.9,72.0,88.0,96.0,private,True,96.6,100.0,85.33,A,Pass
611,female,group B,some college,standard,True,9.6,6.7,100.0,93.0,77.0,public,True,94.3,100.0,90.0,A,Pass
612,female,group D,some college,standard,False,17.3,6.4,100.0,53.0,58.0,international,True,82.9,100.0,70.33,B,Pass
613,male,group C,high school,standard,True,6.3,4.9,67.0,55.0,60.0,public,True,80.7,100.0,60.67,C,Pass
614,male,group D,some college,standard,True,11.4,6.2,98.0,100.0,78.0,public,True,86.2,100.0,92.0,A,Pass
615,female,group A,some college,free/reduced,False,4.4,9.5,72.0,80.0,62.0,public,True,95.8,100.0,71.33,B,Pass
616,female,group C,high school,standard,True,0.8,8.1,70.0,88.0,90.0,private,True,88.7,100.0,82.67,B,Pass
617,female,group C,high school,standard,True,9.9,6.2,66.0,79.0,71.0,public,True,84.3,100.0,72.0,B,Pass
618,male,group E,some college,standard,True,5.9,5.1,72.0,49.0,71.0,public,True,84.1,100.0,64.0,C,Pass
619,female,group D,master degree,standard,True,11.0,6.5,62.0,70.0,75.0,public,True,85.0,100.0,69.0,C,Pass
620,female,group B,associate degree,standard,True,13.8,7.2,60.0,61.0,71.0,public,True,81.7,100.0,64.0,C,Pass
621,male,group A,bachelor degree,standard,True,12.6,7.1,69.0,66.0,74.0,private,True,78.9,100.0,69.67,C,Pass
622,female,group A,bachelor degree,standard,True,6.0,7.6,63.0,85.0,65.0,private,True,85.8,100.0,71.0,B,Pass
623,male,group C,bachelor degree,free/reduced,False,13.6,4.5,73.0,62.0,77.0,private,True,92.7,100.0,70.67,B,Pass
624,female,group B,some college,standard,False,3.0,6.0,65.0,71.0,96.0,international,True,92.5,100.0,77.33,B,Pass
625,female,group C,some college,standard,True,12.8,4.0,60.0,62.0,64.0,public,True,87.8,100.0,62.0,C,Pass
626,female,group C,some college,free/reduced,True,11.7,5.9,69.0,77.0,91.0,public,True,84.0,100.0,79.0,B,Pass
627,female,group D,associate degree,standard,False,20.4,5.5,46.0,100.0,66.0,public,True,78.3,100.0,70.67,B,Pass
628,male,group C,high school,standard,False,0.0,3.1,82.0,58.0,71.0,public,True,82.4,100.0,70.33,B,Pass
629,female,group C,high school,standard,True,3.8,10.9,53.0,71.0,71.0,public,False,81.3,100.0,65.0,C,Pass
630,male,group D,bachelor degree,standard,True,9.6,8.1,71.0,82.0,80.0,international,True,91.5,100.0,77.67,B,Pass
631,male,group C,bachelor degree,free/reduced,False,9.6,6.0,37.0,63.0,84.0,public,True,71.1,100.0,61.33,C,Pass
632,male,group C,high school,free/reduced,False,8.6,7.7,69.0,75.0,50.0,public,True,88.5,100.0,64.67,C,Pass
633,male,group A,high school,free/reduced,True,7.3,8.7,28.0,65.0,82.0,public,True,77.5,100.0,58.33,C,Pass
634,male,group D,some college,standard,False,7.1,5.0,71.0,72.0,71.0,private,True,81.4,100.0,71.33,B,Pass
635,male,group D,high school,standard,False,13.5,4.8,69.0,84.0,55.0,international,True,77.7,100.0,69.33,C,Pass
636,male,group E,high school,standard,False,5.7,6.6,60.0,59.0,48.0,public,True,69.0,100.0,55.67,C,Pass
637,female,group C,bachelor degree,standard,False,12.3,5.9,75.0,86.0,78.0,international,True,91.0,100.0,79.67,B,Pass
638,female,group C,associate degree,standard,False,13.9,9.5,69.0,89.0,71.0,public,True,85.9,100.0,76.33,B,Pass
639,male,group C,high school,free/reduced,True,16.9,5.7,57.0,74.0,74.0,public,True,75.9,100.0,68.33,C,Pass
640,female,group D,bachelor degree,standard,False,15.7,5.3,58.0,100.0,96.0,public,True,82.4,100.0,84.67,B,Pass
641,male,group B,high school,free/reduced,False,9.0,7.6,62.0,95.0,50.0,public,True,80.9,100.0,69.0,C,Pass
642,female,group C,high school,free/reduced,False,10.8,7.0,76.0,65.0,67.0,public,True,91.1,100.0,69.33,C,Pass
643,male,group A,some college,standard,True,6.6,6.4,94.0,73.0,64.0,public,True,84.5,100.0,77.0,B,Pass
644,female,group C,bachelor degree,free/reduced,False,3.0,6.6,58.0,74.0,49.0,public,True,71.6,100.0,60.33,C,Pass
645,male,group D,high school,standard,False,12.1,7.2,64.0,54.0,64.0,public,True,78.0,100.0,60.67,C,Pass
646,female,group C,associate degree,free/reduced,False,4.5,9.4,84.0,75.0,72.0,public,True,84.4,100.0,77.0,B,Pass
647,female,group E,some college,standard,False,11.2,7.7,44.0,73.0,70.0,public,True,66.4,100.0,62.33,C,Pass
648,female,group C,bachelor degree,standard,False,11.0,9.5,91.0,64.0,49.0,public,False,81.9,100.0,68.0,C,Pass
649,male,group D,some college,standard,False,1.0,10.6,56.0,79.0,71.0,public,True,81.3,100.0,68.67,C,Pass
650,female,group A,high school,free/reduced,True,8.2,8.5,60.0,70.0,79.0,public,True,86.3,100.0,69.67,C,Pass
651,male,group C,bachelor degree,standard,False,8.6,6.7,54.0,74.0,71.0,public,True,90.6,100.0,66.33,C,Pass
652,female,group C,bachelor degree,standard,True,3.9,7.4,71.0,66.0,92.0,private,False,91.2,100.0,76.33,B,Pass
653,male,group A,some college,free/reduced,False,15.3,7.2,87.0,74.0,71.0,public,True,84.5,100.0,77.33,B,Pass
654,male,group A,associate degree,standard,True,6.6,7.0,74.0,65.0,75.0,private,True,78.0,100.0,71.33,B,Pass
655,male,group C,high school,free/reduced,True,6.4,7.3,62.0,83.0,74.0,international,True,97.1,100.0,73.0,B,Pass
656,female,group A,high school,standard,False,4.6,8.9,50.0,79.0,70.0,international,True,81.8,100.0,66.33,C,Pass
657,male,group A,high school,standard,True,15.7,6.0,76.0,74.0,46.0,international,True,81.2,100.0,65.33,C,Pass
658,male,group E,high school,free/reduced,True,4.8,8.0,79.0,43.0,69.0,public,True,80.3,100.0,63.67,C,Pass
659,female,group A,high school,free/reduced,False,9.3,6.8,68.0,80.0,65.0,public,True,84.4,100.0,71.0,B,Pass
660,female,group D,high school,free/reduced,True,4.1,5.1,37.0,71.0,92.0,international,True,80.8,100.0,66.67,C,Pass
661,male,group C,some college,standard,False,16.0,7.0,93.0,71.0,94.0,international,False,86.4,100.0,86.0,A,Pass
662,male,group D,master degree,standard,False,11.6,7.1,89.0,74.0,93.0,public,True,86.4,100.0,85.33,A,Pass
663,female,group E,high school,standard,False,11.1,8.7,26.0,61.0,89.0,public,True,78.3,100.0,58.67,C,Pass
664,female,group E,bachelor degree,free/reduced,True,8.6,7.5,66.0,42.0,67.0,international,True,75.6,100.0,58.33,C,Pass
665,female,group E,some college,standard,False,0.2,6.4,57.0,70.0,79.0,public,True,78.9,100.0,68.67,C,Pass
666,male,group C,some college,standard,False,0.0,9.4,39.0,86.0,90.0,public,True,84.2,100.0,71.67,B,Pass
667,male,group B,bachelor degree,standard,False,10.4,9.2,48.0,76.0,79.0,private,True,80.8,100.0,67.67,C,Pass
668,male,group C,high school,standard,False,11.6,8.3,54.0,80.0,95.0,public,True,93.1,100.0,76.33,B,Pass
669,female,group E,bachelor degree,free/reduced,False,16.7,8.0,89.0,94.0,89.0,international,True,78.0,100.0,90.67,A,Pass
670,male,group D,high school,standard,False,0.0,8.5,60.0,69.0,66.0,international,True,86.5,100.0,65.0,C,Pass
671,female,group A,high school,standard,True,10.7,7.8,63.0,71.0,67.0,public,True,87.9,100.0,67.0,C,Pass
672,female,group C,associate degree,standard,False,4.5,6.0,73.0,85.0,75.0,public,True,75.7,100.0,77.67,B,Pass
673,female,group A,master degree,standard,True,2.4,7.2,61.0,39.0,65.0,public,True,75.3,100.0,55.0,C,Pass
674,male,group D,master degree,standard,False,7.7,4.6,59.0,74.0,71.0,international,False,80.2,100.0,68.0,C,Pass
675,female,group A,high school,standard,False,13.9,4.6,67.0,53.0,70.0,public,True,73.3,100.0,63.33,C,Pass
676,female,group E,high school,standard,False,15.8,7.5,69.0,71.0,64.0,public,True,78.2,100.0,68.0,C,Pass
677,female,group E,high school,free/reduced,True,5.3,7.5,75.0,71.0,55.0,private,True,76.1,100.0,67.0,C,Pass
678,male,group C,high school,standard,False,6.3,5.9,60.0,61.0,45.0,private,True,85.9,100.0,55.33,C,Pass
679,female,group E,bachelor degree,standard,True,1.9,7.2,49.0,66.0,76.0,public,True,85.1,100.0,63.67,C,Pass
680,female,group E,some college,free/reduced,False,8.2,8.3,62.0,72.0,68.0,private,False,88.3,100.0,67.33,C,Pass
681,female,group E,associate degree,standard,True,11.7,7.6,70.0,76.0,45.0,international,False,84.1,100.0,63.67,C,Pass
682,male,group C,high school,standard,False,7.5,9.2,44.0,62.0,100.0,public,True,76.8,100.0,68.67,C,Pass
683,male,group D,bachelor degree,standard,True,5.9,8.0,51.0,80.0,86.0,private,True,81.3,100.0,72.33,B,Pass
684,male,group B,bachelor degree,standard,False,9.6,7.9,61.0,82.0,84.0,public,False,87.7,100.0,75.67,B,Pass
685,male,group C,associate degree,standard,False,17.1,7.5,69.0,83.0,60.0,public,True,77.2,100.0,70.67,B,Pass
686,female,group E,bachelor degree,standard,False,6.6,7.9,63.0,45.0,93.0,public,True,85.4,100.0,67.0,C,Pass
687,female,group C,associate degree,standard,False,1.1,6.5,49.0,63.0,91.0,public,True,80.9,100.0,67.67,C,Pass
688,male,group B,high school,free/reduced,False,11.1,7.2,82.0,49.0,78.0,private,True,81.0,100.0,69.67,C,Pass
689,male,group D,high school,standard,True,8.6,7.2,87.0,62.0,64.0,public,True,87.0,100.0,71.0,B,Pass
690,male,group B,high school,free/reduced,True,17.7,7.1,61.0,76.0,71.0,public,True,84.8,100.0,69.33,C,Pass
691,male,group B,high school,standard,False,6.2,6.4,63.0,74.0,71.0,private,True,80.8,100.0,69.33,C,Pass
692,male,group C,high school,free/reduced,False,10.2,5.9,72.0,61.0,55.0,public,True,85.9,100.0,62.67,C,Pass
693,male,group C,some college,free/reduced,True,18.2,7.9,64.0,71.0,63.0,public,True,75.9,100.0,66.0,C,Pass
694,male,group A,bachelor degree,free/reduced,False,8.6,9.6,71.0,88.0,73.0,public,True,89.0,100.0,77.33,B,Pass
695,male,group C,bachelor degree,standard,False,4.1,6.1,76.0,97.0,100.0,private,True,94.4,100.0,91.0,A,Pass
696,female,group A,high school,standard,True,16.4,5.9,59.0,100.0,62.0,public,True,82.9,100.0,73.67,B,Pass
697,female,group B,high school,free/reduced,True,7.3,8.2,86.0,97.0,71.0,public,True,90.4,100.0,84.67,B,Pass
698,male,group C,high school,standard,False,7.5,6.3,64.0,74.0,81.0,public,True,77.9,100.0,73.0,B,Pass
699,male,group B,high school,standard,False,4.8,6.5,49.0,56.0,35.0,international,False,78.3,100.0,46.67,D,Pass
700,female,group A,high school,standard,True,10.8,5.7,61.0,73.0,69.0,public,False,81.1,100.0,67.67,C,Pass
701,male,group C,high school,free/reduced,False,5.4,6.3,41.0,60.0,54.0,private,True,73.1,100.0,51.67,D,Pass
702,female,group A,bachelor degree,standard,False,13.8,7.9,78.0,70.0,53.0,public,True,87.0,100.0,67.0,C,Pass
703,female,group B,bachelor degree,free/reduced,False,16.5,8.5,86.0,70.0,82.0,public,True,83.2,100.0,79.33,B,Pass
704,female,group D,bachelor degree,standard,True,20.1,6.3,77.0,75.0,72.0,public,True,77.8,100.0,74.67,B,Pass
705,female,group B,master degree,standard,False,11.8,8.0,46.0,51.0,53.0,public,True,67.2,100.0,50.0,D,Pass
706,female,group D,high school,standard,True,9.7,6.1,41.0,66.0,50.0,public,True,79.0,100.0,52.33,D,Pass
707,female,group A,bachelor degree,free/reduced,False,12.3,6.6,76.0,58.0,79.0,private,True,77.0,100.0,71.0,B,Pass
708,male,group C,high school,standard,True,12.6,9.0,75.0,100.0,65.0,public,False,95.8,100.0,80.0,B,Pass
709,male,group C,bachelor degree,free/reduced,False,9.6,7.3,100.0,54.0,87.0,public,False,76.7,100.0,80.33,B,Pass
710,female,group E,high school,standard,False,13.8,9.3,59.0,71.0,67.0,private,False,89.6,100.0,65.67,C,Pass
711,male,group A,associate degree,standard,True,5.6,8.9,89.0,100.0,74.0,public,True,91.1,100.0,87.67,A,Pass
712,male,group E,associate degree,standard,False,12.1,6.6,66.0,59.0,84.0,public,True,82.4,100.0,69.67,C,Pass
713,male,group E,bachelor degree,standard,False,15.8,3.9,67.0,69.0,70.0,public,True,79.7,100.0,68.67,C,Pass
714,male,group B,high school,standard,False,13.3,8.2,77.0,78.0,75.0,public,True,87.7,100.0,76.67,B,Pass
715,female,group B,bachelor degree,free/reduced,True,10.0,8.9,73.0,82.0,37.0,public,True,80.4,100.0,64.0,C,Pass
716,male,group E,associate degree,standard,False,4.1,6.1,65.0,80.0,71.0,public,False,89.3,100.0,72.0,B,Pass
717,female,group D,bachelor degree,standard,True,7.7,7.8,60.0,100.0,99.0,public,False,90.1,100.0,86.33,A,Pass
718,female,group E,high school,free/reduced,False,11.3,9.7,86.0,70.0,70.0,private,True,85.9,100.0,75.33,B,Pass
719,male,group C,high school,standard,False,5.1,7.4,65.0,43.0,83.0,public,True,78.6,100.0,63.67,C,Pass
720,female,group C,high school,standard,False,1.5,6.0,46.0,72.0,71.0,public,True,79.9,100.0,63.0,C,Pass
721,male,group C,bachelor degree,free/reduced,True,7.5,8.0,92.0,71.0,61.0,public,True,86.3,100.0,74.67,B,Pass
722,female,group D,high school,free/reduced,False,4.8,7.2,40.0,89.0,90.0,public,True,75.6,100.0,73.0,B,Pass
723,female,group C,master degree,free/reduced,False,5.0,7.1,84.0,73.0,79.0,public,True,79.7,100.0,78.67,B,Pass
724,female,group D,bachelor degree,standard,False,15.5,8.5,51.0,95.0,42.0,public,True,83.8,100.0,62.67,C,Pass
725,female,group D,associate degree,free/reduced,False,10.1,8.2,80.0,54.0,79.0,international,True,84.3,100.0,71.0,B,Pass
726,female,group E,some college,standard,True,5.4,5.3,92.0,84.0,67.0,public,True,86.5,100.0,81.0,B,Pass
727,female,group C,bachelor degree,free/reduced,True,9.6,7.7,64.0,76.0,87.0,public,False,85.4,100.0,75.67,B,Pass
728,male,group A,associate degree,standard,True,18.3,3.5,54.0,96.0,79.0,public,False,87.3,100.0,76.33,B,Pass
729,male,group D,high school,standard,False,7.7,5.0,85.0,72.0,84.0,public,True,84.4,100.0,80.33,B,Pass
730,male,group D,associate degree,standard,True,9.6,5.7,72.0,66.0,71.0,public,True,78.8,100.0,69.67,C,Pass
731,female,group D,bachelor degree,standard,False,0.0,8.2,74.0,75.0,90.0,international,True,87.8,100.0,79.67,B,Pass
732,female,group C,associate degree,standard,False,8.4,9.3,47.0,66.0,91.0,public,True,77.3,100.0,68.0,C,Pass
733,female,group C,master degree,free/reduced,False,10.5,5.2,65.0,74.0,100.0,public,True,88.9,100.0,79.67,B,Pass
734,female,group E,some college,standard,False,12.2,6.6,53.0,59.0,81.0,international,True,72.2,100.0,64.33,C,Pass
735,female,group D,high school,standard,True,18.9,7.0,70.0,92.0,71.0,public,True,91.1,100.0,77.67,B,Pass
736,male,group B,high school,free/reduced,False,12.5,9.0,76.0,95.0,72.0,public,True,89.8,100.0,81.0,B,Pass
737,male,group A,associate degree,free/reduced,True,9.6,9.9,79.0,55.0,86.0,international,True,85.6,100.0,73.33,B,Pass
738,male,group B,high school,standard,True,7.1,7.2,98.0,79.0,62.0,public,False,91.8,100.0,79.67,B,Pass
739,male,group C,high school,free/reduced,False,9.6,6.8,68.0,51.0,42.0,public,True,84.8,100.0,53.67,D,Pass
740,female,group B,high school,standard,False,9.6,7.2,81.0,70.0,75.0,public,True,90.2,100.0,75.33,B,Pass
741,female,group A,associate degree,standard,True,4.5,7.2,90.0,53.0,83.0,public,True,75.9,100.0,75.33,B,Pass
742,male,group A,bachelor degree,standard,False,11.6,8.5,89.0,77.0,77.0,public,False,81.0,100.0,81.0,B,Pass
743,male,group C,bachelor degree,free/reduced,False,5.7,7.1,74.0,49.0,67.0,private,True,77.2,100.0,63.33,C,Pass
744,male,group C,high school,free/reduced,False,9.4,7.6,53.0,74.0,73.0,public,True,81.8,100.0,66.67,C,Pass
745,male,group C,bachelor degree,standard,False,4.3,7.2,82.0,61.0,55.0,private,True,84.0,100.0,66.0,C,Pass
746,female,group E,bachelor degree,standard,False,9.6,7.5,74.0,98.0,72.0,public,True,83.9,100.0,81.33,B,Pass
747,female,group C,some college,standard,True,1.6,5.9,70.0,72.0,70.0,private,True,84.2,100.0,70.67,B,Pass
748,male,group A,bachelor degree,standard,False,13.1,6.4,67.0,77.0,72.0,public,True,80.0,100.0,72.0,B,Pass
749,male,group A,associate degree,standard,True,1.0,5.1,73.0,96.0,62.0,private,True,82.7,100.0,77.0,B,Pass
750,female,group E,high school,standard,True,8.7,5.0,72.0,71.0,50.0,international,True,73.6,100.0,64.33,C,Pass
751,female,group B,associate degree,standard,False,11.8,7.2,82.0,38.0,60.0,public,True,74.4,100.0,60.0,C,Pass
752,female,group D,bachelor degree,standard,False,19.3,6.7,64.0,64.0,72.0,public,True,74.9,100.0,66.67,C,Pass
753,male,group A,high school,standard,True,9.7,6.3,91.0,77.0,91.0,public,True,84.7,100.0,86.33,A,Pass
754,male,group E,associate degree,free/reduced,False,15.7,7.6,96.0,67.0,60.0,public,True,90.0,100.0,74.33,B,Pass
755,female,group C,some college,free/reduced,False,9.6,9.1,88.0,54.0,64.0,private,True,77.7,100.0,68.67,C,Pass
756,female,group C,associate degree,standard,False,7.7,8.9,83.0,71.0,73.0,public,True,98.3,100.0,75.67,B,Pass
757,male,group B,high school,free/reduced,False,10.4,6.2,71.0,77.0,57.0,public,True,84.8,100.0,68.33,C,Pass
758,male,group E,associate degree,free/reduced,False,15.1,9.5,69.0,71.0,67.0,private,True,83.4,100.0,69.0,C,Pass
759,female,group C,high school,standard,True,10.4,6.0,92.0,93.0,76.0,public,True,85.5,100.0,87.0,A,Pass
760,male,group D,high school,free/reduced,True,0.0,5.7,87.0,63.0,73.0,public,True,88.2,100.0,74.33,B,Pass
761,male,group A,master degree,free/reduced,True,9.6,7.2,69.0,84.0,77.0,private,True,82.8,100.0,76.67,B,Pass
762,male,group E,high school,standard,True,13.9,8.5,85.0,80.0,79.0,international,True,88.1,100.0,81.33,B,Pass
763,male,group B,high school,standard,False,12.1,7.6,86.0,65.0,89.0,private,True,99.8,100.0,80.0,B,Pass
764,female,group D,some college,standard,True,20.3,7.2,75.0,86.0,56.0,public,True,83.5,100.0,72.33,B,Pass
765,female,group E,associate degree,standard,True,9.6,5.0,53.0,71.0,64.0,public,True,85.7,100.0,62.67,C,Pass
766,female,group C,associate degree,standard,False,3.8,5.3,84.0,63.0,68.0,public,True,80.2,100.0,71.67,B,Pass
767,male,group D,bachelor degree,standard,True,0.6,7.3,60.0,96.0,79.0,public,True,86.2,100.0,78.33,B,Pass
768,female,group E,high school,standard,True,6.5,6.6,75.0,82.0,63.0,public,True,93.2,100.0,73.33,B,Pass
769,female,group D,master degree,standard,False,16.5,7.7,60.0,63.0,84.0,public,True,79.5,100.0,69.0,C,Pass
770,female,group B,some college,standard,False,17.1,6.7,58.0,61.0,78.0,public,True,90.3,100.0,65.67,C,Pass
771,female,group D,high school,standard,True,12.1,6.2,76.0,71.0,81.0,public,True,88.8,100.0,76.0,B,Pass
772,male,group B,bachelor degree,free/reduced,False,20.3,5.7,64.0,86.0,64.0,public,True,80.7,100.0,71.33,B,Pass
773,male,group D,high school,free/reduced,False,6.6,7.4,66.0,85.0,71.0,private,False,87.6,100.0,74.0,B,Pass
774,male,group C,some college,standard,True,13.2,7.4,55.0,80.0,71.0,international,True,87.2,100.0,68.67,C,Pass
775,male,group B,bachelor degree,free/reduced,True,15.9,7.7,79.0,66.0,69.0,public,True,86.6,100.0,71.33,B,Pass
776,male,group C,some college,standard,False,10.7,5.6,71.0,83.0,48.0,public,False,74.1,100.0,67.33,C,Pass
777,female,group E,some college,standard,True,3.2,7.2,52.0,59.0,65.0,public,True,74.8,100.0,58.67,C,Pass
778,female,group B,some college,free/reduced,True,9.6,4.5,64.0,66.0,52.0,private,True,78.0,100.0,60.67,C,Pass
779,male,group D,associate degree,standard,True,16.9,7.2,79.0,73.0,51.0,private,True,81.7,100.0,67.67,C,Pass
780,female,group B,master degree,free/reduced,False,9.1,7.8,71.0,47.0,64.0,public,True,82.4,100.0,60.67,C,Pass
781,male,group C,bachelor degree,free/reduced,False,14.4,7.7,100.0,76.0,74.0,public,True,89.2,100.0,83.33,B,Pass
782,female,group E,some college,standard,False,12.3,5.6,62.0,80.0,64.0,private,True,75.8,100.0,68.67,C,Pass
783,female,group B,high school,free/reduced,False,8.4,7.6,76.0,41.0,65.0,public,False,81.2,100.0,60.67,C,Pass
784,male,group B,some college,free/reduced,False,7.7,7.7,48.0,85.0,86.0,international,True,87.3,100.0,73.0,B,Pass
785,male,group C,high school,free/reduced,True,1.3,7.7,98.0,72.0,83.0,public,True,91.5,100.0,84.33,B,Pass
786,male,group C,associate degree,standard,True,13.2,5.8,89.0,98.0,61.0,public,True,93.5,100.0,82.67,B,Pass
787,male,group B,associate degree,standard,False,6.6,6.7,78.0,59.0,76.0,public,True,87.6,100.0,71.0,B,Pass
788,female,group D,high school,standard,True,13.7,7.2,85.0,46.0,65.0,public,True,83.4,100.0,65.33,C,Pass
789,female,group A,high school,free/reduced,False,11.8,6.7,55.0,72.0,63.0,public,True,80.0,100.0,63.33,C,Pass
790,male,group A,associate degree,standard,False,13.0,10.3,94.0,67.0,66.0,private,True,77.0,100.0,75.67,B,Pass
791,female,group A,bachelor degree,free/reduced,False,0.0,7.3,78.0,78.0,66.0,public,True,86.7,100.0,74.0,B,Pass
792,male,group C,master degree,standard,True,10.0,7.9,62.0,70.0,60.0,public,True,81.6,100.0,64.0,C,Pass
793,male,group C,associate degree,standard,True,12.3,7.8,60.0,56.0,60.0,public,True,79.8,100.0,58.67,C,Pass
794,female,group C,high school,standard,False,6.6,7.2,78.0,73.0,78.0,public,True,79.1,100.0,76.33,B,Pass
795,female,group E,high school,standard,False,11.4,4.6,100.0,85.0,54.0,international,True,81.5,100.0,79.67,B,Pass
796,male,group B,high school,standard,False,15.8,6.5,58.0,60.0,76.0,public,True,86.1,100.0,64.67,C,Pass
797,female,group C,associate degree,standard,True,9.8,7.2,58.0,79.0,59.0,public,True,80.9,100.0,65.33,C,Pass
798,female,group C,high school,standard,True,3.8,8.0,61.0,68.0,58.0,public,True,83.3,100.0,62.33,C,Pass
799,male,group B,high school,free/reduced,False,8.3,5.5,82.0,61.0,63.0,public,True,82.6,100.0,68.67,C,Pass
800,male,group B,some college,free/reduced,False,11.7,6.5,79.0,67.0,68.0,private,True,83.7,100.0,71.33,B,Pass
801,female,group B,some college,standard,False,10.9,5.9,92.0,46.0,75.0,public,True,88.1,100.0,71.0,B,Pass
802,male,group A,master degree,free/reduced,False,7.8,6.1,72.0,73.0,76.0,public,True,81.9,100.0,73.67,B,Pass
803,female,group B,master degree,standard,True,4.9,9.1,64.0,40.0,69.0,international,True,78.5,100.0,57.67,C,Pass
804,male,group E,some college,standard,False,17.2,7.2,48.0,65.0,51.0,public,True,74.6,100.0,54.67,D,Pass
805,female,group A,high school,standard,False,9.6,6.8,67.0,55.0,66.0,public,True,77.9,100.0,62.67,C,Pass
806,male,group E,high school,standard,True,9.6,8.2,70.0,85.0,62.0,public,True,82.4,100.0,72.33,B,Pass
807,male,group E,some college,free/reduced,False,14.0,6.9,94.0,100.0,71.0,public,True,91.3,100.0,88.33,A,Pass
808,male,group C,master degree,standard,True,11.3,7.2,57.0,59.0,59.0,public,True,75.9,100.0,58.33,C,Pass
809,male,group C,associate degree,standard,True,14.4,10.3,70.0,87.0,71.0,public,True,91.5,100.0,76.0,B,Pass
810,male,group E,high school,standard,False,7.5,5.4,71.0,53.0,70.0,public,True,76.4,100.0,64.67,C,Pass
811,female,group C,associate degree,standard,True,3.8,6.1,72.0,86.0,32.0,public,True,79.4,100.0,63.33,C,Pass
812,female,group B,associate degree,standard,True,11.4,7.3,73.0,75.0,50.0,public,True,79.2,100.0,66.0,C,Pass
813,female,group A,bachelor degree,standard,False,6.7,9.6,80.0,62.0,61.0,public,True,89.3,100.0,67.67,C,Pass
814,female,group C,high school,free/reduced,True,5.0,7.2,83.0,78.0,72.0,international,True,87.0,100.0,77.67,B,Pass
815,female,group E,high school,standard,True,0.8,7.2,73.0,44.0,53.0,international,True,82.8,100.0,56.67,C,Pass
816,female,group E,high school,standard,True,11.4,10.8,68.0,72.0,66.0,public,True,75.0,100.0,68.67,C,Pass
817,female,group D,bachelor degree,standard,False,9.6,5.7,81.0,86.0,57.0,public,True,86.2,100.0,74.67,B,Pass
818,male,group C,high school,standard,True,14.2,7.0,51.0,70.0,71.0,public,True,85.0,100.0,64.0,C,Pass
819,male,group E,high school,standard,False,12.0,6.5,72.0,62.0,61.0,international,True,81.4,100.0,65.0,C,Pass
820,female,group B,associate degree,standard,False,14.8,8.5,68.0,98.0,83.0,public,True,93.5,100.0,83.0,B,Pass
821,female,group A,some college,standard,True,14.1,9.7,93.0,67.0,76.0,private,True,83.9,100.0,78.67,B,Pass
822,male,group A,high school,standard,True,13.8,7.2,91.0,69.0,70.0,public,False,92.7,100.0,76.67,B,Pass
823,male,group E,some college,standard,True,6.8,5.6,51.0,100.0,68.0,public,True,95.7,100.0,73.0,B,Pass
824,male,group C,high school,standard,False,7.2,6.7,73.0,85.0,88.0,public,True,86.0,100.0,82.0,B,Pass
825,female,group E,some college,standard,True,20.2,5.3,59.0,78.0,64.0,public,True,79.6,100.0,67.0,C,Pass
826,female,group D,master degree,free/reduced,True,9.6,6.1,75.0,60.0,26.0,public,True,83.7,100.0,53.67,D,Pass
827,male,group D,some college,free/reduced,False,7.7,5.9,81.0,65.0,61.0,public,True,90.5,100.0,69.0,C,Pass
828,female,group D,bachelor degree,standard,True,9.6,5.2,63.0,82.0,84.0,international,True,82.9,100.0,76.33,B,Pass
829,male,group A,high school,standard,False,4.0,7.3,70.0,70.0,79.0,public,True,82.1,100.0,73.0,B,Pass
830,female,group A,high school,standard,True,17.0,8.3,77.0,74.0,81.0,private,True,84.5,100.0,77.33,B,Pass
831,female,group E,high school,standard,False,22.1,9.5,65.0,66.0,61.0,public,True,73.9,100.0,64.0,C,Pass
832,male,group A,bachelor degree,standard,False,4.0,7.8,59.0,74.0,74.0,public,True,78.0,100.0,69.0,C,Pass
833,male,group A,bachelor degree,standard,True,16.4,8.0,53.0,80.0,61.0,public,True,75.8,100.0,64.67,C,Pass
834,male,group B,bachelor degree,standard,True,9.2,9.1,94.0,67.0,98.0,international,False,85.7,100.0,86.33,A,Pass
835,male,group C,high school,standard,False,10.3,7.2,76.0,69.0,71.0,public,True,83.5,100.0,72.0,B,Pass
836,male,group B,some college,free/reduced,False,9.6,6.3,68.0,90.0,67.0,public,True,86.2,100.0,75.0,B,Pass
837,female,group D,high school,standard,False,3.9,6.4,78.0,71.0,89.0,public,True,94.4,100.0,79.33,B,Pass
838,female,group B,bachelor degree,standard,True,17.9,5.9,82.0,74.0,81.0,private,True,81.6,100.0,79.0,B,Pass
839,female,group A,bachelor degree,free/reduced,False,18.1,6.9,97.0,72.0,59.0,private,False,90.3,100.0,76.0,B,Pass
840,male,group B,high school,standard,True,12.4,8.1,69.0,89.0,67.0,public,True,83.9,100.0,75.0,B,Pass
841,male,group C,high school,standard,False,5.9,6.8,99.0,56.0,73.0,public,True,85.2,100.0,76.0,B,Pass
842,female,group C,high school,standard,False,4.3,6.4,100.0,65.0,61.0,public,True,88.5,100.0,75.33,B,Pass
843,female,group C,bachelor degree,standard,False,4.2,9.4,82.0,73.0,89.0,public,True,81.9,100.0,81.33,B,Pass
844,male,group B,bachelor degree,standard,False,8.0,8.7,77.0,76.0,55.0,international,True,84.6,100.0,69.33,C,Pass
845,male,group C,high school,standard,True,4.9,7.3,80.0,76.0,95.0,public,True,89.3,100.0,83.67,B,Pass
846,female,group B,bachelor degree,free/reduced,False,7.5,5.7,84.0,71.0,71.0,public,True,87.6,100.0,75.33,B,Pass
847,female,group B,associate degree,standard,True,9.5,7.2,77.0,68.0,70.0,public,True,85.1,100.0,71.67,B,Pass
848,female,group A,high school,free/reduced,False,9.2,5.2,74.0,71.0,90.0,public,False,98.6,100.0,78.33,B,Pass
849,male,group E,high school,standard,True,8.6,8.1,57.0,70.0,80.0,public,True,79.4,100.0,69.0,C,Pass
850,female,group E,bachelor degree,free/reduced,False,15.1,5.9,78.0,55.0,71.0,international,True,79.4,100.0,68.0,C,Pass
851,female,group A,high school,standard,False,9.0,6.4,77.0,61.0,77.0,public,True,80.6,100.0,71.67,B,Pass
852,male,group C,high school,standard,False,8.9,7.3,63.0,71.0,88.0,public,True,81.7,100.0,74.0,B,Pass
853,male,group E,high school,standard,True,9.6,9.0,41.0,68.0,67.0,public,True,75.3,100.0,58.67,C,Pass
854,female,group B,bachelor degree,standard,False,4.4,8.6,68.0,69.0,73.0,public,True,88.9,100.0,70.0,B,Pass
855,female,group D,high school,standard,False,19.9,9.8,69.0,67.0,91.0,public,True,92.4,100.0,75.67,B,Pass
856,female,group B,high school,standard,False,12.7,6.9,59.0,68.0,80.0,public,True,79.7,100.0,69.0,C,Pass
857,female,group C,some college,free/reduced,False,9.9,7.1,70.0,71.0,88.0,public,False,81.2,100.0,76.33,B,Pass
858,male,group D,associate degree,standard,True,8.8,7.2,52.0,64.0,87.0,public,True,84.4,100.0,67.67,C,Pass
859,male,group A,associate degree,free/reduced,True,13.9,5.3,45.0,100.0,89.0,public,True,83.4,100.0,78.0,B,Pass
860,male,group C,high school,standard,False,9.6,6.2,54.0,70.0,83.0,public,True,85.8,100.0,69.0,C,Pass
861,female,group B,some college,standard,True,10.5,6.5,73.0,70.0,71.0,public,True,84.5,100.0,71.33,B,Pass
862,female,group E,some college,standard,False,5.1,7.9,57.0,63.0,96.0,public,True,76.2,100.0,72.0,B,Pass
863,male,group C,associate degree,standard,True,12.8,7.8,65.0,78.0,86.0,international,False,93.3,100.0,76.33,B,Pass
864,male,group C,some college,standard,True,9.4,5.5,56.0,80.0,57.0,public,True,89.7,100.0,64.33,C,Pass
865,female,group C,high school,free/reduced,False,0.5,7.5,84.0,71.0,87.0,international,True,84.1,100.0,80.67,B,Pass
866,female,group A,high school,standard,True,8.3,6.5,61.0,60.0,40.0,public,True,74.5,100.0,53.67,D,Pass
867,female,group C,bachelor degree,standard,False,11.2,6.6,57.0,71.0,73.0,public,True,83.1,100.0,67.0,C,Pass
868,male,group D,bachelor degree,free/reduced,True,8.5,7.2,72.0,71.0,79.0,private,True,86.3,100.0,74.0,B,Pass
869,female,group C,high school,free/reduced,False,16.0,6.7,28.0,81.0,84.0,public,True,84.0,100.0,64.33,C,Pass
870,female,group E,high school,standard,False,11.4,4.0,80.0,57.0,48.0,private,False,89.7,100.0,61.67,C,Pass
871,male,group D,master degree,standard,False,10.5,7.4,69.0,80.0,59.0,private,True,81.8,100.0,69.33,C,Pass
872,male,group C,high school,standard,False,9.4,8.8,46.0,71.0,63.0,public,True,74.9,100.0,60.0,C,Pass
873,male,group A,high school,free/reduced,True,3.8,5.8,66.0,66.0,52.0,public,True,72.6,100.0,61.33,C,Pass
874,male,group D,high school,free/reduced,False,13.3,7.7,66.0,50.0,100.0,public,True,80.1,100.0,72.0,B,Pass
875,female,group D,bachelor degree,standard,False,9.8,3.4,75.0,60.0,77.0,public,True,83.1,100.0,70.67,B,Pass
876,female,group E,high school,standard,True,2.7,9.0,80.0,63.0,60.0,public,False,91.0,100.0,67.67,C,Pass
877,male,group B,high school,standard,False,8.1,6.0,85.0,75.0,81.0,public,True,84.5,100.0,80.33,B,Pass
878,male,group B,associate degree,standard,True,9.3,8.8,91.0,71.0,67.0,public,True,86.5,100.0,76.33,B,Pass
879,male,group A,bachelor degree,free/reduced,False,10.3,8.5,90.0,60.0,59.0,international,True,82.8,100.0,69.67,C,Pass
880,female,group B,associate degree,free/reduced,True,12.4,8.5,81.0,59.0,72.0,public,True,89.2,100.0,70.67,B,Pass
881,male,group D,high school,free/reduced,True,14.7,6.8,70.0,59.0,74.0,public,True,94.7,100.0,67.67,C,Pass
882,male,group C,master degree,standard,True,9.9,7.3,84.0,75.0,84.0,international,True,84.7,100.0,81.0,B,Pass
883,male,group D,bachelor degree,free/reduced,True,15.3,8.6,46.0,55.0,69.0,public,True,75.2,100.0,56.67,C,Pass
884,male,group B,high school,free/reduced,True,9.6,7.8,80.0,79.0,64.0,public,True,90.0,100.0,74.33,B,Pass
885,male,group A,associate degree,free/reduced,False,9.5,5.6,65.0,76.0,75.0,public,True,87.2,100.0,72.0,B,Pass
886,female,group E,associate degree,standard,True,5.3,6.6,100.0,63.0,80.0,public,True,96.6,100.0,81.0,B,Pass
887,male,group A,high school,free/reduced,True,4.1,8.2,81.0,71.0,62.0,public,True,86.3,100.0,71.33,B,Pass
888,male,group E,bachelor degree,standard,False,7.5,6.7,83.0,71.0,93.0,private,True,86.1,100.0,82.33,B,Pass
889,female,group B,associate degree,free/reduced,False,16.0,6.2,88.0,42.0,97.0,public,True,88.2,100.0,75.67,B,Pass
890,female,group D,associate degree,standard,True,11.9,7.3,86.0,43.0,55.0,international,True,85.1,100.0,61.33,C,Pass
891,male,group E,bachelor degree,free/reduced,True,17.1,7.3,63.0,44.0,71.0,private,True,82.8,100.0,59.33,C,Pass
892,male,group C,associate degree,standard,False,5.3,7.7,38.0,68.0,89.0,private,True,83.5,100.0,65.0,C,Pass
893,male,group D,master degree,standard,False,6.2,6.4,93.0,64.0,85.0,public,True,92.6,100.0,80.67,B,Pass
894,male,group E,high school,standard,False,19.6,7.7,61.0,71.0,60.0,public,True,86.3,100.0,64.0,C,Pass
895,female,group B,master degree,standard,True,9.6,8.4,80.0,93.0,57.0,private,True,92.6,100.0,76.67,B,Pass
896,male,group E,some college,standard,True,13.2,9.9,59.0,74.0,52.0,private,True,82.9,100.0,61.67,C,Pass
897,male,group E,associate degree,standard,True,6.1,7.7,90.0,69.0,57.0,international,True,83.0,100.0,72.0,B,Pass
898,male,group B,high school,standard,False,2.9,7.5,82.0,58.0,73.0,private,True,84.1,100.0,71.0,B,Pass
899,female,group B,high school,standard,False,14.0,8.7,66.0,80.0,60.0,public,True,88.5,100.0,68.67,C,Pass
900,male,group B,some college,free/reduced,False,4.4,6.4,91.0,71.0,49.0,public,True,78.9,100.0,70.33,B,Pass
901,female,group E,associate degree,free/reduced,True,1.3,6.1,41.0,97.0,75.0,public,True,85.2,100.0,71.0,B,Pass
902,female,group C,high school,standard,False,0.4,7.4,69.0,60.0,65.0,international,True,78.9,100.0,64.67,C,Pass
903,female,group A,associate degree,free/reduced,False,9.1,9.6,77.0,71.0,64.0,public,True,83.3,100.0,70.67,B,Pass
904,male,group B,high school,standard,True,11.3,6.8,100.0,54.0,61.0,public,True,90.1,100.0,71.67,B,Pass
905,male,group A,some college,standard,True,9.6,7.1,56.0,67.0,58.0,public,False,80.1,100.0,60.33,C,Pass
906,female,group D,bachelor degree,standard,True,5.9,5.7,77.0,56.0,48.0,public,True,79.4,100.0,60.33,C,Pass
907,male,group D,high school,free/reduced,False,8.9,5.5,55.0,79.0,58.0,international,True,73.8,100.0,64.0,C,Pass
908,female,group A,associate degree,standard,False,12.9,5.4,64.0,56.0,71.0,international,True,84.1,100.0,63.67,C,Pass
909,male,group A,some college,free/reduced,False,8.5,10.0,36.0,69.0,75.0,private,True,82.2,100.0,60.0,C,Pass
910,male,group C,bachelor degree,free/reduced,False,3.8,8.6,77.0,71.0,78.0,public,True,95.8,100.0,75.33,B,Pass
911,male,group E,associate degree,standard,False,8.8,8.1,68.0,75.0,76.0,public,True,82.7,100.0,73.0,B,Pass
912,male,group B,high school,free/reduced,False,0.0,7.2,74.0,86.0,48.0,international,False,83.8,100.0,69.33,C,Pass
913,male,group D,bachelor degree,free/reduced,True,8.3,9.2,73.0,64.0,89.0,public,True,86.4,100.0,75.33,B,Pass
914,female,group C,bachelor degree,standard,True,17.1,5.8,67.0,82.0,66.0,public,True,91.6,100.0,71.67,B,Pass
915,female,group C,some college,standard,True,5.0,7.8,71.0,78.0,71.0,public,True,83.7,100.0,73.33,B,Pass
916,male,group C,associate degree,standard,False,8.9,7.4,62.0,81.0,64.0,public,True,84.0,100.0,69.0,C,Pass
917,female,group A,bachelor degree,standard,False,11.5,6.3,79.0,65.0,81.0,public,True,88.0,100.0,75.0,B,Pass
918,male,group A,master degree,standard,True,16.6,5.4,87.0,71.0,96.0,private,True,89.7,100.0,84.67,B,Pass
919,female,group C,high school,standard,True,15.9,9.0,73.0,85.0,53.0,international,True,80.9,100.0,70.33,B,Pass
920,male,group B,bachelor degree,standard,False,9.6,6.4,74.0,83.0,93.0,international,True,89.3,100.0,83.33,B,Pass
921,female,group D,high school,standard,True,11.1,7.1,100.0,79.0,77.0,international,True,94.5,100.0,85.33,A,Pass
922,male,group C,master degree,standard,False,13.6,8.4,71.0,82.0,71.0,public,True,79.7,100.0,74.67,B,Pass
923,male,group D,some college,free/reduced,False,10.3,4.8,66.0,82.0,75.0,public,True,85.4,100.0,74.33,B,Pass
924,male,group D,associate degree,standard,True,6.5,6.6,94.0,78.0,69.0,private,True,83.6,100.0,80.33,B,Pass
925,male,group E,high school,standard,False,14.8,8.2,57.0,80.0,57.0,public,True,86.8,100.0,64.67,C,Pass
926,female,group A,master degree,free/reduced,True,12.1,8.2,52.0,82.0,74.0,public,False,75.1,100.0,69.33,C,Pass
927,male,group C,some college,standard,True,8.8,4.9,55.0,87.0,75.0,public,True,81.1,100.0,72.33,B,Pass
928,female,group B,bachelor degree,standard,False,8.9,6.7,62.0,64.0,71.0,public,False,83.0,100.0,65.67,C,Pass
929,male,group D,some college,standard,True,9.6,8.9,52.0,67.0,69.0,private,True,87.9,100.0,62.67,C,Pass
930,female,group A,high school,free/reduced,True,16.0,8.9,67.0,67.0,91.0,private,False,84.7,100.0,75.0,B,Pass
931,female,group E,high school,standard,True,15.9,6.6,73.0,56.0,80.0,private,True,80.1,100.0,69.67,C,Pass
932,male,group A,high school,standard,False,9.6,7.3,58.0,72.0,100.0,private,True,95.1,100.0,76.67,B,Pass
933,male,group E,high school,standard,False,11.1,10.0,98.0,51.0,92.0,international,True,79.9,100.0,80.33,B,Pass
934,male,group E,associate degree,standard,True,14.3,6.9,100.0,64.0,62.0,public,True,74.1,100.0,75.33,B,Pass
935,male,group D,high school,standard,True,6.5,8.7,43.0,71.0,60.0,public,True,80.4,100.0,58.0,C,Pass
936,male,group B,master degree,standard,True,11.4,7.5,72.0,54.0,77.0,public,True,79.6,100.0,67.67,C,Pass
937,female,group C,high school,free/reduced,True,8.4,7.9,35.0,61.0,76.0,private,True,72.8,100.0,57.33,C,Pass
938,male,group C,bachelor degree,free/reduced,False,12.4,7.0,86.0,71.0,60.0,public,True,87.3,100.0,72.33,B,Pass
939,male,group B,associate degree,standard,True,9.2,9.1,68.0,67.0,57.0,public,True,81.8,100.0,64.0,C,Pass
940,male,group E,bachelor degree,standard,False,6.6,9.2,66.0,73.0,58.0,private,True,78.4,100.0,65.67,C,Pass
941,female,group A,some college,standard,True,7.7,9.8,56.0,82.0,79.0,public,False,77.5,100.0,72.33,B,Pass
942,male,group B,associate degree,free/reduced,True,4.0,7.9,66.0,76.0,68.0,public,False,87.4,100.0,70.0,B,Pass
943,female,group E,some college,standard,False,7.1,6.4,82.0,71.0,87.0,private,True,90.1,100.0,80.0,B,Pass
944,female,group C,high school,free/reduced,False,5.2,6.4,64.0,30.0,69.0,private,True,76.2,100.0,54.33,D,Pass
945,female,group B,high school,standard,True,7.0,9.3,51.0,100.0,97.0,public,True,97.3,100.0,82.67,B,Pass
946,male,group B,high school,free/reduced,False,7.5,8.2,69.0,71.0,69.0,public,True,77.4,100.0,69.67,C,Pass
947,female,group A,high school,standard,False,11.9,8.1,55.0,54.0,76.0,international,True,72.0,100.0,61.67,C,Pass
948,female,group E,bachelor degree,free/reduced,False,13.1,4.5,100.0,57.0,72.0,public,True,82.1,100.0,76.33,B,Pass
949,female,group A,high school,standard,True,12.1,7.0,62.0,82.0,73.0,public,False,83.7,100.0,72.33,B,Pass
950,male,group D,associate degree,standard,False,4.9,6.9,70.0,67.0,76.0,public,True,84.6,100.0,71.0,B,Pass
951,female,group B,master degree,standard,True,6.0,4.2,69.0,58.0,65.0,private,True,79.4,100.0,64.0,C,Pass
952,female,group A,associate degree,standard,True,12.8,9.1,58.0,88.0,84.0,private,True,87.4,100.0,76.67,B,Pass
953,female,group D,associate degree,free/reduced,False,13.0,8.8,45.0,95.0,71.0,public,True,76.7,100.0,70.33,B,Pass
954,female,group C,some college,standard,True,14.2,8.2,46.0,68.0,70.0,public,True,86.8,100.0,61.33,C,Pass
955,male,group A,master degree,free/reduced,True,5.3,6.1,69.0,52.0,92.0,public,True,83.0,100.0,71.0,B,Pass
956,female,group C,master degree,standard,True,10.1,7.4,66.0,54.0,71.0,public,False,85.9,100.0,63.67,C,Pass
957,female,group E,bachelor degree,standard,False,10.5,8.7,55.0,61.0,66.0,private,True,81.0,100.0,60.67,C,Pass
958,male,group A,master degree,free/reduced,False,8.8,6.4,76.0,42.0,96.0,public,True,85.8,100.0,71.33,B,Pass
959,male,group B,associate degree,free/reduced,True,1.6,6.2,58.0,76.0,70.0,public,True,85.0,100.0,68.0,C,Pass
960,female,group C,high school,free/reduced,False,9.4,7.4,82.0,71.0,66.0,public,True,86.3,100.0,73.0,B,Pass
961,female,group C,bachelor degree,free/reduced,False,9.8,6.2,54.0,71.0,66.0,public,True,83.7,100.0,63.67,C,Pass
962,male,group E,some college,standard,True,3.8,6.9,64.0,66.0,71.0,public,True,88.4,100.0,67.0,C,Pass
963,male,group A,associate degree,standard,False,12.2,7.3,69.0,65.0,97.0,public,True,86.8,100.0,77.0,B,Pass
964,female,group B,high school,standard,True,8.0,7.4,59.0,64.0,76.0,public,True,85.1,100.0,66.33,C,Pass
965,female,group D,some college,standard,True,18.4,9.6,86.0,63.0,54.0,private,True,81.6,100.0,67.67,C,Pass
966,male,group D,high school,standard,False,4.4,6.7,61.0,66.0,79.0,public,True,89.7,100.0,68.67,C,Pass
967,female,group D,high school,free/reduced,False,8.0,5.7,85.0,71.0,69.0,private,True,81.5,100.0,75.0,B,Pass
968,male,group B,some college,free/reduced,True,12.3,8.5,84.0,73.0,81.0,public,True,95.7,100.0,79.33,B,Pass
969,male,group B,some college,standard,False,20.8,6.3,75.0,71.0,77.0,public,True,84.5,100.0,74.33,B,Pass
970,female,group E,high school,free/reduced,False,9.9,7.9,94.0,55.0,98.0,public,True,80.8,100.0,82.33,B,Pass
971,female,group B,some college,free/reduced,True,7.6,3.2,90.0,82.0,59.0,public,True,86.4,100.0,77.0,B,Pass
972,male,group A,associate degree,free/reduced,False,10.5,5.1,66.0,71.0,82.0,public,True,80.8,100.0,73.0,B,Pass
973,male,group A,some college,free/reduced,False,10.0,6.4,70.0,80.0,100.0,private,True,92.5,100.0,83.33,B,Pass
974,female,group B,high school,standard,False,11.6,8.4,65.0,34.0,77.0,public,True,75.2,100.0,58.67,C,Pass
975,male,group E,bachelor degree,standard,True,10.3,4.0,67.0,69.0,62.0,private,True,79.2,100.0,66.0,C,Pass
976,male,group E,high school,standard,True,11.3,5.7,90.0,59.0,49.0,public,True,72.0,100.0,66.0,C,Pass
977,female,group B,bachelor degree,free/reduced,False,18.8,7.8,70.0,88.0,71.0,public,False,83.1,100.0,76.33,B,Pass
978,female,group C,high school,standard,False,8.6,7.3,66.0,89.0,60.0,international,True,71.5,100.0,71.67,B,Pass
979,male,group C,high school,standard,False,7.9,7.1,88.0,71.0,49.0,public,True,74.8,100.0,69.33,C,Pass
980,male,group E,some college,standard,False,0.0,4.1,78.0,50.0,76.0,public,True,86.0,100.0,68.0,C,Pass
981,female,group C,bachelor degree,free/reduced,False,7.8,6.0,94.0,90.0,76.0,public,False,93.6,100.0,86.67,A,Pass
982,female,group B,master degree,standard,False,13.1,5.5,76.0,72.0,52.0,public,True,83.8,100.0,66.67,C,Pass
983,female,group D,master degree,standard,False,15.7,6.3,55.0,73.0,70.0,public,True,76.6,100.0,66.0,C,Pass
984,male,group B,some college,standard,False,7.4,5.7,88.0,58.0,73.0,public,True,84.0,100.0,73.0,B,Pass
985,male,group B,some college,standard,True,8.4,7.2,60.0,77.0,55.0,private,True,80.6,100.0,64.0,C,Pass
986,male,group D,associate degree,standard,False,12.1,7.0,45.0,77.0,69.0,public,True,74.7,100.0,63.67,C,Pass
987,male,group E,high school,standard,False,7.0,9.6,91.0,65.0,79.0,private,True,93.9,100.0,78.33,B,Pass
988,male,group C,high school,standard,False,12.9,9.8,57.0,79.0,89.0,public,True,89.4,100.0,75.0,B,Pass
989,male,group B,high school,standard,True,10.3,6.5,46.0,68.0,67.0,public,True,78.0,100.0,60.33,C,Pass
990,female,group B,associate degree,free/reduced,True,6.2,4.6,55.0,79.0,95.0,public,True,85.7,100.0,76.33,B,Pass
991,male,group D,high school,free/reduced,False,12.1,7.2,79.0,66.0,91.0,private,True,87.5,100.0,78.67,B,Pass
992,male,group E,some college,standard,True,8.0,6.3,59.0,72.0,76.0,public,False,72.4,100.0,69.0,C,Pass
993,female,group B,high school,standard,True,16.2,7.4,56.0,71.0,89.0,public,True,82.4,100.0,72.0,B,Pass
994,male,group D,bachelor degree,free/reduced,False,0.3,7.6,69.0,93.0,82.0,public,True,84.1,100.0,81.33,B,Pass
995,male,group B,bachelor degree,free/reduced,False,8.5,7.2,74.0,79.0,78.0,public,True,80.8,100.0,77.0,B,Pass
996,female,group B,high school,free/reduced,False,9.7,7.6,46.0,80.0,71.0,public,True,79.7,100.0,65.67,C,Pass
997,male,group E,master degree,standard,False,3.4,5.3,67.0,62.0,100.0,public,True,94.5,100.0,76.33,B,Pass
998,female,group B,high school,standard,True,13.5,6.0,77.0,73.0,71.0,public,True,87.5,100.0,73.67,B,Pass
999,male,group E,bachelor degree,standard,False,12.5,7.2,83.0,66.0,69.0,public,True,81.2,100.0,72.67,B,Pass
1000,female,group C,master degree,standard,True,13.6,6.8,77.0,75.0,78.0,public,True,88.5,100.0,76.67,B,Pass
1001,male,group E,associate degree,free/reduced,True,16.8,8.4,86.0,86.0,81.0,public,True,95.7,100.0,84.33,B,Pass
1002,male,group E,bachelor degree,free/reduced,False,6.6,8.0,80.0,100.0,71.0,private,True,93.1,100.0,83.67,B,Pass
1003,female,group C,associate degree,standard,False,11.5,6.5,62.0,50.0,62.0,public,True,78.5,100.0,58.0,C,Pass
1004,male,group C,bachelor degree,standard,False,14.7,6.4,81.0,75.0,48.0,public,False,79.0,100.0,68.0,C,Pass
1005,male,group E,some college,standard,False,7.1,7.9,78.0,62.0,75.0,public,True,87.2,100.0,71.67,B,Pass
1006,male,group E,high school,standard,True,10.0,6.2,76.0,59.0,55.0,public,True,82.3,100.0,63.33,C,Pass
1007,female,group C,high school,standard,False,14.2,7.9,66.0,51.0,56.0,public,False,82.5,100.0,57.67,C,Pass
1008,male,group B,some college,free/reduced,False,6.7,6.5,92.0,68.0,85.0,private,True,90.8,100.0,81.67,B,Pass
1009,male,group E,high school,standard,True,16.8,4.3,83.0,77.0,57.0,private,True,89.2,100.0,72.33,B,Pass
1010,female,group A,associate degree,standard,True,10.3,7.8,69.0,60.0,71.0,public,True,79.0,100.0,66.67,C,Pass
1011,male,group B,high school,standard,False,4.0,9.7,79.0,50.0,67.0,public,True,87.7,100.0,65.33,C,Pass
1012,male,group E,some college,standard,False,20.5,8.6,68.0,75.0,100.0,public,True,88.4,100.0,81.0,B,Pass
1013,female,group C,high school,standard,False,12.6,8.0,38.0,89.0,83.0,private,True,93.4,100.0,70.0,B,Pass
1014,female,group B,high school,standard,True,13.9,7.7,80.0,65.0,81.0,public,True,81.7,100.0,75.33,B,Pass
1015,female,group A,bachelor degree,standard,True,6.7,7.3,74.0,100.0,63.0,public,True,95.3,100.0,79.0,B,Pass
1016,female,group D,high school,free/reduced,False,9.6,4.0,43.0,71.0,63.0,private,False,79.5,100.0,59.0,C,Pass
1017,female,group D,high school,free/reduced,False,4.8,6.0,64.0,59.0,71.0,private,True,77.5,100.0,64.67,C,Pass
1018,female,group B,high school,standard,True,13.7,7.2,74.0,75.0,89.0,public,True,84.3,100.0,79.33,B,Pass
1019,male,group A,some college,standard,False,9.6,5.8,74.0,78.0,70.0,public,True,83.0,100.0,74.0,B,Pass
1020,female,group B,some college,standard,True,7.4,4.9,62.0,71.0,74.0,private,True,84.6,100.0,69.0,C,Pass
1021,male,group D,associate degree,free/reduced,True,8.0,5.6,88.0,70.0,72.0,public,False,88.3,100.0,76.67,B,Pass
1022,male,group D,associate degree,standard,True,12.5,8.5,39.0,72.0,67.0,private,True,75.9,100.0,59.33,C,Pass
1023,male,group D,some college,standard,False,6.6,6.8,84.0,65.0,100.0,private,True,88.1,100.0,83.0,B,Pass
1024,male,group A,associate degree,standard,False,11.9,8.4,68.0,64.0,78.0,international,True,93.7,100.0,70.0,B,Pass
1025,female,group D,master degree,standard,False,9.6,7.1,50.0,76.0,74.0,private,True,90.3,100.0,66.67,C,Pass
1026,male,group C,associate degree,standard,False,8.1,7.7,81.0,63.0,71.0,public,True,85.8,100.0,71.67,B,Pass
1027,male,group B,high school,standard,True,10.5,7.2,66.0,66.0,81.0,public,True,83.6,100.0,71.0,B,Pass
1028,female,group C,high school,standard,False,6.4,7.9,74.0,68.0,58.0,public,True,82.3,100.0,66.67,C,Pass
1029,female,group D,bachelor degree,free/reduced,True,9.6,9.5,73.0,89.0,71.0,public,True,89.0,100.0,77.67,B,Pass
1030,female,group D,some college,free/reduced,True,15.5,7.1,61.0,96.0,59.0,public,True,78.7,100.0,72.0,B,Pass
1031,female,group B,some college,standard,False,5.1,4.4,51.0,71.0,54.0,public,True,77.2,100.0,58.67,C,Pass
1032,male,group D,some college,free/reduced,False,9.6,7.2,48.0,73.0,59.0,public,True,70.7,100.0,60.0,C,Pass
1033,male,group C,high school,standard,True,19.5,8.3,37.0,81.0,66.0,public,False,81.5,100.0,61.33,C,Pass
1034,male,group E,high school,standard,False,12.8,8.7,64.0,65.0,70.0,public,True,84.8,100.0,66.33,C,Pass
1035,male,group B,bachelor degree,free/reduced,False,6.9,7.2,89.0,90.0,59.0,private,True,84.3,100.0,79.33,B,Pass
1036,male,group D,associate degree,standard,False,2.8,7.1,70.0,68.0,65.0,private,True,89.9,100.0,67.67,C,Pass
1037,male,group B,master degree,standard,False,5.8,5.3,68.0,43.0,71.0,public,True,73.0,100.0,60.67,C,Pass
1038,male,group E,some college,standard,False,9.6,7.5,69.0,71.0,78.0,public,True,76.7,100.0,72.67,B,Pass
1039,female,group D,master degree,free/reduced,True,3.4,7.2,58.0,80.0,70.0,private,False,83.9,100.0,69.33,C,Pass
1040,male,group C,bachelor degree,standard,True,12.2,8.2,50.0,44.0,85.0,public,True,84.1,100.0,59.67,C,Pass
1041,male,group C,high school,standard,True,17.1,8.3,77.0,77.0,88.0,private,True,95.7,100.0,80.67,B,Pass
1042,female,group C,associate degree,standard,False,10.3,8.5,74.0,78.0,63.0,public,True,81.4,100.0,71.67,B,Pass
1043,male,group E,high school,standard,True,20.0,6.1,45.0,68.0,71.0,public,True,84.8,100.0,61.33,C,Pass
1044,female,group D,some college,standard,True,9.6,6.5,77.0,68.0,53.0,public,False,81.2,100.0,66.0,C,Pass
1045,female,group C,bachelor degree,standard,False,8.7,7.2,73.0,53.0,96.0,public,True,83.7,100.0,74.0,B,Pass
1046,female,group E,bachelor degree,standard,False,8.1,6.2,77.0,52.0,71.0,public,True,86.0,100.0,66.67,C,Pass
1047,female,group D,some college,standard,True,9.6,8.1,73.0,63.0,55.0,private,True,83.7,100.0,63.67,C,Pass
1048,male,group C,high school,standard,False,16.1,7.9,72.0,86.0,75.0,public,True,78.2,100.0,77.67,B,Pass
1049,male,group C,high school,standard,False,3.7,7.2,78.0,55.0,78.0,public,True,90.5,100.0,70.33,B,Pass
1050,male,group E,high school,standard,True,10.1,7.2,73.0,65.0,71.0,international,False,89.6,100.0,69.67,C,Pass
1051,male,group E,master degree,standard,False,12.1,7.2,70.0,51.0,64.0,public,True,76.5,100.0,61.67,C,Pass
1052,female,group B,high school,free/reduced,True,14.7,9.1,44.0,65.0,74.0,public,True,81.4,100.0,61.0,C,Pass
1053,female,group C,associate degree,standard,True,11.2,6.7,56.0,48.0,66.0,public,True,80.1,100.0,56.67,C,Pass
1054,female,group A,associate degree,free/reduced,True,8.3,7.6,68.0,92.0,66.0,public,True,86.4,100.0,75.33,B,Pass
1055,male,group E,some college,standard,True,8.8,4.0,59.0,55.0,71.0,public,True,76.8,100.0,61.67,C,Pass
1056,female,group C,associate degree,free/reduced,True,15.3,7.6,81.0,58.0,66.0,public,True,79.0,100.0,68.33,C,Pass
1057,female,group B,bachelor degree,standard,True,9.6,8.6,60.0,80.0,77.0,public,True,83.8,100.0,72.33,B,Pass
1058,female,group C,bachelor degree,standard,True,4.5,6.1,69.0,84.0,73.0,private,True,91.0,100.0,75.33,B,Pass
1059,female,group C,associate degree,standard,True,0.0,8.2,100.0,75.0,85.0,public,True,92.4,100.0,86.67,A,Pass
1060,female,group D,associate degree,free/reduced,False,9.6,7.0,76.0,60.0,79.0,public,True,81.8,100.0,71.67,B,Pass
1061,male,group E,bachelor degree,standard,True,11.7,7.8,64.0,65.0,85.0,public,True,87.4,100.0,71.33,B,Pass
1062,male,group A,associate degree,standard,True,11.3,7.8,91.0,66.0,83.0,public,True,72.8,100.0,80.0,B,Pass
1063,female,group E,high school,standard,True,10.4,7.6,58.0,75.0,93.0,public,True,90.9,100.0,75.33,B,Pass
1064,male,group C,master degree,standard,False,2.9,9.0,73.0,74.0,54.0,public,True,73.1,100.0,67.0,C,Pass
1065,female,group A,bachelor degree,standard,False,12.9,6.8,69.0,83.0,47.0,public,True,79.7,100.0,66.33,C,Pass
1066,male,group B,high school,free/reduced,False,16.2,7.3,56.0,71.0,74.0,public,True,76.1,100.0,67.0,C,Pass
1067,female,group D,bachelor degree,standard,True,9.6,6.2,77.0,69.0,67.0,public,True,76.9,100.0,71.0,B,Pass
1068,male,group A,bachelor degree,standard,True,7.2,7.1,44.0,68.0,86.0,private,True,87.2,100.0,66.0,C,Pass
1069,female,group E,associate degree,standard,True,13.6,7.4,82.0,71.0,64.0,private,True,81.6,100.0,72.33,B,Pass
1070,male,group E,high school,standard,True,7.2,7.6,84.0,96.0,56.0,public,True,88.2,100.0,78.67,B,Pass
1071,male,group E,high school,free/reduced,False,9.6,7.9,71.0,64.0,62.0,public,True,81.0,100.0,65.67,C,Pass
1072,female,group B,bachelor degree,free/reduced,False,0.6,5.7,48.0,71.0,73.0,private,True,82.9,100.0,64.0,C,Pass
1073,male,group C,high school,standard,False,7.5,7.9,88.0,100.0,71.0,public,True,89.8,100.0,86.33,A,Pass
1074,male,group C,bachelor degree,free/reduced,True,13.4,8.1,70.0,71.0,70.0,private,True,76.6,100.0,70.33,B,Pass
1075,male,group D,high school,free/reduced,True,14.6,6.4,57.0,71.0,63.0,public,False,85.3,100.0,63.67,C,Pass
1076,male,group C,bachelor degree,free/reduced,False,9.9,6.8,58.0,75.0,77.0,private,True,80.5,100.0,70.0,B,Pass
1077,male,group D,high school,free/reduced,True,5.7,5.0,90.0,63.0,81.0,public,True,78.4,100.0,78.0,B,Pass
1078,female,group E,high school,free/reduced,False,9.6,9.9,65.0,67.0,62.0,public,True,78.7,100.0,64.67,C,Pass
1079,female,group B,bachelor degree,standard,False,10.4,5.9,60.0,75.0,51.0,public,True,87.3,100.0,62.0,C,Pass
1080,male,group B,high school,standard,True,15.0,8.5,55.0,73.0,85.0,international,True,87.7,100.0,71.0,B,Pass
1081,female,group E,high school,standard,True,16.5,7.7,94.0,88.0,49.0,international,True,84.1,100.0,77.0,B,Pass
1082,male,group B,bachelor degree,standard,False,7.1,8.7,77.0,100.0,80.0,public,True,87.5,100.0,85.67,A,Pass
1083,male,group E,bachelor degree,standard,True,7.7,9.2,80.0,93.0,96.0,public,True,89.3,100.0,89.67,A,Pass
1084,female,group B,associate degree,standard,False,13.2,7.2,69.0,86.0,74.0,public,True,95.9,100.0,76.33,B,Pass
1085,female,group C,high school,free/reduced,True,9.6,8.6,66.0,64.0,63.0,public,True,82.6,100.0,64.33,C,Pass
1086,male,group E,some college,free/reduced,False,6.8,8.2,55.0,68.0,87.0,private,True,85.2,100.0,70.0,B,Pass
1087,male,group E,some college,standard,False,9.6,9.1,57.0,92.0,70.0,private,True,89.4,100.0,73.0,B,Pass
1088,male,group A,bachelor degree,standard,False,6.8,8.4,66.0,92.0,60.0,private,True,85.3,100.0,72.67,B,Pass
1089,male,group A,bachelor degree,free/reduced,False,9.6,7.6,83.0,58.0,82.0,private,True,83.4,100.0,74.33,B,Pass
1090,female,group D,high school,standard,False,4.3,5.8,95.0,90.0,79.0,public,True,89.2,100.0,88.0,A,Pass
1091,male,group B,some college,standard,False,5.8,6.6,75.0,80.0,47.0,public,True,81.6,100.0,67.33,C,Pass
1092,female,group A,bachelor degree,standard,False,10.0,7.6,93.0,67.0,81.0,public,False,86.9,100.0,80.33,B,Pass
1093,female,group B,high school,standard,False,8.6,6.1,67.0,71.0,83.0,public,True,88.1,100.0,73.67,B,Pass
1094,female,group A,high school,standard,True,9.3,7.6,64.0,73.0,60.0,public,True,81.5,100.0,65.67,C,Pass
1095,male,group E,some college,free/reduced,False,10.1,5.4,75.0,51.0,86.0,public,True,86.9,100.0,70.67,B,Pass
1096,female,group D,high school,free/reduced,True,11.3,5.6,96.0,66.0,62.0,public,True,84.5,100.0,74.67,B,Pass
1097,male,group E,associate degree,free/reduced,False,13.0,6.4,57.0,71.0,84.0,public,True,83.5,100.0,70.67,B,Pass
1098,male,group C,associate degree,standard,False,9.6,7.1,61.0,50.0,85.0,private,True,71.1,100.0,65.33,C,Pass
1099,female,group A,some college,standard,True,8.2,8.9,50.0,62.0,84.0,public,True,85.7,100.0,65.33,C,Pass
1100,female,group D,high school,free/reduced,True,19.2,7.7,89.0,90.0,61.0,public,True,88.7,100.0,80.0,B,Pass
1101,female,group B,associate degree,standard,False,8.8,8.5,51.0,86.0,64.0,public,True,86.8,100.0,67.0,C,Pass
1102,female,group D,bachelor degree,standard,False,8.1,8.2,51.0,72.0,77.0,public,True,67.2,100.0,66.67,C,Pass
1103,female,group E,some college,free/reduced,False,15.5,7.9,80.0,80.0,53.0,public,True,93.8,100.0,71.0,B,Pass
1104,male,group A,some college,free/reduced,True,12.7,4.2,86.0,68.0,91.0,private,True,87.0,100.0,81.67,B,Pass
1105,male,group A,bachelor degree,standard,True,8.3,5.5,63.0,87.0,61.0,public,True,88.7,100.0,70.33,B,Pass
1106,male,group C,some college,standard,False,15.3,8.3,70.0,67.0,54.0,public,True,75.3,100.0,63.67,C,Pass
1107,female,group D,some college,free/reduced,True,14.4,7.1,44.0,58.0,83.0,public,True,82.7,100.0,61.67,C,Pass
1108,male,group C,associate degree,standard,False,8.0,8.6,71.0,67.0,69.0,public,True,77.3,100.0,69.0,C,Pass
1109,male,group C,bachelor degree,standard,True,16.6,6.7,61.0,71.0,80.0,public,True,80.1,100.0,70.67,B,Pass
1110,male,group A,some college,free/reduced,True,12.4,5.5,76.0,56.0,59.0,public,True,90.0,100.0,63.67,C,Pass
1111,male,group C,high school,standard,True,8.6,10.0,63.0,75.0,70.0,public,True,81.8,100.0,69.33,C,Pass
1112,female,group B,some college,standard,True,9.1,7.2,83.0,70.0,50.0,private,True,83.2,100.0,67.67,C,Pass
1113,male,group C,some college,standard,False,15.8,7.4,39.0,67.0,76.0,public,True,83.6,100.0,60.67,C,Pass
1114,female,group E,some college,standard,False,15.0,5.2,68.0,70.0,68.0,private,False,84.9,100.0,68.67,C,Pass
1115,female,group B,some college,free/reduced,True,9.6,5.8,52.0,25.0,61.0,public,True,74.2,100.0,46.0,D,Pass
1116,male,group E,some college,standard,True,10.0,5.1,79.0,37.0,87.0,public,False,83.9,100.0,67.67,C,Pass
1117,female,group E,associate degree,standard,False,6.5,4.2,82.0,77.0,64.0,private,True,96.8,100.0,74.33,B,Pass
1118,male,group B,some college,free/reduced,False,13.7,5.0,62.0,53.0,84.0,international,True,81.2,100.0,66.33,C,Pass
1119,female,group A,bachelor degree,free/reduced,False,6.2,8.3,52.0,45.0,71.0,international,True,78.4,100.0,56.0,C,Pass
1120,male,group C,associate degree,standard,True,10.1,6.6,70.0,43.0,77.0,public,True,85.6,100.0,63.33,C,Pass
1121,male,group B,master degree,free/reduced,True,6.4,7.2,50.0,42.0,59.0,public,True,80.7,100.0,50.33,D,Pass
1122,female,group A,high school,standard,True,3.0,8.2,79.0,59.0,69.0,private,True,88.5,100.0,69.0,C,Pass
1123,male,group E,high school,standard,False,9.6,7.2,66.0,53.0,83.0,public,True,85.1,100.0,67.33,C,Pass
1124,male,group C,master degree,standard,True,14.3,8.1,48.0,90.0,72.0,public,True,77.3,100.0,70.0,B,Pass
1125,male,group E,bachelor degree,free/reduced,True,15.5,5.4,83.0,69.0,88.0,public,True,95.2,100.0,80.0,B,Pass
1126,male,group A,bachelor degree,standard,True,17.0,7.2,53.0,74.0,100.0,public,True,79.5,100.0,75.67,B,Pass
1127,male,group A,associate degree,standard,True,11.5,8.0,54.0,47.0,54.0,public,True,77.2,100.0,51.67,D,Pass
1128,female,group B,some college,free/reduced,True,11.6,10.4,61.0,56.0,58.0,public,True,74.6,100.0,58.33,C,Pass
1129,female,group C,master degree,free/reduced,False,9.5,5.9,67.0,77.0,56.0,international,True,81.3,100.0,66.67,C,Pass
1130,female,group E,associate degree,standard,False,9.1,7.5,90.0,73.0,73.0,public,True,88.1,100.0,78.67,B,Pass
1131,female,group C,bachelor degree,standard,True,14.0,7.3,81.0,96.0,53.0,public,True,87.3,100.0,76.67,B,Pass
1132,female,group C,high school,free/reduced,False,5.8,7.9,53.0,78.0,67.0,private,True,83.5,100.0,66.0,C,Pass
1133,female,group C,associate degree,free/reduced,False,4.2,7.6,63.0,27.0,76.0,public,True,85.2,100.0,55.33,C,Pass
1134,male,group D,high school,standard,True,9.6,7.6,24.0,71.0,71.0,public,True,79.1,100.0,55.33,C,Pass
1135,male,group E,high school,standard,True,15.6,7.0,69.0,71.0,73.0,public,False,82.0,100.0,71.0,B,Pass
1136,female,group B,high school,free/reduced,False,8.0,5.1,64.0,69.0,63.0,public,True,86.0,100.0,65.33,C,Pass
1137,female,group E,high school,standard,False,8.7,5.1,43.0,49.0,75.0,international,True,83.2,100.0,55.67,C,Pass
1138,female,group E,high school,free/reduced,True,0.0,5.2,91.0,70.0,68.0,private,True,79.4,100.0,76.33,B,Pass
1139,female,group E,master degree,standard,False,8.1,5.1,67.0,78.0,64.0,public,True,85.9,100.0,69.67,C,Pass
1140,female,group B,some college,standard,True,8.7,7.7,91.0,76.0,52.0,public,True,87.7,100.0,73.0,B,Pass
1141,female,group A,bachelor degree,standard,False,6.7,8.2,67.0,87.0,67.0,public,True,83.0,100.0,73.67,B,Pass
1142,male,group B,some college,standard,True,12.4,6.5,59.0,58.0,58.0,private,True,85.2,100.0,58.33,C,Pass
1143,male,group E,master degree,standard,False,5.8,7.0,92.0,86.0,58.0,public,True,85.7,100.0,78.67,B,Pass
1144,female,group B,bachelor degree,standard,False,9.2,8.9,43.0,54.0,58.0,private,True,76.3,100.0,51.67,D,Pass
1145,female,group A,high school,standard,True,19.4,6.0,92.0,53.0,90.0,public,True,85.5,100.0,78.33,B,Pass
1146,female,group B,high school,standard,False,2.3,8.0,63.0,77.0,95.0,international,True,86.4,100.0,78.33,B,Pass
1147,male,group E,high school,free/reduced,False,5.6,7.2,61.0,51.0,77.0,public,True,74.7,100.0,63.0,C,Pass
1148,female,group C,bachelor degree,standard,False,12.8,7.8,85.0,74.0,50.0,public,False,75.7,100.0,69.67,C,Pass
1149,female,group C,high school,standard,True,9.6,6.2,68.0,76.0,71.0,private,True,91.6,100.0,71.67,B,Pass
1150,female,group E,some college,standard,False,17.2,7.2,90.0,75.0,49.0,public,True,79.3,100.0,71.33,B,Pass
1151,female,group D,master degree,standard,False,10.8,7.0,94.0,61.0,77.0,international,True,81.0,100.0,77.33,B,Pass
1152,female,group D,high school,standard,False,8.9,7.0,69.0,78.0,71.0,private,True,73.3,100.0,72.67,B,Pass
1153,female,group A,some college,standard,True,8.3,7.6,80.0,85.0,71.0,public,True,83.1,100.0,78.67,B,Pass
1154,female,group B,bachelor degree,standard,True,13.4,8.5,85.0,85.0,87.0,public,True,82.7,100.0,85.67,A,Pass
1155,female,group C,master degree,free/reduced,False,9.0,5.0,96.0,83.0,44.0,private,True,92.9,100.0,74.33,B,Pass
1156,female,group D,master degree,standard,True,2.5,4.6,43.0,66.0,80.0,public,True,85.2,100.0,63.0,C,Pass
1157,male,group A,bachelor degree,free/reduced,False,8.3,6.7,67.0,71.0,14.0,public,True,71.7,100.0,50.67,D,Pass
1158,male,group C,associate degree,free/reduced,True,8.1,6.2,47.0,71.0,62.0,public,True,90.1,100.0,60.0,C,Pass
1159,female,group D,associate degree,standard,False,9.6,7.0,62.0,71.0,53.0,public,True,84.6,100.0,62.0,C,Pass
1160,female,group C,master degree,free/reduced,True,14.0,6.5,45.0,84.0,68.0,public,True,79.6,100.0,65.67,C,Pass
1161,male,group D,bachelor degree,free/reduced,True,1.3,8.2,61.0,79.0,79.0,public,True,71.7,100.0,73.0,B,Pass
1162,male,group A,master degree,free/reduced,False,1.0,7.2,65.0,56.0,66.0,private,True,91.4,100.0,62.33,C,Pass
1163,female,group D,high school,free/reduced,False,15.5,5.2,86.0,99.0,80.0,private,True,83.4,100.0,88.33,A,Pass
1164,male,group D,some college,standard,False,2.5,6.3,89.0,73.0,62.0,private,True,76.6,100.0,74.67,B,Pass
1165,male,group E,some college,free/reduced,False,5.4,7.5,91.0,47.0,60.0,public,True,86.5,100.0,66.0,C,Pass
1166,female,group B,some college,free/reduced,False,16.2,8.7,100.0,79.0,61.0,public,True,99.2,100.0,80.0,B,Pass
1167,male,group B,associate degree,standard,False,8.6,6.8,97.0,64.0,68.0,international,True,92.5,100.0,76.33,B,Pass
1168,male,group D,some college,standard,True,10.9,7.2,72.0,55.0,70.0,international,True,84.1,100.0,65.67,C,Pass
1169,male,group D,high school,standard,False,4.9,5.5,80.0,72.0,54.0,public,True,85.4,100.0,68.67,C,Pass
1170,male,group A,some college,free/reduced,False,9.6,7.2,49.0,83.0,59.0,public,True,84.7,100.0,63.67,C,Pass
1171,male,group D,associate degree,standard,False,13.4,8.8,61.0,79.0,55.0,international,True,84.8,100.0,65.0,C,Pass
1172,female,group C,high school,standard,True,7.2,7.2,75.0,85.0,70.0,public,False,87.1,100.0,76.67,B,Pass
1173,female,group B,master degree,standard,False,8.2,7.7,66.0,69.0,100.0,private,True,86.9,100.0,78.33,B,Pass
1174,female,group A,some college,standard,True,6.6,6.4,54.0,80.0,69.0,public,True,81.8,100.0,67.67,C,Pass
1175,male,group E,high school,free/reduced,False,11.9,8.0,58.0,88.0,61.0,international,True,78.8,100.0,69.0,C,Pass
1176,male,group C,some college,free/reduced,False,9.7,7.1,79.0,56.0,88.0,public,True,83.3,100.0,74.33,B,Pass
1177,female,group D,high school,standard,False,10.6,9.6,78.0,55.0,83.0,public,True,75.3,100.0,72.0,B,Pass
1178,female,group B,some college,standard,True,9.4,7.1,80.0,70.0,66.0,private,True,83.3,100.0,72.0,B,Pass
1179,female,group B,high school,free/reduced,True,9.1,4.6,50.0,60.0,61.0,international,True,72.9,100.0,57.0,C,Pass
1180,female,group C,some college,free/reduced,True,0.4,6.3,73.0,71.0,71.0,public,True,78.0,100.0,71.67,B,Pass
1181,female,group E,high school,standard,True,4.8,5.7,88.0,100.0,50.0,international,False,87.6,100.0,79.33,B,Pass
1182,male,group B,master degree,free/reduced,False,6.7,9.5,77.0,51.0,79.0,public,True,89.6,100.0,69.0,C,Pass
1183,female,group E,some college,standard,False,9.6,6.1,77.0,58.0,63.0,public,True,86.0,100.0,66.0,C,Pass
1184,female,group C,master degree,free/reduced,False,4.2,7.4,51.0,64.0,41.0,public,True,67.9,100.0,52.0,D,Pass
1185,female,group C,some college,standard,True,11.3,8.7,78.0,86.0,82.0,public,True,82.9,100.0,82.0,B,Pass
1186,male,group B,high school,free/reduced,False,6.9,6.9,70.0,62.0,67.0,public,True,86.2,100.0,66.33,C,Pass
1187,male,group E,high school,standard,False,11.6,6.3,68.0,66.0,68.0,private,True,77.0,100.0,67.33,C,Pass
1188,female,group E,high school,free/reduced,False,9.6,7.7,71.0,84.0,72.0,public,True,84.1,100.0,75.67,B,Pass
1189,female,group C,high school,standard,True,18.6,8.8,51.0,51.0,69.0,private,True,80.6,100.0,57.0,C,Pass
1190,female,group B,high school,standard,True,6.9,5.8,70.0,66.0,84.0,private,True,79.5,100.0,73.33,B,Pass
1191,female,group E,some college,free/reduced,True,14.9,7.9,73.0,69.0,69.0,private,True,83.7,100.0,70.33,B,Pass
1192,female,group B,bachelor degree,standard,False,9.6,9.4,51.0,83.0,77.0,public,True,76.5,100.0,70.33,B,Pass
1193,female,group B,high school,standard,True,9.6,7.6,75.0,40.0,84.0,private,False,78.5,100.0,66.33,C,Pass
1194,male,group A,some college,standard,True,14.6,7.2,77.0,62.0,76.0,public,True,85.3,100.0,71.67,B,Pass
1195,female,group A,master degree,standard,False,13.7,7.6,70.0,69.0,73.0,international,True,75.3,100.0,70.67,B,Pass
1196,male,group B,some college,free/reduced,False,2.4,9.5,61.0,47.0,44.0,public,True,77.5,100.0,50.67,D,Pass
1197,male,group D,some college,free/reduced,True,11.2,6.0,100.0,71.0,65.0,international,False,86.2,100.0,78.67,B,Pass
1198,female,group C,associate degree,standard,True,8.4,8.1,82.0,73.0,64.0,public,True,87.0,100.0,73.0,B,Pass
1199,female,group C,high school,standard,False,2.8,7.8,55.0,80.0,45.0,public,True,80.1,100.0,60.0,C,Pass
1200,female,group B,bachelor degree,free/reduced,True,7.8,8.0,52.0,73.0,88.0,public,True,90.2,100.0,71.0,B,Pass
1201,male,group E,high school,standard,False,6.6,4.8,81.0,80.0,62.0,private,True,85.4,100.0,74.33,B,Pass
1202,female,group C,high school,standard,False,7.5,5.2,46.0,82.0,93.0,public,True,82.3,100.0,73.67,B,Pass
1203,male,group D,high school,standard,False,13.5,8.0,81.0,66.0,66.0,public,True,84.0,100.0,71.0,B,Pass
1204,male,group D,high school,standard,False,9.6,8.7,83.0,70.0,65.0,public,True,86.8,100.0,72.67,B,Pass
1205,female,group C,high school,standard,False,8.1,7.8,74.0,65.0,81.0,public,True,84.6,100.0,73.33,B,Pass
1206,male,group D,master degree,standard,False,11.1,6.7,78.0,74.0,48.0,public,True,81.9,100.0,66.67,C,Pass
1207,female,group C,some college,standard,True,7.3,6.5,67.0,62.0,64.0,public,False,77.2,100.0,64.33,C,Pass
1208,male,group C,bachelor degree,standard,True,9.4,8.9,79.0,62.0,73.0,public,True,80.2,100.0,71.33,B,Pass
1209,male,group C,bachelor degree,free/reduced,True,7.9,5.7,48.0,68.0,71.0,public,True,72.9,100.0,62.33,C,Pass
1210,male,group E,bachelor degree,standard,True,4.7,7.2,86.0,71.0,63.0,public,False,92.9,100.0,73.33,B,Pass
1211,male,group D,associate degree,free/reduced,False,11.3,7.3,69.0,74.0,85.0,public,True,79.2,100.0,76.0,B,Pass
1212,male,group A,some college,standard,False,13.3,7.1,84.0,71.0,58.0,private,False,79.8,100.0,71.0,B,Pass
1213,female,group E,high school,free/reduced,False,19.2,6.3,66.0,66.0,85.0,public,True,80.3,100.0,72.33,B,Pass
1214,female,group C,bachelor degree,free/reduced,True,12.0,5.9,72.0,84.0,76.0,public,True,90.4,100.0,77.33,B,Pass
1215,male,group C,high school,standard,False,8.2,3.0,58.0,51.0,67.0,public,False,77.0,100.0,58.67,C,Pass
1216,male,group E,bachelor degree,standard,True,7.6,7.7,51.0,100.0,60.0,public,False,89.4,100.0,70.33,B,Pass
1217,female,group B,high school,free/reduced,False,4.7,8.2,85.0,60.0,79.0,public,True,81.5,100.0,74.67,B,Pass
1218,female,group D,high school,free/reduced,False,14.3,9.1,94.0,62.0,81.0,public,True,88.0,100.0,79.0,B,Pass
1219,female,group C,associate degree,free/reduced,False,12.7,7.2,68.0,54.0,81.0,private,True,77.9,100.0,67.67,C,Pass
1220,male,group C,high school,standard,False,9.6,7.8,73.0,59.0,63.0,international,False,91.7,100.0,65.0,C,Pass
1221,male,group C,bachelor degree,free/reduced,True,9.6,7.2,55.0,78.0,83.0,international,True,77.9,100.0,72.0,B,Pass
1222,male,group C,high school,standard,True,13.9,5.7,30.0,83.0,65.0,public,True,80.3,100.0,59.33,C,Pass
1223,female,group A,some college,standard,True,9.6,7.4,78.0,81.0,66.0,public,True,88.2,100.0,75.0,B,Pass
1224,female,group D,bachelor degree,free/reduced,False,8.5,4.3,74.0,66.0,71.0,public,True,85.1,100.0,70.33,B,Pass
1225,female,group B,high school,standard,True,7.7,6.4,63.0,58.0,73.0,international,True,79.9,100.0,64.67,C,Pass
1226,male,group E,high school,standard,False,3.7,7.6,70.0,62.0,71.0,public,True,81.3,100.0,67.67,C,Pass
1227,male,group E,high school,standard,False,15.7,7.0,63.0,58.0,49.0,public,True,77.9,100.0,56.67,C,Pass
1228,male,group E,some college,standard,False,15.2,7.2,44.0,55.0,72.0,public,True,77.1,100.0,57.0,C,Pass
1229,male,group C,bachelor degree,standard,True,18.0,7.7,53.0,79.0,66.0,public,True,86.2,100.0,66.0,C,Pass
1230,male,group A,high school,standard,False,13.2,6.7,68.0,59.0,52.0,public,False,89.9,100.0,59.67,C,Pass
1231,male,group E,some college,free/reduced,False,11.4,7.5,66.0,76.0,64.0,public,True,79.7,100.0,68.67,C,Pass
1232,male,group B,master degree,standard,False,11.9,5.8,47.0,70.0,82.0,public,False,74.7,100.0,66.33,C,Pass
1233,female,group C,master degree,standard,False,9.6,7.2,47.0,80.0,92.0,public,True,83.8,100.0,73.0,B,Pass
1234,female,group D,high school,standard,False,16.7,7.1,96.0,81.0,72.0,public,True,100.0,100.0,83.0,B,Pass
1235,male,group C,associate degree,standard,False,12.4,8.3,79.0,66.0,60.0,public,True,78.3,100.0,68.33,C,Pass
1236,male,group D,high school,standard,True,12.4,9.3,79.0,63.0,80.0,private,True,92.8,100.0,74.0,B,Pass
1237,female,group A,high school,standard,False,6.5,9.4,81.0,86.0,75.0,public,True,95.7,100.0,80.67,B,Pass
1238,female,group B,some college,free/reduced,True,9.4,7.7,74.0,45.0,83.0,public,True,79.2,100.0,67.33,C,Pass
1239,male,group A,associate degree,standard,False,15.5,7.1,66.0,83.0,77.0,public,True,88.0,100.0,75.33,B,Pass
1240,male,group E,high school,standard,False,10.9,7.7,65.0,84.0,71.0,public,True,92.3,100.0,73.33,B,Pass
1241,female,group A,high school,standard,False,10.1,9.2,55.0,62.0,66.0,public,True,77.5,100.0,61.0,C,Pass
1242,male,group C,high school,free/reduced,False,11.1,7.8,63.0,56.0,49.0,public,False,76.4,100.0,56.0,C,Pass
1243,male,group B,some college,standard,False,9.7,7.3,59.0,72.0,83.0,public,True,80.6,100.0,71.33,B,Pass
1244,male,group C,associate degree,standard,False,8.8,7.4,88.0,79.0,86.0,private,True,83.7,100.0,84.33,B,Pass
1245,female,group D,high school,free/reduced,True,11.1,7.1,58.0,50.0,50.0,public,True,72.8,100.0,52.67,D,Pass
1246,male,group D,high school,standard,True,5.2,7.4,100.0,84.0,60.0,private,True,81.4,100.0,81.33,B,Pass
1247,female,group E,some college,standard,True,11.8,6.6,57.0,53.0,73.0,private,True,79.6,100.0,61.0,C,Pass
1248,female,group A,associate degree,standard,True,12.8,10.1,81.0,100.0,54.0,public,True,82.5,100.0,78.33,B,Pass
1249,female,group B,associate degree,free/reduced,False,16.4,8.0,67.0,71.0,80.0,public,True,85.2,100.0,72.67,B,Pass
1250,male,group C,some college,standard,True,8.0,5.8,100.0,59.0,73.0,public,True,78.2,100.0,77.33,B,Pass
1251,female,group E,high school,standard,False,3.9,7.2,64.0,86.0,71.0,private,True,86.1,100.0,73.67,B,Pass
1252,male,group B,high school,free/reduced,False,3.9,5.5,47.0,78.0,71.0,international,True,85.2,100.0,65.33,C,Pass
1253,female,group E,bachelor degree,standard,False,16.6,7.1,92.0,69.0,80.0,private,True,77.2,100.0,80.33,B,Pass
1254,female,group C,associate degree,standard,False,9.6,7.1,46.0,71.0,71.0,private,True,81.7,100.0,62.67,C,Pass
1255,male,group D,high school,standard,True,9.9,5.9,100.0,71.0,38.0,public,False,88.9,100.0,69.67,C,Pass
1256,female,group E,associate degree,standard,False,11.3,7.2,85.0,77.0,51.0,international,True,77.4,100.0,71.0,B,Pass
1257,female,group B,high school,standard,False,17.7,7.2,86.0,64.0,68.0,public,True,92.4,100.0,72.67,B,Pass
1258,male,group C,some college,standard,False,13.9,6.6,57.0,73.0,71.0,public,True,83.8,100.0,67.0,C,Pass
1259,male,group C,associate degree,standard,False,2.1,6.8,100.0,50.0,59.0,public,False,79.3,100.0,69.67,C,Pass
1260,male,group A,high school,standard,False,13.1,7.2,73.0,77.0,54.0,private,True,81.9,100.0,68.0,C,Pass
1261,male,group A,high school,standard,False,12.6,6.8,62.0,68.0,100.0,public,True,88.5,100.0,76.67,B,Pass
1262,female,group B,high school,standard,True,6.0,7.0,61.0,71.0,69.0,public,False,82.0,100.0,67.0,C,Pass
1263,female,group B,bachelor degree,standard,True,17.2,8.8,94.0,77.0,78.0,public,False,90.9,100.0,83.0,B,Pass
1264,female,group C,bachelor degree,standard,True,9.4,8.5,66.0,79.0,50.0,public,True,76.4,100.0,65.0,C,Pass
1265,male,group E,high school,standard,True,12.5,5.7,86.0,81.0,89.0,public,True,90.0,100.0,85.33,A,Pass
1266,female,group C,bachelor degree,standard,False,12.9,6.1,59.0,69.0,57.0,public,True,72.6,100.0,61.67,C,Pass
1267,male,group C,some college,standard,False,8.6,8.3,74.0,70.0,90.0,private,True,85.6,100.0,78.0,B,Pass
1268,male,group C,high school,standard,False,11.7,8.4,41.0,44.0,62.0,private,True,70.1,100.0,49.0,D,Pass
1269,female,group C,bachelor degree,free/reduced,True,17.1,6.5,52.0,70.0,63.0,private,False,76.0,100.0,61.67,C,Pass
1270,male,group E,some college,standard,False,10.6,11.0,63.0,84.0,54.0,private,True,88.0,100.0,67.0,C,Pass
1271,male,group B,associate degree,standard,False,10.3,6.5,66.0,69.0,76.0,public,False,88.6,100.0,70.33,B,Pass
1272,male,group E,bachelor degree,free/reduced,True,21.9,7.8,69.0,36.0,77.0,public,True,82.3,100.0,60.67,C,Pass
1273,female,group B,some college,free/reduced,True,3.8,7.2,63.0,80.0,80.0,public,True,79.3,100.0,74.33,B,Pass
1274,female,group C,associate degree,standard,True,9.6,5.9,64.0,81.0,89.0,private,True,84.6,100.0,78.0,B,Pass
1275,female,group E,associate degree,standard,False,13.4,7.3,74.0,66.0,67.0,private,False,88.7,100.0,69.0,C,Pass
1276,male,group A,bachelor degree,standard,True,12.4,7.8,71.0,80.0,79.0,private,True,86.4,100.0,76.67,B,Pass
1277,female,group D,some college,standard,True,2.6,7.5,70.0,76.0,98.0,private,True,99.1,100.0,81.33,B,Pass
1278,female,group D,high school,standard,True,6.6,6.5,85.0,87.0,45.0,public,True,85.9,100.0,72.33,B,Pass
1279,male,group B,high school,standard,True,9.5,7.0,62.0,44.0,61.0,public,True,78.2,100.0,55.67,C,Pass
1280,male,group C,high school,standard,True,7.6,4.6,52.0,67.0,72.0,international,True,78.9,100.0,63.67,C,Pass
1281,male,group C,bachelor degree,free/reduced,False,6.7,5.0,74.0,85.0,87.0,public,True,88.5,100.0,82.0,B,Pass
1282,female,group D,associate degree,free/reduced,False,15.2,6.2,53.0,54.0,55.0,public,True,75.8,100.0,54.0,D,Pass
1283,female,group D,high school,free/reduced,True,9.3,9.2,64.0,44.0,83.0,public,True,84.0,100.0,63.67,C,Pass
1284,female,group C,high school,free/reduced,True,9.1,7.1,72.0,72.0,66.0,private,True,87.8,100.0,70.0,B,Pass
1285,male,group C,some college,standard,True,8.6,7.3,60.0,79.0,77.0,private,True,79.9,100.0,72.0,B,Pass
1286,male,group D,high school,standard,False,4.9,7.3,82.0,85.0,65.0,public,True,79.3,100.0,77.33,B,Pass
1287,female,group A,associate degree,standard,False,6.5,6.4,49.0,44.0,52.0,public,True,65.2,100.0,48.33,D,Pass
1288,male,group B,bachelor degree,standard,False,11.9,7.4,69.0,48.0,75.0,private,True,83.1,100.0,64.0,C,Pass
1289,male,group A,high school,free/reduced,False,9.9,9.0,79.0,61.0,71.0,public,True,77.6,100.0,70.33,B,Pass
1290,male,group A,high school,free/reduced,False,3.9,6.1,63.0,72.0,72.0,public,True,71.8,100.0,69.0,C,Pass
1291,female,group C,bachelor degree,standard,False,21.0,5.6,62.0,76.0,62.0,international,True,83.6,100.0,66.67,C,Pass
1292,female,group B,bachelor degree,free/reduced,False,11.2,8.5,77.0,71.0,58.0,public,True,94.8,100.0,68.67,C,Pass
1293,male,group E,master degree,standard,True,9.6,9.5,58.0,77.0,55.0,public,True,80.3,100.0,63.33,C,Pass
1294,male,group E,some college,standard,True,9.4,6.9,58.0,71.0,70.0,public,False,85.6,100.0,66.33,C,Pass
1295,male,group D,high school,standard,False,12.6,4.7,56.0,71.0,75.0,public,False,82.2,100.0,67.33,C,Pass
1296,female,group B,associate degree,standard,False,9.5,5.7,100.0,79.0,91.0,public,True,90.5,100.0,90.0,A,Pass
1297,female,group E,master degree,free/reduced,False,13.9,7.7,68.0,79.0,71.0,public,True,88.7,100.0,72.67,B,Pass
1298,male,group A,high school,free/reduced,False,9.6,7.5,34.0,67.0,68.0,public,True,76.1,100.0,56.33,C,Pass
1299,male,group C,high school,free/reduced,True,9.6,5.6,68.0,71.0,71.0,private,True,84.1,100.0,70.0,B,Pass
1300,male,group E,high school,free/reduced,False,15.4,8.0,55.0,71.0,53.0,international,True,80.5,100.0,59.67,C,Pass
1301,female,group C,bachelor degree,free/reduced,False,7.2,7.2,55.0,100.0,73.0,private,True,82.1,100.0,76.0,B,Pass
1302,male,group B,high school,standard,False,15.4,7.1,49.0,72.0,65.0,private,False,84.8,100.0,62.0,C,Pass
1303,female,group B,some college,standard,False,11.0,7.2,99.0,75.0,26.0,public,True,80.8,100.0,66.67,C,Pass
1304,female,group D,some college,free/reduced,True,15.5,9.3,70.0,78.0,71.0,public,True,80.3,100.0,73.0,B,Pass
1305,female,group E,bachelor degree,standard,True,5.2,7.5,93.0,72.0,70.0,public,True,89.0,100.0,78.33,B,Pass
1306,female,group B,some college,standard,False,6.3,7.2,63.0,84.0,44.0,public,True,76.0,100.0,63.67,C,Pass
1307,male,group A,some college,standard,False,11.9,7.4,72.0,50.0,86.0,public,True,82.9,100.0,69.33,C,Pass
1308,female,group E,master degree,standard,True,9.6,6.5,64.0,81.0,41.0,public,False,79.8,100.0,62.0,C,Pass
1309,male,group C,high school,free/reduced,False,8.4,5.0,42.0,85.0,57.0,public,False,85.0,100.0,61.33,C,Pass
1310,male,group B,high school,standard,True,7.0,7.4,75.0,71.0,86.0,public,True,88.3,100.0,77.33,B,Pass
1311,female,group E,some college,standard,True,9.8,7.2,53.0,80.0,66.0,public,False,81.4,100.0,66.33,C,Pass
1312,female,group C,associate degree,free/reduced,False,8.4,3.0,76.0,83.0,70.0,private,True,89.6,100.0,76.33,B,Pass
1313,female,group E,some college,free/reduced,True,10.3,9.3,58.0,76.0,66.0,private,True,88.6,100.0,66.67,C,Pass
1314,female,group E,high school,standard,False,0.0,5.6,49.0,85.0,70.0,private,True,85.0,100.0,68.0,C,Pass
1315,female,group E,high school,free/reduced,False,4.2,7.2,45.0,68.0,60.0,public,False,78.1,100.0,57.67,C,Pass
1316,female,group A,some college,standard,False,12.9,8.4,44.0,71.0,72.0,public,True,73.2,100.0,62.33,C,Pass
1317,male,group A,some college,standard,False,9.6,6.2,58.0,60.0,79.0,public,False,75.9,100.0,65.67,C,Pass
1318,female,group C,high school,standard,True,20.2,10.1,90.0,57.0,88.0,public,False,84.8,100.0,78.33,B,Pass
1319,female,group B,master degree,standard,False,7.7,6.6,79.0,72.0,74.0,public,True,82.0,100.0,75.0,B,Pass
1320,male,group E,associate degree,standard,False,7.9,7.1,58.0,87.0,80.0,public,True,84.1,100.0,75.0,B,Pass
1321,female,group E,high school,standard,True,10.2,8.5,95.0,91.0,71.0,private,True,89.4,100.0,85.67,A,Pass
1322,female,group B,high school,standard,False,11.8,6.5,58.0,74.0,83.0,international,True,86.3,100.0,71.67,B,Pass
1323,female,group B,master degree,standard,True,1.2,6.7,81.0,71.0,83.0,public,True,86.0,100.0,78.33,B,Pass
1324,female,group A,high school,standard,False,3.6,8.6,58.0,64.0,63.0,private,True,82.1,100.0,61.67,C,Pass
1325,male,group D,high school,standard,False,11.1,10.2,54.0,71.0,81.0,public,True,82.7,100.0,68.67,C,Pass
1326,female,group D,master degree,free/reduced,True,21.8,7.2,100.0,71.0,68.0,public,True,76.9,100.0,79.67,B,Pass
1327,female,group D,high school,free/reduced,True,10.9,8.3,69.0,87.0,78.0,public,True,81.5,100.0,78.0,B,Pass
1328,female,group B,high school,standard,False,9.6,6.1,62.0,65.0,43.0,public,True,76.9,100.0,56.67,C,Pass
1329,female,group D,high school,standard,False,16.9,7.4,71.0,63.0,71.0,public,True,76.2,100.0,68.33,C,Pass
1330,female,group D,high school,standard,False,9.2,7.1,84.0,68.0,58.0,public,True,86.0,100.0,70.0,B,Pass
1331,male,group D,some college,free/reduced,True,8.3,9.5,61.0,90.0,65.0,international,True,91.5,100.0,72.0,B,Pass
1332,male,group A,some college,standard,True,5.3,7.5,38.0,66.0,66.0,public,True,83.8,100.0,56.67,C,Pass
1333,male,group E,associate degree,standard,True,9.1,6.0,73.0,59.0,55.0,public,True,78.9,100.0,62.33,C,Pass
1334,male,group C,high school,standard,False,15.9,6.6,77.0,57.0,71.0,public,True,89.7,100.0,68.33,C,Pass
1335,female,group C,master degree,free/reduced,True,5.4,6.3,77.0,70.0,77.0,public,True,85.6,100.0,74.67,B,Pass
1336,male,group B,some college,standard,True,11.1,8.7,77.0,77.0,84.0,international,False,85.0,100.0,79.33,B,Pass
1337,female,group B,associate degree,free/reduced,True,3.7,7.9,79.0,66.0,74.0,public,True,81.1,100.0,73.0,B,Pass
1338,female,group D,high school,standard,False,3.8,8.0,87.0,93.0,77.0,public,False,87.8,100.0,85.67,A,Pass
1339,female,group E,bachelor degree,standard,False,13.3,7.3,76.0,60.0,71.0,public,True,80.5,100.0,69.0,C,Pass
1340,male,group A,associate degree,standard,False,19.3,10.3,60.0,70.0,90.0,public,True,85.2,100.0,73.33,B,Pass
1341,male,group A,some college,standard,True,6.3,6.5,77.0,100.0,71.0,public,True,88.9,100.0,82.67,B,Pass
1342,female,group C,high school,standard,True,12.3,6.6,37.0,56.0,83.0,private,True,78.5,100.0,58.67,C,Pass
1343,male,group B,bachelor degree,free/reduced,True,10.1,5.4,67.0,75.0,86.0,public,True,87.6,100.0,76.0,B,Pass
1344,male,group C,high school,standard,False,7.1,5.8,100.0,73.0,61.0,public,True,92.2,100.0,78.0,B,Pass
1345,female,group D,high school,free/reduced,False,8.8,6.6,78.0,65.0,63.0,private,True,87.2,100.0,68.67,C,Pass
1346,female,group B,bachelor degree,standard,False,12.2,5.9,73.0,93.0,76.0,public,False,79.8,100.0,80.67,B,Pass
1347,female,group C,associate degree,standard,True,10.1,7.2,64.0,55.0,80.0,public,False,68.8,100.0,66.33,C,Pass
1348,male,group E,bachelor degree,standard,True,9.3,8.4,61.0,68.0,81.0,public,True,87.7,100.0,70.0,B,Pass
1349,female,group E,associate degree,free/reduced,False,9.6,8.1,89.0,56.0,62.0,private,True,75.8,100.0,69.0,C,Pass
1350,male,group C,high school,free/reduced,False,8.2,8.7,81.0,93.0,66.0,international,True,85.9,100.0,80.0,B,Pass
1351,female,group D,high school,standard,False,18.4,6.0,78.0,79.0,80.0,international,True,80.7,100.0,79.0,B,Pass
1352,male,group D,some college,standard,False,4.1,6.8,43.0,82.0,51.0,public,True,69.5,100.0,58.67,C,Pass
1353,male,group B,some college,standard,True,9.6,7.2,41.0,72.0,48.0,international,True,79.2,100.0,53.67,D,Pass
1354,female,group C,associate degree,free/reduced,False,11.3,7.1,64.0,66.0,67.0,public,True,85.1,100.0,65.67,C,Pass
1355,female,group E,high school,standard,False,0.8,6.3,60.0,54.0,96.0,public,True,80.1,100.0,70.0,B,Pass
1356,male,group C,some college,standard,False,16.7,8.2,56.0,100.0,60.0,public,True,70.8,100.0,72.0,B,Pass
1357,male,group D,high school,standard,True,4.6,7.2,76.0,66.0,63.0,private,True,79.6,100.0,68.33,C,Pass
1358,male,group E,high school,standard,False,5.6,6.9,96.0,69.0,82.0,private,True,89.9,100.0,82.33,B,Pass
1359,female,group B,master degree,standard,False,11.8,6.8,66.0,100.0,47.0,public,True,76.0,100.0,71.0,B,Pass
1360,female,group C,high school,free/reduced,False,5.1,7.7,61.0,89.0,71.0,public,True,85.3,100.0,73.67,B,Pass
1361,female,group E,bachelor degree,standard,True,2.1,7.2,77.0,87.0,60.0,private,True,84.8,100.0,74.67,B,Pass
1362,female,group B,associate degree,standard,False,7.6,4.7,82.0,79.0,91.0,private,True,91.5,100.0,84.0,B,Pass
1363,male,group D,high school,standard,True,9.8,9.6,84.0,79.0,78.0,public,True,87.7,100.0,80.33,B,Pass
1364,male,group D,some college,free/reduced,False,7.4,4.4,77.0,78.0,85.0,international,True,82.1,100.0,80.0,B,Pass
1365,male,group D,some college,standard,False,14.1,5.2,52.0,73.0,68.0,public,True,86.7,100.0,64.33,C,Pass
1366,female,group E,associate degree,standard,False,9.6,7.8,77.0,71.0,73.0,public,True,83.5,100.0,73.67,B,Pass
1367,female,group D,some college,standard,False,7.0,6.4,66.0,52.0,88.0,private,True,82.3,100.0,68.67,C,Pass
1368,female,group A,high school,free/reduced,True,11.6,5.2,62.0,81.0,66.0,public,True,78.2,100.0,69.67,C,Pass
1369,female,group A,master degree,standard,True,8.2,7.2,93.0,88.0,52.0,public,True,83.9,100.0,77.67,B,Pass
1370,male,group B,high school,standard,False,9.6,7.3,77.0,91.0,70.0,public,True,82.3,100.0,79.33,B,Pass
1371,female,group B,bachelor degree,standard,True,10.1,7.8,86.0,81.0,71.0,private,True,85.9,100.0,79.33,B,Pass
1372,female,group C,some college,standard,False,11.7,5.4,69.0,68.0,68.0,public,True,90.9,100.0,68.33,C,Pass
1373,male,group B,bachelor degree,free/reduced,False,4.8,7.9,56.0,66.0,91.0,public,True,76.5,100.0,71.0,B,Pass
1374,female,group B,high school,standard,True,9.0,7.2,54.0,93.0,58.0,public,True,74.3,100.0,68.33,C,Pass
1375,male,group B,high school,free/reduced,True,18.9,6.2,56.0,100.0,53.0,public,True,90.2,100.0,69.67,C,Pass
1376,male,group C,some college,standard,False,9.3,9.1,76.0,62.0,71.0,private,True,81.7,100.0,69.67,C,Pass
1377,female,group C,some college,free/reduced,True,12.3,7.2,92.0,86.0,71.0,public,True,84.7,100.0,83.0,B,Pass
1378,male,group A,some college,standard,True,7.7,7.5,53.0,98.0,80.0,private,True,91.0,100.0,77.0,B,Pass
1379,female,group B,associate degree,standard,False,17.3,4.9,96.0,76.0,44.0,public,True,80.8,100.0,72.0,B,Pass
1380,female,group E,high school,standard,True,6.6,9.1,46.0,89.0,82.0,private,False,93.1,100.0,72.33,B,Pass
1381,male,group E,associate degree,standard,True,9.6,8.0,49.0,55.0,75.0,public,False,82.3,100.0,59.67,C,Pass
1382,female,group D,high school,standard,True,9.2,7.2,72.0,55.0,79.0,public,True,80.0,100.0,68.67,C,Pass
1383,female,group D,some college,free/reduced,False,7.1,8.4,68.0,73.0,62.0,international,True,92.9,100.0,67.67,C,Pass
1384,female,group C,master degree,standard,True,12.7,5.3,84.0,79.0,66.0,private,False,82.5,100.0,76.33,B,Pass
1385,male,group C,high school,standard,True,15.0,7.3,78.0,83.0,71.0,public,True,89.5,100.0,77.33,B,Pass
1386,male,group C,associate degree,free/reduced,True,12.0,7.7,62.0,76.0,69.0,public,True,84.1,100.0,69.0,C,Pass
1387,female,group B,high school,standard,True,9.6,8.0,87.0,78.0,70.0,public,True,92.8,100.0,78.33,B,Pass
1388,female,group C,high school,free/reduced,False,7.1,6.0,85.0,83.0,74.0,public,True,95.1,100.0,80.67,B,Pass
1389,female,group D,high school,standard,False,9.6,6.4,66.0,80.0,83.0,international,True,85.7,100.0,76.33,B,Pass
1390,female,group A,bachelor degree,free/reduced,False,8.6,5.9,67.0,64.0,98.0,private,True,81.8,100.0,76.33,B,Pass
1391,male,group C,bachelor degree,free/reduced,True,17.1,6.4,41.0,59.0,68.0,private,True,79.7,100.0,56.0,C,Pass
1392,male,group E,some college,standard,True,13.5,8.3,60.0,71.0,87.0,public,True,80.5,100.0,72.67,B,Pass
1393,female,group E,high school,standard,False,15.2,4.0,73.0,74.0,85.0,private,True,96.0,100.0,77.33,B,Pass
1394,male,group A,some college,free/reduced,False,13.3,7.2,55.0,85.0,79.0,public,True,84.9,100.0,73.0,B,Pass
1395,male,group C,high school,standard,False,16.6,8.0,67.0,86.0,73.0,private,True,83.3,100.0,75.33,B,Pass
1396,female,group B,associate degree,standard,False,8.5,7.2,58.0,47.0,63.0,international,True,78.3,100.0,56.0,C,Pass
1397,male,group D,high school,free/reduced,False,9.6,7.5,72.0,64.0,70.0,international,False,75.7,100.0,68.67,C,Pass
1398,male,group E,some college,free/reduced,True,19.5,6.1,86.0,73.0,58.0,private,True,79.1,100.0,72.33,B,Pass
1399,female,group C,high school,free/reduced,False,9.6,8.3,80.0,67.0,61.0,private,True,88.7,100.0,69.33,C,Pass
1400,male,group C,bachelor degree,free/reduced,False,11.2,6.5,56.0,81.0,61.0,public,True,78.1,100.0,66.0,C,Pass
1401,male,group E,some college,standard,False,11.5,7.8,80.0,88.0,82.0,public,False,83.1,100.0,83.33,B,Pass
1402,female,group B,some college,standard,False,9.6,4.9,71.0,52.0,80.0,public,True,84.7,100.0,67.67,C,Pass
1403,male,group C,high school,standard,False,7.5,5.7,78.0,68.0,75.0,public,True,90.4,100.0,73.67,B,Pass
1404,male,group E,high school,free/reduced,False,16.3,6.4,86.0,100.0,76.0,public,False,93.5,100.0,87.33,A,Pass
1405,female,group B,master degree,free/reduced,True,10.6,4.3,63.0,84.0,71.0,public,True,88.9,100.0,72.67,B,Pass
1406,male,group B,high school,standard,False,7.5,6.8,70.0,71.0,46.0,public,True,76.0,100.0,62.33,C,Pass
1407,female,group C,associate degree,standard,False,9.6,6.3,55.0,58.0,72.0,public,True,72.6,100.0,61.67,C,Pass
1408,female,group E,high school,standard,False,10.2,10.3,60.0,61.0,72.0,public,True,88.2,100.0,64.33,C,Pass
1409,male,group A,high school,standard,False,6.7,7.2,66.0,74.0,67.0,public,True,81.0,100.0,69.0,C,Pass
1410,female,group C,master degree,standard,True,2.4,9.6,76.0,71.0,58.0,private,False,81.1,100.0,68.33,C,Pass
1411,female,group C,bachelor degree,standard,True,8.7,8.2,67.0,76.0,55.0,public,True,88.0,100.0,66.0,C,Pass
1412,male,group C,high school,free/reduced,True,3.9,8.5,83.0,78.0,84.0,public,True,90.4,100.0,81.67,B,Pass
1413,male,group B,high school,standard,True,8.2,6.4,54.0,40.0,81.0,public,True,80.6,100.0,58.33,C,Pass
1414,female,group A,bachelor degree,standard,True,8.7,7.0,53.0,100.0,71.0,international,True,95.6,100.0,74.67,B,Pass
1415,male,group B,bachelor degree,standard,True,13.3,8.0,56.0,78.0,55.0,international,True,77.0,100.0,63.0,C,Pass
1416,male,group D,master degree,free/reduced,False,5.2,6.8,70.0,71.0,80.0,public,True,89.0,100.0,73.67,B,Pass
1417,male,group E,associate degree,standard,False,6.5,8.4,57.0,71.0,70.0,public,True,81.6,100.0,66.0,C,Pass
1418,male,group B,associate degree,standard,True,10.9,8.4,77.0,77.0,62.0,public,True,85.1,100.0,72.0,B,Pass
1419,male,group C,high school,standard,False,2.6,6.6,56.0,69.0,69.0,public,True,88.5,100.0,64.67,C,Pass
1420,female,group A,high school,standard,False,8.5,7.8,83.0,81.0,78.0,private,True,89.8,100.0,80.67,B,Pass
1421,male,group E,high school,standard,True,8.5,6.0,64.0,61.0,62.0,public,True,82.6,100.0,62.33,C,Pass
1422,female,group B,some college,standard,False,11.0,7.1,90.0,77.0,68.0,private,True,91.7,100.0,78.33,B,Pass
1423,female,group E,bachelor degree,standard,True,9.6,7.2,54.0,67.0,63.0,public,True,77.7,100.0,61.33,C,Pass
1424,male,group E,high school,standard,False,2.0,8.9,65.0,61.0,71.0,private,True,76.9,100.0,65.67,C,Pass
1425,male,group C,high school,standard,True,7.6,6.1,82.0,64.0,79.0,international,True,79.8,100.0,75.0,B,Pass
1426,female,group B,bachelor degree,standard,True,1.2,6.2,51.0,45.0,79.0,public,True,68.5,100.0,58.33,C,Pass
1427,female,group E,some college,free/reduced,False,10.6,8.1,63.0,71.0,64.0,public,True,91.5,100.0,66.0,C,Pass
1428,female,group D,high school,standard,False,5.4,6.3,25.0,90.0,74.0,public,True,74.7,100.0,63.0,C,Pass
1429,male,group D,master degree,free/reduced,False,8.1,6.4,49.0,70.0,72.0,public,True,79.4,100.0,63.67,C,Pass
1430,male,group E,master degree,standard,False,15.7,6.2,69.0,70.0,60.0,public,True,80.1,100.0,66.33,C,Pass
1431,male,group D,some college,standard,True,6.0,6.9,63.0,65.0,52.0,public,False,80.5,100.0,60.0,C,Pass
1432,female,group E,high school,standard,True,4.1,7.6,71.0,55.0,83.0,public,True,86.9,100.0,69.67,C,Pass
1433,male,group E,high school,standard,True,4.7,7.2,84.0,82.0,100.0,public,True,94.8,100.0,88.67,A,Pass
1434,female,group A,associate degree,standard,True,8.1,7.2,44.0,59.0,56.0,private,True,73.3,100.0,53.0,D,Pass
1435,female,group B,master degree,standard,False,13.7,7.1,73.0,88.0,61.0,private,True,83.8,100.0,74.0,B,Pass
1436,female,group B,high school,standard,False,7.0,6.9,83.0,76.0,61.0,public,True,85.7,100.0,73.33,B,Pass
1437,male,group B,some college,free/reduced,False,7.8,6.4,81.0,66.0,89.0,public,True,85.2,100.0,78.67,B,Pass
1438,female,group E,master degree,standard,True,6.4,7.8,63.0,71.0,72.0,public,True,90.5,100.0,68.67,C,Pass
1439,male,group A,high school,free/reduced,True,11.6,7.3,77.0,83.0,88.0,public,True,90.5,100.0,82.67,B,Pass
1440,male,group E,some college,standard,True,9.6,7.2,80.0,34.0,65.0,public,True,82.5,100.0,59.67,C,Pass
1441,male,group B,high school,standard,False,18.8,6.3,85.0,70.0,88.0,public,True,90.7,100.0,81.0,B,Pass
1442,female,group C,some college,free/reduced,False,15.9,7.2,70.0,71.0,72.0,public,True,89.1,100.0,71.0,B,Pass
1443,male,group C,high school,standard,False,23.5,6.5,76.0,75.0,72.0,private,True,85.6,100.0,74.33,B,Pass
1444,male,group E,master degree,free/reduced,False,4.0,4.9,78.0,62.0,73.0,public,False,76.9,100.0,71.0,B,Pass
1445,male,group A,some college,standard,True,9.6,7.9,55.0,70.0,80.0,private,True,84.3,100.0,68.33,C,Pass
1446,female,group C,bachelor degree,standard,True,7.3,6.4,100.0,83.0,74.0,international,True,86.0,100.0,85.67,A,Pass
1447,male,group C,high school,standard,False,9.2,7.2,64.0,82.0,77.0,public,True,82.1,100.0,74.33,B,Pass
1448,female,group B,some college,free/reduced,False,18.6,8.4,96.0,77.0,94.0,public,True,93.5,100.0,89.0,A,Pass
1449,female,group C,associate degree,standard,True,13.4,6.6,75.0,71.0,61.0,international,True,88.7,100.0,69.0,C,Pass
1450,female,group A,bachelor degree,free/reduced,True,12.4,7.4,59.0,84.0,65.0,public,False,82.8,100.0,69.33,C,Pass
1451,female,group C,bachelor degree,free/reduced,True,9.6,6.3,85.0,70.0,71.0,private,True,86.5,100.0,75.33,B,Pass
1452,male,group C,master degree,standard,True,12.3,7.2,67.0,70.0,72.0,public,True,91.4,100.0,69.67,C,Pass
1453,male,group A,some college,standard,False,3.0,7.2,70.0,81.0,92.0,public,True,88.6,100.0,81.0,B,Pass
1454,male,group B,high school,free/reduced,False,10.1,8.2,65.0,93.0,42.0,public,True,94.7,100.0,66.67,C,Pass
1455,female,group C,high school,free/reduced,True,5.6,7.3,75.0,62.0,70.0,public,True,85.4,100.0,69.0,C,Pass
1456,female,group C,some college,standard,False,15.3,5.9,75.0,64.0,71.0,public,True,74.1,100.0,70.0,B,Pass
1457,female,group D,some college,standard,True,8.4,4.7,47.0,66.0,63.0,private,True,82.2,100.0,58.67,C,Pass
1458,female,group C,high school,free/reduced,True,13.6,6.0,87.0,55.0,65.0,public,True,84.5,100.0,69.0,C,Pass
1459,male,group B,some college,free/reduced,False,12.8,7.6,72.0,71.0,95.0,public,True,93.0,100.0,79.33,B,Pass
1460,male,group D,associate degree,standard,False,9.5,7.2,70.0,66.0,59.0,international,True,84.4,100.0,65.0,C,Pass
1461,female,group B,bachelor degree,standard,True,3.4,7.6,81.0,78.0,72.0,public,True,85.1,100.0,77.0,B,Pass
1462,male,group E,master degree,free/reduced,True,9.0,9.8,51.0,77.0,53.0,public,True,73.0,100.0,60.33,C,Pass
1463,female,group D,associate degree,standard,True,11.9,7.7,51.0,69.0,54.0,public,True,77.2,100.0,58.0,C,Pass
1464,female,group A,associate degree,standard,True,9.2,8.7,82.0,71.0,67.0,public,True,80.1,100.0,73.33,B,Pass
1465,male,group E,high school,standard,True,12.4,5.5,56.0,60.0,70.0,public,False,76.9,100.0,62.0,C,Pass
1466,female,group A,high school,standard,True,16.1,7.2,81.0,83.0,67.0,public,True,88.7,100.0,77.0,B,Pass
1467,male,group B,high school,free/reduced,True,7.2,6.0,51.0,78.0,78.0,private,True,90.9,100.0,69.0,C,Pass
1468,male,group E,associate degree,standard,False,18.2,7.0,71.0,70.0,67.0,private,True,84.7,100.0,69.33,C,Pass
1469,female,group D,high school,free/reduced,True,12.5,6.1,77.0,74.0,65.0,public,True,77.8,100.0,72.0,B,Pass
1470,female,group B,associate degree,standard,False,7.3,5.5,73.0,45.0,62.0,private,False,81.2,100.0,60.0,C,Pass
1471,male,group E,associate degree,standard,True,0.8,6.6,100.0,78.0,71.0,public,False,94.0,100.0,83.0,B,Pass
1472,male,group D,some college,standard,False,4.1,6.5,68.0,67.0,72.0,public,True,79.6,100.0,69.0,C,Pass
1473,female,group B,master degree,standard,False,16.1,4.0,65.0,77.0,56.0,public,True,80.7,100.0,66.0,C,Pass
1474,female,group C,bachelor degree,free/reduced,True,9.6,4.9,100.0,69.0,62.0,private,True,85.9,100.0,77.0,B,Pass
1475,female,group C,some college,standard,True,10.4,7.2,73.0,49.0,74.0,public,True,77.2,100.0,65.33,C,Pass
1476,female,group B,master degree,free/reduced,False,16.8,8.6,100.0,87.0,66.0,public,True,92.0,100.0,84.33,B,Pass
1477,male,group B,bachelor degree,standard,True,9.6,7.1,42.0,60.0,69.0,public,True,77.2,100.0,57.0,C,Pass
1478,female,group B,bachelor degree,free/reduced,False,4.6,7.2,88.0,78.0,59.0,international,True,87.1,100.0,75.0,B,Pass
1479,male,group C,some college,standard,False,12.5,6.7,90.0,80.0,38.0,public,True,78.3,100.0,69.33,C,Pass
1480,male,group D,high school,standard,False,17.4,7.2,63.0,73.0,34.0,international,True,75.5,100.0,56.67,C,Pass
1481,female,group C,high school,standard,False,9.6,8.5,56.0,92.0,65.0,private,True,87.0,100.0,71.0,B,Pass
1482,male,group C,master degree,standard,False,10.0,8.0,99.0,63.0,70.0,private,True,84.1,100.0,77.33,B,Pass
1483,female,group A,master degree,standard,True,5.5,5.4,57.0,70.0,60.0,public,True,88.6,100.0,62.33,C,Pass
1484,male,group D,some college,standard,True,0.0,8.1,61.0,55.0,67.0,public,False,77.4,100.0,61.0,C,Pass
1485,male,group B,associate degree,free/reduced,False,1.2,7.8,71.0,100.0,94.0,public,True,91.5,100.0,88.33,A,Pass
1486,female,group A,bachelor degree,standard,True,20.3,8.5,63.0,61.0,58.0,public,True,83.9,100.0,60.67,C,Pass
1487,female,group C,associate degree,standard,False,9.6,5.0,27.0,54.0,80.0,public,True,69.4,100.0,53.67,D,Pass
1488,female,group E,associate degree,free/reduced,False,9.6,8.3,69.0,75.0,77.0,public,True,75.7,100.0,73.67,B,Pass
1489,male,group A,high school,standard,False,15.4,7.7,36.0,98.0,68.0,public,True,74.3,100.0,67.33,C,Pass
1490,female,group C,high school,free/reduced,True,16.9,9.7,76.0,71.0,71.0,public,True,90.1,100.0,72.67,B,Pass
1491,female,group C,associate degree,free/reduced,False,11.5,7.2,79.0,77.0,49.0,public,True,79.6,100.0,68.33,C,Pass
1492,female,group B,high school,standard,True,8.4,6.5,59.0,63.0,79.0,private,True,94.6,100.0,67.0,C,Pass
1493,female,group C,high school,standard,True,12.5,8.1,88.0,82.0,84.0,public,True,86.0,100.0,84.67,B,Pass
1494,male,group C,some college,free/reduced,True,16.5,7.3,76.0,86.0,59.0,public,True,85.4,100.0,73.67,B,Pass
1495,male,group C,high school,free/reduced,False,7.7,7.4,82.0,71.0,72.0,public,True,92.7,100.0,75.0,B,Pass
1496,female,group C,some college,free/reduced,True,9.6,8.3,69.0,96.0,67.0,public,True,96.0,100.0,77.33,B,Pass
1497,female,group B,some college,free/reduced,True,9.8,7.4,100.0,58.0,71.0,public,False,95.8,100.0,76.33,B,Pass
1498,male,group D,some college,free/reduced,False,20.7,6.6,56.0,65.0,84.0,private,True,88.4,100.0,68.33,C,Pass
1499,female,group C,bachelor degree,standard,False,4.6,9.6,76.0,74.0,72.0,international,True,89.7,100.0,74.0,B,Pass
1500,male,group E,high school,free/reduced,True,11.8,8.9,76.0,81.0,68.0,private,True,88.0,100.0,75.0,B,Pass
1501,male,group B,bachelor degree,free/reduced,False,7.0,5.4,63.0,69.0,43.0,public,True,82.2,100.0,58.33,C,Pass
1502,male,group B,associate degree,free/reduced,False,8.9,8.3,48.0,96.0,95.0,public,False,84.1,100.0,79.67,B,Pass
1503,male,group C,bachelor degree,free/reduced,True,9.3,8.2,56.0,73.0,82.0,public,False,79.0,100.0,70.33,B,Pass
1504,female,group C,associate degree,free/reduced,False,9.7,6.8,100.0,75.0,85.0,private,False,89.6,100.0,86.67,A,Pass
1505,female,group E,high school,free/reduced,False,3.3,8.4,76.0,71.0,100.0,private,True,86.9,100.0,82.33,B,Pass
1506,male,group E,high school,free/reduced,False,8.0,7.4,59.0,62.0,45.0,international,True,74.9,100.0,55.33,C,Pass
1507,male,group E,associate degree,free/reduced,False,4.4,8.3,63.0,46.0,89.0,international,True,84.9,100.0,66.0,C,Pass
1508,male,group B,some college,free/reduced,False,9.6,8.9,66.0,62.0,76.0,public,True,87.0,100.0,68.0,C,Pass
1509,male,group B,some college,standard,False,8.7,7.2,59.0,62.0,76.0,public,True,81.7,100.0,65.67,C,Pass
1510,male,group B,associate degree,standard,True,8.0,6.6,53.0,84.0,71.0,international,True,90.0,100.0,69.33,C,Pass
1511,female,group A,associate degree,free/reduced,True,9.8,6.6,79.0,86.0,73.0,public,True,81.0,100.0,79.33,B,Pass
1512,male,group B,bachelor degree,free/reduced,False,11.8,8.8,63.0,85.0,52.0,public,True,80.7,100.0,66.67,C,Pass
1513,male,group D,some college,free/reduced,True,6.8,7.0,98.0,67.0,63.0,public,True,81.8,100.0,76.0,B,Pass
1514,male,group C,high school,standard,True,10.1,7.5,65.0,64.0,47.0,public,True,69.1,100.0,58.67,C,Pass
1515,male,group D,bachelor degree,standard,False,9.6,7.3,86.0,68.0,80.0,public,True,85.8,100.0,78.0,B,Pass
1516,female,group B,some college,standard,True,19.3,7.2,71.0,57.0,71.0,public,True,80.8,100.0,66.33,C,Pass
1517,male,group E,high school,standard,False,11.9,10.0,45.0,71.0,80.0,public,True,88.6,100.0,65.33,C,Pass
1518,male,group B,some college,standard,False,16.3,6.3,46.0,53.0,55.0,public,True,78.7,100.0,51.33,D,Pass
1519,female,group A,associate degree,free/reduced,False,11.0,6.9,65.0,93.0,83.0,public,True,82.0,100.0,80.33,B,Pass
1520,male,group E,some college,standard,True,9.1,7.5,79.0,72.0,72.0,international,False,94.0,100.0,74.33,B,Pass
1521,female,group D,associate degree,standard,False,0.0,8.2,71.0,66.0,60.0,private,True,87.4,100.0,65.67,C,Pass
1522,male,group A,bachelor degree,free/reduced,False,12.0,6.5,74.0,79.0,68.0,public,True,87.4,100.0,73.67,B,Pass
1523,male,group E,master degree,free/reduced,True,19.9,7.4,68.0,54.0,58.0,public,True,77.9,100.0,60.0,C,Pass
1524,male,group B,high school,standard,True,9.6,6.5,83.0,62.0,68.0,public,True,78.6,100.0,71.0,B,Pass
1525,female,group C,some college,standard,True,12.3,7.3,100.0,48.0,53.0,public,True,79.9,100.0,67.0,C,Pass
1526,male,group B,high school,free/reduced,True,7.5,7.9,96.0,80.0,73.0,public,True,93.6,100.0,83.0,B,Pass
1527,female,group E,associate degree,standard,False,9.4,8.7,81.0,58.0,95.0,private,True,95.6,100.0,78.0,B,Pass
1528,female,group E,bachelor degree,standard,True,8.5,8.0,55.0,72.0,69.0,international,True,88.8,100.0,65.33,C,Pass
1529,male,group C,high school,free/reduced,True,8.5,7.2,79.0,75.0,71.0,public,True,82.4,100.0,75.0,B,Pass
1530,female,group D,high school,standard,True,10.6,8.8,52.0,54.0,58.0,public,True,71.3,100.0,54.67,D,Pass
1531,male,group C,high school,free/reduced,False,9.6,7.1,71.0,69.0,70.0,public,True,83.7,100.0,70.0,B,Pass
1532,female,group D,high school,free/reduced,True,0.0,7.7,79.0,50.0,71.0,public,True,72.7,100.0,66.67,C,Pass
1533,male,group D,associate degree,standard,True,7.2,7.7,43.0,95.0,77.0,private,True,85.3,100.0,71.67,B,Pass
1534,female,group D,some college,standard,True,14.4,6.0,60.0,58.0,71.0,public,True,79.3,100.0,63.0,C,Pass
1535,female,group B,high school,standard,False,0.5,5.0,95.0,85.0,70.0,public,True,86.0,100.0,83.33,B,Pass
1536,female,group C,bachelor degree,standard,False,12.2,7.8,61.0,60.0,71.0,public,True,72.6,100.0,64.0,C,Pass
1537,male,group E,bachelor degree,standard,False,10.5,5.9,59.0,52.0,76.0,public,True,82.5,100.0,62.33,C,Pass
1538,female,group E,associate degree,standard,True,7.9,5.6,61.0,71.0,79.0,public,True,80.3,100.0,70.33,B,Pass
1539,male,group C,high school,standard,False,16.7,7.5,66.0,66.0,56.0,private,False,74.2,100.0,62.67,C,Pass
1540,male,group D,associate degree,standard,True,9.0,8.3,82.0,63.0,40.0,international,True,65.3,100.0,61.67,C,Pass
1541,female,group D,high school,standard,False,16.3,7.8,97.0,77.0,61.0,public,True,86.2,100.0,78.33,B,Pass
1542,female,group C,high school,standard,True,12.3,8.0,51.0,84.0,64.0,private,True,90.4,100.0,66.33,C,Pass
1543,male,group C,bachelor degree,free/reduced,False,11.1,8.5,74.0,47.0,71.0,public,True,88.8,100.0,64.0,C,Pass
1544,female,group D,bachelor degree,standard,False,12.7,7.2,73.0,82.0,100.0,public,False,86.7,100.0,85.0,A,Pass
1545,male,group A,high school,standard,True,7.7,6.8,83.0,79.0,78.0,public,True,84.0,100.0,80.0,B,Pass
1546,female,group C,master degree,free/reduced,True,9.2,8.5,57.0,67.0,67.0,international,True,82.8,100.0,63.67,C,Pass
1547,female,group E,bachelor degree,standard,False,8.5,7.6,69.0,79.0,80.0,public,False,80.4,100.0,76.0,B,Pass
1548,female,group A,high school,standard,False,16.1,5.6,81.0,68.0,85.0,public,True,87.7,100.0,78.0,B,Pass
1549,female,group A,high school,free/reduced,True,12.6,6.0,51.0,64.0,74.0,public,True,84.0,100.0,63.0,C,Pass
1550,female,group D,high school,standard,False,13.7,8.3,95.0,82.0,63.0,international,False,93.1,100.0,80.0,B,Pass
1551,female,group B,some college,standard,False,15.7,7.4,56.0,77.0,64.0,international,True,80.8,100.0,65.67,C,Pass
1552,female,group A,high school,standard,True,4.8,7.2,43.0,72.0,64.0,public,True,77.8,100.0,59.67,C,Pass
1553,female,group E,some college,standard,False,16.0,10.0,99.0,70.0,62.0,public,False,81.4,100.0,77.0,B,Pass
1554,male,group D,associate degree,free/reduced,False,2.2,7.2,83.0,68.0,76.0,public,True,81.1,100.0,75.67,B,Pass
1555,female,group E,bachelor degree,standard,True,18.6,5.4,89.0,88.0,76.0,private,True,87.6,100.0,84.33,B,Pass
1556,female,group B,bachelor degree,standard,False,11.9,7.8,58.0,62.0,71.0,public,False,82.3,100.0,63.67,C,Pass
1557,male,group B,associate degree,standard,False,11.7,6.4,62.0,100.0,66.0,public,True,90.0,100.0,76.0,B,Pass
1558,female,group B,high school,standard,False,5.7,6.7,67.0,69.0,84.0,international,True,80.3,100.0,73.33,B,Pass
1559,male,group C,some college,standard,True,17.2,11.0,73.0,78.0,53.0,international,True,89.7,100.0,68.0,C,Pass
1560,male,group C,master degree,free/reduced,True,9.5,7.9,58.0,71.0,69.0,public,True,79.9,100.0,66.0,C,Pass
1561,female,group D,high school,free/reduced,True,7.4,6.6,95.0,71.0,78.0,international,True,87.3,100.0,81.33,B,Pass
1562,female,group C,associate degree,standard,True,12.9,8.6,65.0,78.0,59.0,public,True,78.2,100.0,67.33,C,Pass
1563,male,group C,bachelor degree,standard,True,8.2,7.2,85.0,56.0,56.0,public,True,69.1,100.0,65.67,C,Pass
1564,female,group B,high school,standard,True,18.0,8.4,57.0,68.0,76.0,public,True,86.2,100.0,67.0,C,Pass
1565,male,group C,associate degree,standard,False,7.1,6.4,64.0,49.0,77.0,private,True,84.0,100.0,63.33,C,Pass
1566,female,group D,high school,standard,True,5.6,7.9,69.0,76.0,71.0,public,True,82.4,100.0,72.0,B,Pass
1567,female,group D,bachelor degree,standard,True,8.5,8.5,70.0,61.0,84.0,public,True,84.0,100.0,71.67,B,Pass
1568,male,group C,high school,standard,False,5.8,7.6,81.0,95.0,62.0,private,True,89.3,100.0,79.33,B,Pass
1569,male,group A,bachelor degree,standard,True,16.6,7.4,53.0,73.0,61.0,public,True,72.1,100.0,62.33,C,Pass
1570,male,group C,high school,standard,True,3.8,7.2,70.0,51.0,78.0,public,True,78.9,100.0,66.33,C,Pass
1571,male,group A,some college,free/reduced,False,9.6,7.4,59.0,63.0,81.0,public,True,86.0,100.0,67.67,C,Pass
1572,male,group C,associate degree,standard,True,15.2,6.8,71.0,72.0,75.0,public,True,77.8,100.0,72.67,B,Pass
1573,male,group E,bachelor degree,standard,True,10.3,6.3,76.0,86.0,55.0,public,True,85.4,100.0,72.33,B,Pass
1574,female,group E,high school,standard,True,12.8,5.6,74.0,71.0,53.0,public,True,74.5,100.0,66.0,C,Pass
1575,male,group A,associate degree,standard,False,11.3,7.1,66.0,71.0,64.0,private,True,84.0,100.0,67.0,C,Pass
1576,male,group C,high school,free/reduced,True,8.2,8.1,85.0,74.0,69.0,private,True,85.2,100.0,76.0,B,Pass
1577,male,group A,high school,standard,True,13.3,7.8,77.0,84.0,80.0,public,True,79.1,100.0,80.33,B,Pass
1578,female,group C,bachelor degree,standard,False,9.6,5.6,54.0,91.0,84.0,public,False,91.4,100.0,76.33,B,Pass
1579,male,group D,associate degree,standard,False,9.3,5.7,68.0,56.0,52.0,international,False,74.8,100.0,58.67,C,Pass
1580,female,group D,bachelor degree,standard,False,0.4,5.9,65.0,50.0,75.0,public,True,76.3,100.0,63.33,C,Pass
1581,male,group A,high school,standard,False,7.2,6.8,70.0,46.0,65.0,public,False,80.1,100.0,60.33,C,Pass
1582,male,group B,high school,standard,False,8.4,7.6,86.0,68.0,71.0,public,True,90.6,100.0,75.0,B,Pass
1583,male,group D,high school,standard,False,13.8,6.7,83.0,71.0,69.0,public,True,79.5,100.0,74.33,B,Pass
1584,male,group C,some college,standard,False,20.2,8.8,58.0,66.0,44.0,international,False,77.7,100.0,56.0,C,Pass
1585,female,group B,associate degree,standard,False,6.4,8.6,61.0,82.0,42.0,international,True,81.8,100.0,61.67,C,Pass
1586,male,group D,some college,standard,True,7.9,7.8,77.0,67.0,93.0,private,True,90.1,100.0,79.0,B,Pass
1587,female,group D,associate degree,free/reduced,True,7.8,6.7,69.0,60.0,58.0,public,True,80.8,100.0,62.33,C,Pass
1588,female,group D,some college,standard,False,11.0,7.1,49.0,63.0,71.0,public,True,77.4,100.0,61.0,C,Pass
1589,male,group B,high school,standard,True,10.8,7.4,81.0,70.0,57.0,public,True,78.6,100.0,69.33,C,Pass
1590,female,group D,associate degree,free/reduced,False,9.6,6.6,75.0,66.0,51.0,public,True,81.0,100.0,64.0,C,Pass
1591,female,group C,bachelor degree,free/reduced,True,8.6,6.6,99.0,53.0,76.0,international,True,80.0,100.0,76.0,B,Pass
1592,male,group C,high school,standard,False,10.4,7.8,100.0,51.0,71.0,private,True,70.0,100.0,74.0,B,Pass
1593,female,group D,bachelor degree,standard,False,9.6,7.7,73.0,74.0,71.0,public,True,86.1,100.0,72.67,B,Pass
1594,female,group E,high school,standard,True,11.8,7.9,71.0,76.0,61.0,public,True,87.3,100.0,69.33,C,Pass
1595,female,group D,some college,standard,True,4.6,7.5,59.0,47.0,65.0,public,True,66.0,100.0,57.0,C,Pass
1596,female,group C,high school,standard,False,8.6,7.6,63.0,65.0,75.0,public,True,77.0,100.0,67.67,C,Pass
1597,male,group C,some college,free/reduced,False,13.4,6.5,42.0,52.0,61.0,international,True,78.8,100.0,51.67,D,Pass
1598,male,group A,high school,free/reduced,True,1.9,7.1,60.0,72.0,45.0,public,False,88.9,100.0,59.0,C,Pass
1599,female,group A,some college,standard,False,6.6,9.5,74.0,78.0,56.0,public,True,82.8,100.0,69.33,C,Pass
1600,male,group C,bachelor degree,free/reduced,False,0.0,7.0,77.0,97.0,75.0,public,True,84.6,100.0,83.0,B,Pass
1601,male,group B,high school,standard,False,8.5,6.1,36.0,94.0,71.0,international,True,80.9,100.0,67.0,C,Pass
1602,female,group C,master degree,standard,True,15.8,5.4,54.0,77.0,77.0,public,True,89.6,100.0,69.33,C,Pass
1603,male,group E,high school,free/reduced,False,17.2,7.4,83.0,85.0,56.0,public,True,81.6,100.0,74.67,B,Pass
1604,female,group D,high school,standard,False,10.5,7.9,53.0,71.0,77.0,public,True,77.7,100.0,67.0,C,Pass
1605,male,group B,associate degree,free/reduced,False,9.6,7.0,65.0,68.0,69.0,public,True,79.5,100.0,67.33,C,Pass
1606,female,group C,high school,standard,True,9.6,8.6,73.0,62.0,85.0,public,False,79.6,100.0,73.33,B,Pass
1607,male,group C,some college,standard,False,16.8,9.5,71.0,89.0,65.0,private,True,85.6,100.0,75.0,B,Pass
1608,female,group B,bachelor degree,standard,False,8.7,8.3,59.0,61.0,39.0,public,True,84.3,100.0,53.0,D,Pass
1609,male,group D,high school,standard,False,2.6,6.8,75.0,77.0,76.0,public,True,87.0,100.0,76.0,B,Pass
1610,female,group D,high school,standard,True,6.6,4.8,89.0,71.0,85.0,public,True,86.3,100.0,81.67,B,Pass
1611,male,group D,associate degree,standard,False,9.6,7.7,73.0,91.0,75.0,public,True,85.4,100.0,79.67,B,Pass
1612,male,group C,associate degree,standard,False,14.3,7.2,68.0,50.0,43.0,public,True,68.7,100.0,53.67,D,Pass
1613,male,group E,associate degree,standard,False,19.8,7.0,69.0,76.0,57.0,public,True,86.3,100.0,67.33,C,Pass
1614,female,group B,associate degree,standard,False,15.3,5.7,66.0,62.0,74.0,private,True,81.5,100.0,67.33,C,Pass
1615,female,group B,bachelor degree,standard,False,11.2,8.5,61.0,77.0,65.0,public,True,81.2,100.0,67.67,C,Pass
1616,male,group E,some college,standard,True,14.8,5.7,77.0,74.0,72.0,public,True,100.0,100.0,74.33,B,Pass
1617,male,group B,some college,free/reduced,False,7.8,6.3,45.0,59.0,77.0,international,True,80.6,100.0,60.33,C,Pass
1618,male,group E,some college,standard,True,9.6,7.5,80.0,58.0,72.0,private,True,79.2,100.0,70.0,B,Pass
1619,female,group A,high school,standard,True,11.1,5.9,79.0,67.0,54.0,public,True,79.5,100.0,66.67,C,Pass
1620,female,group A,master degree,free/reduced,False,12.4,7.9,96.0,74.0,85.0,public,False,94.7,100.0,85.0,A,Pass
1621,female,group C,associate degree,free/reduced,False,9.6,7.6,68.0,84.0,87.0,international,True,87.4,100.0,79.67,B,Pass
1622,male,group D,associate degree,standard,True,6.1,6.0,67.0,80.0,75.0,public,True,77.4,100.0,74.0,B,Pass
1623,female,group A,high school,free/reduced,False,8.3,7.1,66.0,59.0,51.0,public,False,83.1,100.0,58.67,C,Pass
1624,female,group E,high school,standard,False,13.7,7.1,64.0,55.0,78.0,public,True,77.9,100.0,65.67,C,Pass
1625,male,group C,associate degree,standard,True,13.6,8.5,65.0,45.0,53.0,public,False,86.1,100.0,54.33,D,Pass
1626,female,group E,bachelor degree,free/reduced,False,12.7,4.6,75.0,66.0,70.0,public,True,88.5,100.0,70.33,B,Pass
1627,male,group C,master degree,standard,True,17.5,8.1,91.0,67.0,64.0,private,True,82.4,100.0,74.0,B,Pass
1628,male,group C,bachelor degree,standard,False,9.9,9.8,72.0,75.0,60.0,public,True,89.0,100.0,69.0,C,Pass
1629,female,group C,bachelor degree,free/reduced,False,0.6,7.9,90.0,59.0,45.0,public,True,81.2,100.0,64.67,C,Pass
1630,male,group E,high school,standard,False,13.0,4.1,86.0,85.0,69.0,private,True,91.3,100.0,80.0,B,Pass
1631,male,group C,high school,standard,False,9.6,6.1,48.0,65.0,45.0,private,True,78.5,100.0,52.67,D,Pass
1632,male,group C,associate degree,standard,False,16.2,7.7,83.0,63.0,81.0,private,True,81.0,100.0,75.67,B,Pass
1633,male,group C,associate degree,free/reduced,True,9.7,8.0,57.0,65.0,77.0,public,False,78.3,100.0,66.33,C,Pass
1634,male,group C,master degree,standard,False,13.2,7.6,77.0,93.0,90.0,public,True,94.8,100.0,86.67,A,Pass
1635,female,group A,some college,standard,False,10.0,9.7,81.0,91.0,65.0,public,True,84.9,100.0,79.0,B,Pass
1636,female,group D,master degree,standard,False,10.3,7.3,92.0,67.0,84.0,public,True,85.4,100.0,81.0,B,Pass
1637,male,group A,high school,standard,False,11.7,7.9,66.0,71.0,73.0,public,True,78.1,100.0,70.0,B,Pass
1638,female,group B,bachelor degree,standard,False,9.6,7.7,50.0,57.0,74.0,public,True,81.3,100.0,60.33,C,Pass
1639,female,group D,bachelor degree,standard,False,5.4,10.8,67.0,71.0,90.0,public,True,95.6,100.0,76.0,B,Pass
1640,female,group E,some college,standard,False,8.8,7.4,63.0,81.0,61.0,public,True,77.0,100.0,68.33,C,Pass
1641,male,group E,high school,free/reduced,False,9.6,7.5,100.0,72.0,52.0,public,True,85.0,100.0,74.67,B,Pass
1642,female,group B,high school,free/reduced,False,10.9,8.1,82.0,83.0,48.0,private,True,90.5,100.0,71.0,B,Pass
1643,male,group B,master degree,standard,False,9.4,8.1,48.0,70.0,86.0,public,True,81.8,100.0,68.0,C,Pass
1644,male,group E,high school,standard,True,11.8,5.7,84.0,92.0,81.0,public,True,91.5,100.0,85.67,A,Pass
1645,male,group A,some college,free/reduced,True,6.8,7.2,77.0,73.0,50.0,international,True,76.4,100.0,66.67,C,Pass
1646,male,group A,bachelor degree,standard,True,11.9,7.8,58.0,90.0,83.0,public,True,87.9,100.0,77.0,B,Pass
1647,female,group E,some college,free/reduced,False,10.9,5.6,67.0,45.0,71.0,international,True,78.3,100.0,61.0,C,Pass
1648,male,group A,high school,standard,False,14.4,7.8,77.0,72.0,69.0,private,True,89.0,100.0,72.67,B,Pass
1649,male,group C,some college,free/reduced,False,9.0,6.8,58.0,42.0,71.0,public,True,83.6,100.0,57.0,C,Pass
1650,male,group C,bachelor degree,standard,True,9.8,7.3,83.0,71.0,51.0,public,True,95.3,100.0,68.33,C,Pass
1651,female,group C,associate degree,standard,False,7.9,5.0,70.0,71.0,74.0,public,True,86.4,100.0,71.67,B,Pass
1652,female,group C,some college,standard,False,7.8,7.2,58.0,84.0,62.0,private,True,83.8,100.0,68.0,C,Pass
1653,male,group D,some college,standard,True,10.4,7.2,77.0,53.0,58.0,private,True,81.0,100.0,62.67,C,Pass
1654,male,group C,some college,free/reduced,False,20.8,7.8,87.0,76.0,76.0,public,True,85.1,100.0,79.67,B,Pass
1655,female,group C,high school,free/reduced,True,5.8,7.9,92.0,45.0,57.0,private,True,82.6,100.0,64.67,C,Pass
1656,male,group B,associate degree,free/reduced,True,9.6,4.2,73.0,82.0,44.0,public,True,80.1,100.0,66.33,C,Pass
1657,male,group D,some college,standard,False,2.1,7.5,83.0,67.0,78.0,public,True,86.2,100.0,76.0,B,Pass
1658,male,group B,high school,free/reduced,True,9.6,8.0,85.0,80.0,73.0,public,True,93.3,100.0,79.33,B,Pass
1659,female,group E,some college,standard,False,4.2,5.7,53.0,71.0,59.0,public,True,74.2,100.0,61.0,C,Pass
1660,female,group B,bachelor degree,standard,False,14.3,7.5,33.0,58.0,60.0,private,True,80.8,100.0,50.33,D,Pass
1661,female,group E,some college,standard,True,13.8,6.5,46.0,67.0,57.0,public,True,84.3,100.0,56.67,C,Pass
1662,female,group B,master degree,free/reduced,True,13.6,5.9,62.0,72.0,42.0,international,True,77.9,100.0,58.67,C,Pass
1663,female,group E,some college,standard,True,6.6,5.8,75.0,53.0,75.0,private,False,71.5,100.0,67.67,C,Pass
1664,male,group C,some college,free/reduced,False,6.9,7.2,45.0,78.0,58.0,public,True,76.1,100.0,60.33,C,Pass
1665,male,group D,associate degree,free/reduced,False,3.5,10.7,51.0,87.0,63.0,private,True,88.3,100.0,67.0,C,Pass
1666,female,group C,bachelor degree,free/reduced,True,6.8,7.0,83.0,85.0,59.0,public,False,85.2,100.0,75.67,B,Pass
1667,male,group D,some college,standard,False,14.6,7.9,66.0,73.0,67.0,public,True,77.5,100.0,68.67,C,Pass
1668,male,group C,some college,standard,False,9.3,7.5,72.0,78.0,59.0,public,True,80.3,100.0,69.67,C,Pass
1669,male,group A,some college,standard,True,1.3,7.9,44.0,83.0,90.0,public,False,88.1,100.0,72.33,B,Pass
1670,female,group B,some college,standard,True,14.6,6.3,67.0,71.0,62.0,private,True,84.3,100.0,66.67,C,Pass
1671,male,group C,high school,standard,True,16.9,8.4,61.0,95.0,88.0,public,True,86.3,100.0,81.33,B,Pass
1672,female,group D,master degree,free/reduced,True,0.8,6.5,64.0,89.0,66.0,private,True,82.4,100.0,73.0,B,Pass
1673,male,group E,associate degree,free/reduced,False,4.1,7.2,81.0,76.0,94.0,public,True,86.5,100.0,83.67,B,Pass
1674,male,group D,some college,free/reduced,True,20.5,7.9,77.0,62.0,68.0,private,False,78.0,100.0,69.0,C,Pass
1675,female,group A,high school,free/reduced,False,6.7,7.6,51.0,64.0,68.0,public,True,87.5,100.0,61.0,C,Pass
1676,female,group C,high school,standard,True,5.2,6.5,92.0,60.0,58.0,public,True,81.4,100.0,70.0,B,Pass
1677,female,group D,associate degree,standard,True,20.9,6.9,67.0,72.0,71.0,public,True,89.0,100.0,70.0,B,Pass
1678,female,group C,associate degree,free/reduced,False,8.0,4.9,79.0,57.0,57.0,private,True,88.3,100.0,64.33,C,Pass
1679,female,group A,bachelor degree,standard,True,13.3,4.9,58.0,52.0,87.0,public,True,86.3,100.0,65.67,C,Pass
1680,female,group C,some college,free/reduced,False,7.6,8.6,61.0,79.0,73.0,international,True,81.2,100.0,71.0,B,Pass
1681,female,group E,some college,standard,False,3.5,8.5,54.0,84.0,95.0,public,True,88.1,100.0,77.67,B,Pass
1682,female,group C,high school,standard,True,9.2,9.3,80.0,82.0,71.0,public,True,85.9,100.0,77.67,B,Pass
1683,male,group C,associate degree,standard,False,10.4,6.9,72.0,64.0,89.0,public,False,80.5,100.0,75.0,B,Pass
1684,male,group E,bachelor degree,free/reduced,False,10.0,6.2,84.0,69.0,71.0,public,True,86.4,100.0,74.67,B,Pass
1685,male,group E,bachelor degree,standard,False,16.4,7.0,55.0,71.0,72.0,private,True,75.4,100.0,66.0,C,Pass
1686,male,group D,associate degree,standard,True,10.3,7.9,46.0,82.0,87.0,public,True,89.6,100.0,71.67,B,Pass
1687,female,group B,some college,standard,True,10.1,7.8,69.0,97.0,67.0,public,True,83.7,100.0,77.67,B,Pass
1688,female,group C,some college,standard,False,6.7,8.1,100.0,71.0,90.0,public,True,90.7,100.0,87.0,A,Pass
1689,male,group E,some college,standard,False,15.3,7.2,73.0,79.0,61.0,private,True,84.8,100.0,71.0,B,Pass
1690,male,group C,associate degree,free/reduced,True,17.2,8.1,87.0,62.0,60.0,private,False,81.6,100.0,69.67,C,Pass
1691,male,group B,some college,standard,False,15.0,7.4,75.0,86.0,47.0,international,False,85.7,100.0,69.33,C,Pass
1692,male,group C,high school,standard,True,0.0,7.8,93.0,70.0,56.0,private,True,81.8,100.0,73.0,B,Pass
1693,male,group B,high school,free/reduced,False,13.5,9.2,53.0,63.0,73.0,public,True,84.6,100.0,63.0,C,Pass
1694,male,group C,bachelor degree,standard,True,4.6,8.6,55.0,54.0,69.0,public,True,72.0,100.0,59.33,C,Pass
1695,male,group A,high school,standard,False,8.4,4.3,82.0,55.0,99.0,public,True,87.1,100.0,78.67,B,Pass
1696,female,group D,high school,free/reduced,True,5.1,7.2,94.0,88.0,62.0,public,True,97.2,100.0,81.33,B,Pass
1697,female,group A,some college,standard,True,13.3,6.6,45.0,89.0,77.0,international,True,78.1,100.0,70.33,B,Pass
1698,female,group C,bachelor degree,free/reduced,True,7.1,7.6,70.0,52.0,71.0,public,True,77.2,100.0,64.33,C,Pass
1699,female,group B,high school,free/reduced,False,5.8,5.7,80.0,66.0,67.0,public,False,86.0,100.0,71.0,B,Pass
1700,male,group E,high school,free/reduced,True,7.6,8.4,94.0,58.0,71.0,public,True,85.6,100.0,74.33,B,Pass
1701,female,group E,some college,free/reduced,False,12.4,7.9,79.0,65.0,69.0,public,True,85.2,100.0,71.0,B,Pass
1702,female,group C,associate degree,standard,True,5.6,7.3,55.0,62.0,61.0,private,True,81.2,100.0,59.33,C,Pass
1703,female,group A,high school,free/reduced,False,5.7,6.4,49.0,89.0,47.0,private,True,82.8,100.0,61.67,C,Pass
1704,male,group E,associate degree,standard,False,3.3,8.8,67.0,44.0,99.0,public,True,88.5,100.0,70.0,B,Pass
1705,female,group C,high school,standard,False,0.7,9.3,50.0,71.0,93.0,public,True,85.4,100.0,71.33,B,Pass
1706,female,group E,some college,free/reduced,False,6.4,5.4,66.0,66.0,67.0,public,True,80.3,100.0,66.33,C,Pass
1707,male,group D,associate degree,standard,True,14.4,5.7,53.0,79.0,71.0,private,True,85.3,100.0,67.67,C,Pass
1708,male,group D,high school,standard,False,11.1,6.5,84.0,67.0,74.0,public,True,94.5,100.0,75.0,B,Pass
1709,female,group C,master degree,free/reduced,False,9.0,6.9,63.0,74.0,74.0,private,False,82.5,100.0,70.33,B,Pass
1710,female,group B,high school,standard,False,17.9,8.2,66.0,67.0,46.0,public,True,74.0,100.0,59.67,C,Pass
1711,female,group E,associate degree,free/reduced,False,11.1,5.5,76.0,68.0,71.0,public,True,89.1,100.0,71.67,B,Pass
1712,male,group B,some college,standard,False,6.6,7.7,87.0,100.0,75.0,private,True,89.3,100.0,87.33,A,Pass
1713,male,group C,associate degree,standard,False,11.2,4.9,88.0,62.0,93.0,international,True,76.5,100.0,81.0,B,Pass
1714,male,group C,some college,standard,True,6.1,7.0,59.0,93.0,73.0,public,False,89.2,100.0,75.0,B,Pass
1715,male,group C,high school,free/reduced,True,4.8,7.5,75.0,84.0,71.0,public,True,83.0,100.0,76.67,B,Pass
1716,female,group B,high school,standard,False,12.0,7.3,82.0,54.0,70.0,public,True,82.0,100.0,68.67,C,Pass
1717,female,group B,master degree,standard,False,5.4,8.6,65.0,40.0,74.0,private,True,80.5,100.0,59.67,C,Pass
1718,male,group D,some college,free/reduced,False,5.9,8.2,62.0,70.0,71.0,international,False,83.0,100.0,67.67,C,Pass
1719,female,group D,bachelor degree,free/reduced,True,13.3,7.9,70.0,71.0,72.0,public,True,86.9,100.0,71.0,B,Pass
1720,male,group C,associate degree,standard,False,14.6,7.9,84.0,78.0,87.0,international,True,86.0,100.0,83.0,B,Pass
1721,female,group A,high school,standard,False,5.7,5.4,62.0,79.0,82.0,private,True,87.3,100.0,74.33,B,Pass
1722,female,group E,high school,free/reduced,False,12.6,9.3,84.0,71.0,53.0,public,True,81.3,100.0,69.33,C,Pass
1723,female,group D,bachelor degree,free/reduced,True,10.0,9.2,71.0,62.0,84.0,private,True,87.6,100.0,72.33,B,Pass
1724,female,group B,high school,standard,False,9.6,6.9,81.0,58.0,57.0,public,True,84.2,100.0,65.33,C,Pass
1725,female,group C,some college,standard,True,13.3,6.3,76.0,64.0,70.0,private,False,78.3,100.0,70.0,B,Pass
1726,male,group D,master degree,standard,False,8.3,7.9,56.0,48.0,89.0,public,False,86.2,100.0,64.33,C,Pass
1727,female,group B,high school,standard,False,8.4,6.5,72.0,70.0,59.0,public,True,79.1,100.0,67.0,C,Pass
1728,male,group B,some college,standard,False,4.2,6.9,73.0,63.0,73.0,international,True,86.9,100.0,69.67,C,Pass
1729,female,group C,some college,free/reduced,True,24.3,5.9,37.0,63.0,65.0,public,False,78.8,100.0,55.0,C,Pass
1730,female,group C,bachelor degree,standard,False,9.9,6.7,65.0,78.0,69.0,public,True,92.5,100.0,70.67,B,Pass
1731,female,group B,associate degree,free/reduced,False,4.9,7.3,76.0,67.0,57.0,public,True,80.5,100.0,66.67,C,Pass
1732,female,group D,high school,free/reduced,True,2.8,5.5,59.0,70.0,58.0,private,True,78.2,100.0,62.33,C,Pass
1733,male,group D,high school,standard,True,7.5,9.4,70.0,74.0,82.0,public,True,85.0,100.0,75.33,B,Pass
1734,male,group A,high school,standard,False,8.7,6.1,58.0,71.0,56.0,public,True,78.2,100.0,61.67,C,Pass
1735,female,group E,master degree,free/reduced,False,2.7,7.2,55.0,74.0,74.0,private,True,86.1,100.0,67.67,C,Pass
1736,male,group A,bachelor degree,free/reduced,False,8.7,7.3,70.0,71.0,50.0,public,True,72.3,100.0,63.67,C,Pass
1737,male,group E,associate degree,standard,True,8.9,7.4,97.0,69.0,82.0,private,True,82.8,100.0,82.67,B,Pass
1738,male,group A,high school,free/reduced,False,9.6,8.7,72.0,64.0,72.0,public,True,77.4,100.0,69.33,C,Pass
1739,female,group A,high school,standard,True,19.2,9.3,73.0,71.0,57.0,public,True,86.4,100.0,67.0,C,Pass
1740,female,group E,master degree,standard,False,13.6,6.4,56.0,72.0,96.0,public,True,93.4,100.0,74.67,B,Pass
1741,female,group B,bachelor degree,free/reduced,True,9.6,5.9,98.0,71.0,81.0,public,False,87.7,100.0,83.33,B,Pass
1742,female,group C,some college,free/reduced,False,9.6,7.0,61.0,64.0,96.0,public,True,83.6,100.0,73.67,B,Pass
1743,male,group E,associate degree,standard,False,9.1,10.5,94.0,78.0,63.0,public,True,86.7,100.0,78.33,B,Pass
1744,male,group B,associate degree,free/reduced,True,10.7,7.3,39.0,68.0,57.0,public,True,82.7,100.0,54.67,D,Pass
1745,male,group B,high school,free/reduced,False,6.2,8.1,71.0,73.0,67.0,public,True,78.5,100.0,70.33,B,Pass
1746,female,group E,high school,standard,True,12.3,6.9,56.0,75.0,81.0,private,True,84.5,100.0,70.67,B,Pass
1747,female,group E,high school,standard,True,12.0,8.8,85.0,62.0,71.0,public,True,88.9,100.0,72.67,B,Pass
1748,male,group C,bachelor degree,standard,True,6.7,6.1,67.0,70.0,76.0,private,True,85.9,100.0,71.0,B,Pass
1749,male,group B,bachelor degree,standard,False,0.4,6.1,67.0,67.0,78.0,public,True,84.2,100.0,70.67,B,Pass
1750,female,group C,some college,free/reduced,True,9.1,6.9,76.0,55.0,67.0,public,True,86.4,100.0,66.0,C,Pass
1751,male,group E,high school,standard,True,6.2,6.4,47.0,61.0,70.0,public,True,65.2,100.0,59.33,C,Pass
1752,female,group E,some college,free/reduced,True,4.4,7.8,63.0,69.0,54.0,private,False,83.2,100.0,62.0,C,Pass
1753,female,group B,associate degree,standard,True,2.3,5.1,100.0,65.0,69.0,public,True,82.9,100.0,78.0,B,Pass
1754,male,group C,bachelor degree,standard,False,9.6,7.5,57.0,74.0,67.0,international,True,72.2,100.0,66.0,C,Pass
1755,male,group A,associate degree,free/reduced,True,1.0,4.4,61.0,86.0,89.0,international,True,89.0,100.0,78.67,B,Pass
1756,female,group A,high school,standard,True,13.3,4.5,54.0,71.0,83.0,public,True,89.5,100.0,69.33,C,Pass
1757,female,group E,associate degree,standard,True,4.5,7.5,87.0,89.0,69.0,public,True,87.0,100.0,81.67,B,Pass
1758,male,group D,high school,free/reduced,True,13.4,6.8,61.0,86.0,71.0,public,False,88.7,100.0,72.67,B,Pass
1759,male,group E,high school,standard,False,11.1,6.9,36.0,80.0,75.0,international,True,88.5,100.0,63.67,C,Pass
1760,male,group C,associate degree,standard,True,16.4,8.2,69.0,71.0,81.0,public,True,90.9,100.0,73.67,B,Pass
1761,female,group C,some college,standard,True,9.1,7.4,58.0,69.0,69.0,public,True,89.3,100.0,65.33,C,Pass
1762,female,group C,bachelor degree,standard,True,8.1,6.2,75.0,60.0,71.0,public,False,86.2,100.0,68.67,C,Pass
1763,female,group C,master degree,standard,False,14.4,9.2,57.0,82.0,60.0,international,True,81.9,100.0,66.33,C,Pass
1764,male,group D,master degree,standard,False,7.2,5.7,54.0,72.0,39.0,public,True,69.0,100.0,55.0,C,Pass
1765,female,group E,associate degree,standard,False,14.6,7.1,72.0,75.0,85.0,public,False,84.7,100.0,77.33,B,Pass
1766,female,group B,master degree,free/reduced,True,3.8,5.7,99.0,83.0,66.0,public,False,83.9,100.0,82.67,B,Pass
1767,male,group C,high school,standard,True,10.7,6.6,87.0,86.0,79.0,public,True,99.5,100.0,84.0,B,Pass
1768,female,group B,some college,free/reduced,False,8.4,7.2,68.0,56.0,61.0,public,True,78.8,100.0,61.67,C,Pass
1769,male,group A,some college,standard,False,5.5,4.7,66.0,78.0,69.0,public,True,84.0,100.0,71.0,B,Pass
1770,male,group B,high school,standard,True,7.5,6.8,86.0,45.0,70.0,international,True,84.6,100.0,67.0,C,Pass
1771,male,group D,some college,standard,True,11.6,7.0,55.0,99.0,81.0,public,True,86.6,100.0,78.33,B,Pass
1772,female,group C,some college,standard,False,5.5,6.7,61.0,65.0,87.0,private,True,91.9,100.0,71.0,B,Pass
1773,female,group A,some college,standard,False,13.2,5.5,99.0,71.0,65.0,public,True,83.1,100.0,78.33,B,Pass
1774,male,group B,bachelor degree,standard,False,8.0,7.3,79.0,89.0,77.0,public,True,88.6,100.0,81.67,B,Pass
1775,female,group B,master degree,standard,False,9.8,7.2,60.0,67.0,92.0,public,True,80.5,100.0,73.0,B,Pass
1776,female,group D,high school,standard,False,3.7,7.2,48.0,77.0,76.0,public,True,75.2,100.0,67.0,C,Pass
1777,female,group B,associate degree,standard,True,12.9,8.0,44.0,78.0,51.0,public,True,75.0,100.0,57.67,C,Pass
1778,female,group C,associate degree,standard,False,6.5,7.1,83.0,72.0,55.0,international,True,82.8,100.0,70.0,B,Pass
1779,male,group B,some college,standard,True,3.3,6.9,74.0,64.0,83.0,public,True,82.3,100.0,73.67,B,Pass
1780,female,group E,bachelor degree,free/reduced,True,8.7,6.6,86.0,81.0,55.0,public,True,81.1,100.0,74.0,B,Pass
1781,male,group B,some college,standard,True,11.6,7.3,63.0,63.0,77.0,public,True,75.0,100.0,67.67,C,Pass
1782,male,group E,some college,standard,True,4.3,7.5,50.0,80.0,76.0,public,True,82.1,100.0,68.67,C,Pass
1783,female,group A,high school,standard,True,5.4,6.4,85.0,71.0,71.0,public,True,77.6,100.0,75.67,B,Pass
1784,male,group D,high school,standard,False,3.9,7.3,78.0,62.0,68.0,public,True,86.5,100.0,69.33,C,Pass
1785,female,group A,bachelor degree,standard,False,10.8,8.6,87.0,85.0,73.0,public,True,88.1,100.0,81.67,B,Pass
1786,female,group C,high school,free/reduced,True,16.7,7.3,87.0,51.0,71.0,public,True,75.6,100.0,69.67,C,Pass
1787,female,group A,high school,standard,False,11.6,9.3,60.0,77.0,59.0,private,True,79.6,100.0,65.33,C,Pass
1788,female,group C,bachelor degree,standard,True,9.6,7.4,30.0,71.0,52.0,public,True,71.5,100.0,51.0,D,Pass
1789,female,group E,high school,standard,True,4.9,7.6,55.0,89.0,77.0,public,True,86.1,100.0,73.67,B,Pass
1790,female,group B,bachelor degree,standard,True,9.6,7.3,64.0,64.0,90.0,public,True,90.8,100.0,72.67,B,Pass
1791,male,group C,high school,standard,True,4.1,4.4,70.0,82.0,82.0,public,True,76.8,100.0,78.0,B,Pass
1792,female,group D,high school,standard,True,0.4,6.6,58.0,69.0,57.0,public,False,80.1,100.0,61.33,C,Pass
1793,male,group D,master degree,standard,False,11.6,6.7,49.0,58.0,82.0,public,True,79.4,100.0,63.0,C,Pass
1794,female,group D,associate degree,free/reduced,False,6.4,7.2,74.0,72.0,81.0,public,True,88.6,100.0,75.67,B,Pass
1795,female,group B,high school,free/reduced,True,17.2,9.1,54.0,65.0,53.0,public,True,79.0,100.0,57.33,C,Pass
1796,female,group E,associate degree,standard,True,12.5,7.2,44.0,86.0,53.0,public,True,75.6,100.0,61.0,C,Pass
1797,female,group A,some college,standard,True,20.7,7.2,58.0,96.0,76.0,international,True,84.1,100.0,76.67,B,Pass
1798,female,group E,master degree,standard,False,1.6,7.3,87.0,62.0,50.0,public,True,77.6,100.0,66.33,C,Pass
1799,male,group A,bachelor degree,standard,False,7.8,6.7,83.0,66.0,57.0,private,True,87.8,100.0,68.67,C,Pass
1800,male,group D,bachelor degree,standard,False,12.1,6.9,78.0,70.0,52.0,public,True,81.8,100.0,66.67,C,Pass
1801,male,group C,some college,standard,False,9.1,5.8,55.0,50.0,68.0,private,True,87.6,100.0,57.67,C,Pass
1802,male,group E,high school,free/reduced,True,12.9,6.6,85.0,71.0,55.0,private,True,82.7,100.0,70.33,B,Pass
1803,female,group A,high school,standard,True,18.8,11.0,81.0,47.0,71.0,international,True,77.9,100.0,66.33,C,Pass
1804,male,group E,some college,free/reduced,False,5.0,5.2,77.0,66.0,60.0,public,True,74.5,100.0,67.67,C,Pass
1805,female,group D,some college,standard,False,8.1,6.3,67.0,57.0,65.0,public,True,71.2,100.0,63.0,C,Pass
1806,male,group E,high school,free/reduced,False,9.1,7.2,65.0,84.0,76.0,public,False,77.1,100.0,75.0,B,Pass
1807,male,group C,associate degree,standard,False,1.8,8.2,92.0,70.0,62.0,private,True,86.2,100.0,74.67,B,Pass
1808,male,group D,associate degree,free/reduced,False,21.1,6.8,60.0,67.0,92.0,public,True,86.7,100.0,73.0,B,Pass
1809,male,group C,high school,free/reduced,True,3.6,8.4,64.0,64.0,81.0,public,True,75.0,100.0,69.67,C,Pass
1810,male,group E,high school,free/reduced,True,12.6,6.0,60.0,82.0,64.0,public,True,86.9,100.0,68.67,C,Pass
1811,male,group D,high school,free/reduced,True,9.6,8.3,80.0,60.0,100.0,public,True,84.6,100.0,80.0,B,Pass
1812,male,group E,some college,free/reduced,False,9.8,7.3,66.0,72.0,79.0,public,True,84.7,100.0,72.33,B,Pass
1813,male,group C,some college,free/reduced,True,7.3,8.4,70.0,93.0,87.0,public,True,96.4,100.0,83.33,B,Pass
1814,male,group C,high school,standard,False,9.4,6.6,75.0,84.0,71.0,public,True,90.0,100.0,76.67,B,Pass
1815,male,group E,high school,free/reduced,True,13.6,6.8,57.0,100.0,74.0,public,True,84.5,100.0,77.0,B,Pass
1816,female,group E,master degree,standard,True,13.8,6.9,39.0,78.0,81.0,public,True,76.9,100.0,66.0,C,Pass
1817,male,group D,high school,standard,True,4.5,7.6,80.0,82.0,71.0,private,True,75.2,100.0,77.67,B,Pass
1818,male,group A,some college,free/reduced,True,5.7,6.7,100.0,70.0,100.0,public,True,87.4,100.0,90.0,A,Pass
1819,female,group C,bachelor degree,free/reduced,True,2.7,7.5,72.0,56.0,83.0,public,True,82.1,100.0,70.33,B,Pass
1820,male,group D,bachelor degree,standard,True,15.9,5.2,61.0,53.0,80.0,public,True,75.9,100.0,64.67,C,Pass
1821,female,group C,some college,free/reduced,False,11.8,6.9,75.0,71.0,62.0,public,True,82.1,100.0,69.33,C,Pass
1822,female,group C,some college,standard,False,2.4,7.7,53.0,82.0,63.0,public,False,81.8,100.0,66.0,C,Pass
1823,female,group C,some college,standard,False,9.3,4.3,57.0,60.0,63.0,private,True,77.9,100.0,60.0,C,Pass
1824,male,group C,high school,standard,True,11.8,7.6,56.0,68.0,71.0,private,True,77.6,100.0,65.0,C,Pass
1825,male,group B,some college,standard,False,8.0,7.3,80.0,77.0,51.0,private,True,83.6,100.0,69.33,C,Pass
1826,female,group A,high school,free/reduced,True,4.6,6.3,89.0,63.0,70.0,public,False,86.8,100.0,74.0,B,Pass
1827,female,group E,high school,free/reduced,True,9.0,7.5,40.0,97.0,87.0,public,True,79.4,100.0,74.67,B,Pass
1828,male,group D,bachelor degree,standard,False,9.6,7.6,50.0,89.0,67.0,public,True,89.5,100.0,68.67,C,Pass
1829,female,group E,some college,standard,False,12.4,8.7,99.0,73.0,71.0,public,True,86.8,100.0,81.0,B,Pass
1830,male,group C,bachelor degree,free/reduced,False,0.5,6.1,82.0,100.0,85.0,public,True,90.7,100.0,89.0,A,Pass
1831,male,group C,some college,standard,True,11.1,7.3,37.0,53.0,66.0,private,True,79.3,100.0,52.0,D,Pass
1832,female,group D,associate degree,standard,False,11.7,8.1,71.0,92.0,87.0,private,True,89.5,100.0,83.33,B,Pass
1833,female,group D,master degree,standard,False,11.0,9.4,63.0,62.0,78.0,public,True,86.8,100.0,67.67,C,Pass
1834,male,group C,some college,standard,False,3.6,6.2,96.0,68.0,61.0,private,True,86.4,100.0,75.0,B,Pass
1835,male,group B,high school,standard,False,7.4,7.7,71.0,60.0,83.0,private,True,80.5,100.0,71.33,B,Pass
1836,female,group C,master degree,standard,True,8.8,7.1,85.0,71.0,77.0,public,True,87.9,100.0,77.67,B,Pass
1837,male,group D,master degree,standard,False,7.3,7.8,58.0,73.0,84.0,public,True,77.9,100.0,71.67,B,Pass
1838,female,group E,some college,standard,False,9.2,7.8,82.0,71.0,82.0,public,True,86.9,100.0,78.33,B,Pass
1839,male,group C,bachelor degree,standard,True,9.4,7.9,70.0,64.0,62.0,public,True,81.0,100.0,65.33,C,Pass
1840,female,group C,associate degree,free/reduced,True,11.1,6.5,81.0,57.0,72.0,public,True,82.0,100.0,70.0,B,Pass
1841,male,group C,high school,standard,False,9.1,5.7,92.0,70.0,66.0,private,True,84.8,100.0,76.0,B,Pass
1842,female,group C,high school,free/reduced,False,16.4,6.1,82.0,56.0,70.0,public,True,73.3,100.0,69.33,C,Pass
1843,male,group E,associate degree,free/reduced,False,15.5,7.2,67.0,94.0,62.0,public,True,82.0,100.0,74.33,B,Pass
1844,male,group D,high school,free/reduced,False,15.3,5.5,71.0,72.0,68.0,public,True,83.6,100.0,70.33,B,Pass
1845,male,group C,high school,free/reduced,True,16.5,7.2,91.0,61.0,62.0,public,False,84.3,100.0,71.33,B,Pass
1846,female,group D,some college,free/reduced,True,18.1,7.2,54.0,76.0,56.0,public,True,74.7,100.0,62.0,C,Pass
1847,female,group A,some college,standard,True,16.1,5.9,77.0,66.0,67.0,public,True,89.3,100.0,70.0,B,Pass
1848,male,group A,bachelor degree,free/reduced,False,2.2,8.6,56.0,82.0,53.0,public,True,76.1,100.0,63.67,C,Pass
1849,male,group C,high school,standard,True,17.5,8.6,63.0,65.0,59.0,international,True,84.8,100.0,62.33,C,Pass
1850,female,group B,high school,free/reduced,True,2.2,6.3,75.0,89.0,59.0,private,True,86.9,100.0,74.33,B,Pass
1851,female,group B,some college,free/reduced,True,4.6,5.4,90.0,74.0,58.0,public,True,81.4,100.0,74.0,B,Pass
1852,male,group E,bachelor degree,standard,False,10.0,6.5,61.0,48.0,71.0,public,True,87.7,100.0,60.0,C,Pass
1853,female,group E,high school,standard,False,12.6,7.2,47.0,59.0,43.0,public,True,68.9,100.0,49.67,D,Pass
1854,male,group A,associate degree,standard,False,13.8,6.5,80.0,67.0,69.0,private,True,88.4,100.0,72.0,B,Pass
1855,male,group D,high school,standard,False,3.5,5.8,78.0,69.0,71.0,private,True,88.9,100.0,72.67,B,Pass
1856,female,group A,associate degree,standard,True,5.5,7.2,62.0,50.0,46.0,public,True,72.7,100.0,52.67,D,Pass
1857,male,group E,bachelor degree,standard,True,16.3,7.8,53.0,68.0,71.0,public,True,87.6,100.0,64.0,C,Pass
1858,male,group B,associate degree,free/reduced,False,18.2,7.6,58.0,83.0,47.0,public,False,78.8,100.0,62.67,C,Pass
1859,male,group B,some college,standard,False,18.3,6.0,61.0,75.0,29.0,public,True,78.4,100.0,55.0,C,Pass
1860,female,group D,high school,standard,False,5.6,6.6,73.0,84.0,50.0,public,True,83.9,100.0,69.0,C,Pass
1861,male,group B,bachelor degree,standard,False,10.9,5.9,84.0,56.0,76.0,public,False,83.1,100.0,72.0,B,Pass
1862,female,group B,master degree,standard,True,10.6,6.2,65.0,59.0,67.0,public,True,84.5,100.0,63.67,C,Pass
1863,female,group B,high school,standard,False,7.7,6.4,95.0,52.0,68.0,international,True,87.6,100.0,71.67,B,Pass
1864,male,group C,high school,standard,False,9.6,5.6,54.0,64.0,45.0,public,False,68.0,100.0,54.33,D,Pass
1865,female,group B,associate degree,standard,True,11.0,7.6,38.0,71.0,79.0,public,True,86.6,100.0,62.67,C,Pass
1866,male,group B,associate degree,standard,True,9.7,8.2,51.0,77.0,85.0,public,False,75.1,100.0,71.0,B,Pass
1867,female,group D,master degree,free/reduced,True,9.6,6.0,86.0,60.0,56.0,public,True,87.1,100.0,67.33,C,Pass
1868,female,group E,high school,standard,False,10.3,9.2,61.0,72.0,83.0,public,True,89.4,100.0,72.0,B,Pass
1869,male,group A,some college,standard,False,10.7,6.4,68.0,67.0,81.0,public,True,78.3,100.0,72.0,B,Pass
1870,male,group B,bachelor degree,free/reduced,False,8.8,6.8,86.0,84.0,75.0,international,True,85.6,100.0,81.67,B,Pass
1871,female,group C,master degree,free/reduced,True,0.7,8.0,38.0,49.0,61.0,international,True,69.2,100.0,49.33,D,Pass
1872,male,group D,associate degree,free/reduced,False,11.4,8.3,67.0,78.0,75.0,public,True,83.3,100.0,73.33,B,Pass
1873,female,group C,high school,standard,False,3.4,7.2,69.0,71.0,71.0,public,True,81.3,100.0,70.33,B,Pass
1874,male,group E,associate degree,standard,True,12.8,5.8,78.0,48.0,55.0,public,True,83.0,100.0,60.33,C,Pass
1875,female,group D,some college,standard,True,18.7,7.5,55.0,67.0,76.0,international,False,88.0,100.0,66.0,C,Pass
1876,female,group E,high school,standard,False,7.5,7.3,53.0,63.0,76.0,international,True,87.6,100.0,64.0,C,Pass
1877,male,group E,high school,standard,True,10.9,7.0,56.0,81.0,65.0,public,True,79.1,100.0,67.33,C,Pass
1878,male,group C,high school,standard,True,9.6,5.3,92.0,73.0,54.0,public,True,83.2,100.0,73.0,B,Pass
1879,female,group B,some college,free/reduced,False,7.8,6.2,52.0,98.0,71.0,private,True,75.9,100.0,73.67,B,Pass
1880,male,group B,some college,free/reduced,False,11.9,8.7,79.0,63.0,69.0,public,True,79.1,100.0,70.33,B,Pass
1881,female,group C,master degree,standard,True,17.8,7.2,77.0,64.0,71.0,private,True,88.1,100.0,70.67,B,Pass
1882,female,group B,high school,standard,False,9.6,9.6,65.0,45.0,60.0,private,True,85.7,100.0,56.67,C,Pass
1883,male,group A,high school,free/reduced,True,0.0,8.1,73.0,75.0,68.0,international,True,77.6,100.0,72.0,B,Pass
1884,female,group A,associate degree,standard,False,8.8,7.8,73.0,63.0,71.0,public,True,79.5,100.0,69.0,C,Pass
1885,female,group C,associate degree,standard,True,9.0,9.3,75.0,79.0,75.0,public,True,85.4,100.0,76.33,B,Pass
1886,female,group D,high school,standard,False,13.2,8.4,78.0,64.0,77.0,public,True,85.6,100.0,73.0,B,Pass
1887,female,group C,high school,standard,True,2.6,6.0,53.0,87.0,67.0,public,True,78.6,100.0,69.0,C,Pass
1888,male,group D,high school,standard,False,13.8,9.8,65.0,90.0,61.0,international,True,85.9,100.0,72.0,B,Pass
1889,male,group E,high school,free/reduced,True,14.2,6.5,58.0,93.0,63.0,public,True,81.2,100.0,71.33,B,Pass
1890,male,group D,high school,standard,False,7.3,7.4,39.0,58.0,84.0,public,True,79.1,100.0,60.33,C,Pass
1891,male,group B,high school,free/reduced,False,5.8,9.8,73.0,51.0,61.0,public,True,82.4,100.0,61.67,C,Pass
1892,male,group B,some college,standard,True,3.8,7.2,68.0,71.0,47.0,international,True,79.7,100.0,62.0,C,Pass
1893,male,group B,associate degree,standard,True,14.7,7.3,81.0,75.0,54.0,international,True,80.8,100.0,70.0,B,Pass
1894,male,group D,high school,standard,True,9.6,8.0,71.0,71.0,57.0,public,True,80.9,100.0,66.33,C,Pass
1895,female,group C,high school,standard,False,16.4,8.1,67.0,74.0,88.0,international,True,85.1,100.0,76.33,B,Pass
1896,female,group E,bachelor degree,free/reduced,True,4.1,8.7,51.0,86.0,52.0,public,True,78.3,100.0,63.0,C,Pass
1897,male,group D,bachelor degree,free/reduced,True,17.5,6.3,48.0,87.0,70.0,public,True,81.0,100.0,68.33,C,Pass
1898,female,group C,high school,standard,True,11.3,5.6,53.0,100.0,77.0,public,False,93.7,100.0,76.67,B,Pass
1899,female,group C,bachelor degree,standard,True,5.0,8.0,95.0,51.0,67.0,public,True,86.2,100.0,71.0,B,Pass
1900,female,group B,some college,standard,True,12.8,5.2,52.0,84.0,91.0,private,True,83.8,100.0,75.67,B,Pass
1901,female,group E,bachelor degree,standard,True,3.9,5.7,73.0,50.0,91.0,private,True,87.0,100.0,71.33,B,Pass
1902,female,group C,high school,standard,True,14.9,7.2,75.0,89.0,100.0,international,False,88.5,100.0,88.0,A,Pass
1903,female,group E,high school,free/reduced,True,10.0,7.2,86.0,82.0,71.0,public,False,92.6,100.0,79.67,B,Pass
1904,male,group B,some college,standard,True,12.6,6.0,59.0,72.0,94.0,public,True,86.8,100.0,75.0,B,Pass
1905,female,group D,high school,free/reduced,True,2.0,4.7,79.0,63.0,54.0,private,True,80.6,100.0,65.33,C,Pass
1906,male,group A,master degree,standard,False,8.8,8.1,79.0,99.0,83.0,public,True,92.0,100.0,87.0,A,Pass
1907,male,group A,master degree,free/reduced,False,8.7,7.5,91.0,75.0,61.0,public,True,77.4,100.0,75.67,B,Pass
1908,male,group D,bachelor degree,standard,True,8.6,5.5,68.0,98.0,80.0,public,True,82.2,100.0,82.0,B,Pass
1909,male,group E,bachelor degree,standard,False,19.3,7.2,56.0,100.0,90.0,public,True,81.8,100.0,82.0,B,Pass
1910,female,group B,master degree,standard,False,9.6,9.0,66.0,69.0,58.0,public,True,81.4,100.0,64.33,C,Pass
1911,female,group D,high school,standard,False,1.8,8.9,55.0,49.0,78.0,private,True,87.9,100.0,60.67,C,Pass
1912,male,group E,bachelor degree,standard,True,9.6,6.6,47.0,37.0,53.0,public,True,84.4,100.0,45.67,D,Pass
1913,male,group D,bachelor degree,standard,True,5.8,8.4,100.0,73.0,82.0,international,True,92.2,100.0,85.0,A,Pass
1914,female,group E,some college,free/reduced,False,16.4,6.5,68.0,74.0,49.0,public,True,83.0,100.0,63.67,C,Pass
1915,male,group C,associate degree,standard,False,9.6,8.4,91.0,68.0,73.0,private,True,76.9,100.0,77.33,B,Pass
1916,male,group B,bachelor degree,free/reduced,True,3.9,5.6,74.0,84.0,82.0,public,True,84.3,100.0,80.0,B,Pass
1917,female,group B,bachelor degree,standard,True,9.1,9.1,67.0,67.0,49.0,public,True,75.5,100.0,61.0,C,Pass
1918,female,group C,high school,standard,True,13.2,7.3,61.0,74.0,72.0,public,True,79.5,100.0,69.0,C,Pass
1919,female,group C,some college,free/reduced,False,9.6,6.9,77.0,77.0,77.0,international,True,85.0,100.0,77.0,B,Pass
1920,male,group C,high school,standard,False,15.3,7.2,100.0,79.0,82.0,public,True,87.4,100.0,87.0,A,Pass
1921,male,group D,bachelor degree,standard,False,9.6,7.2,70.0,67.0,73.0,public,True,73.1,100.0,70.0,B,Pass
1922,male,group C,master degree,standard,False,13.2,10.1,66.0,71.0,86.0,private,True,88.3,100.0,74.33,B,Pass
1923,female,group E,associate degree,standard,False,15.4,8.3,94.0,67.0,64.0,private,False,79.6,100.0,75.0,B,Pass
1924,male,group A,master degree,free/reduced,False,7.2,7.2,72.0,76.0,84.0,public,True,87.1,100.0,77.33,B,Pass
1925,female,group D,bachelor degree,standard,True,11.2,7.4,71.0,57.0,51.0,private,True,89.2,100.0,59.67,C,Pass
1926,male,group A,high school,standard,True,6.2,9.7,69.0,66.0,55.0,public,True,75.7,100.0,63.33,C,Pass
1927,male,group D,bachelor degree,standard,True,12.7,7.0,81.0,48.0,43.0,public,True,65.3,100.0,57.33,C,Pass
1928,female,group C,some college,free/reduced,False,4.2,5.8,52.0,79.0,51.0,public,True,77.8,100.0,60.67,C,Pass
1929,male,group B,high school,standard,False,10.2,7.7,51.0,76.0,81.0,public,True,88.2,100.0,69.33,C,Pass
1930,male,group B,high school,free/reduced,False,11.4,8.2,64.0,64.0,84.0,public,True,93.1,100.0,70.67,B,Pass
1931,female,group D,master degree,standard,False,3.6,6.7,74.0,71.0,44.0,public,True,73.9,100.0,63.0,C,Pass
1932,female,group C,some college,standard,False,13.1,7.9,44.0,78.0,62.0,public,True,82.0,100.0,61.33,C,Pass
1933,female,group A,high school,standard,False,0.0,7.3,70.0,33.0,59.0,public,True,74.3,100.0,54.0,D,Pass
1934,female,group A,high school,free/reduced,True,6.1,8.3,69.0,64.0,63.0,public,True,80.6,100.0,65.33,C,Pass
1935,male,group A,master degree,standard,False,6.5,9.2,68.0,85.0,73.0,private,True,98.4,100.0,75.33,B,Pass
1936,female,group C,high school,standard,True,13.6,8.3,72.0,100.0,73.0,public,True,80.2,100.0,81.67,B,Pass
1937,male,group C,high school,free/reduced,False,11.3,7.2,66.0,57.0,58.0,private,False,80.4,100.0,60.33,C,Pass
1938,female,group B,associate degree,free/reduced,False,8.9,7.8,88.0,66.0,69.0,public,True,87.1,100.0,74.33,B,Pass
1939,female,group E,bachelor degree,standard,True,0.0,6.1,44.0,80.0,72.0,public,True,86.6,100.0,65.33,C,Pass
1940,female,group E,high school,standard,True,9.6,7.1,83.0,50.0,92.0,private,True,85.5,100.0,75.0,B,Pass
1941,female,group C,some college,free/reduced,False,2.7,9.3,83.0,35.0,83.0,public,True,83.3,100.0,67.0,C,Pass
1942,male,group A,high school,free/reduced,False,9.6,6.3,68.0,63.0,68.0,international,False,79.6,100.0,66.33,C,Pass
1943,male,group B,high school,standard,True,6.3,5.9,85.0,76.0,53.0,public,True,84.9,100.0,71.33,B,Pass
1944,male,group A,high school,free/reduced,False,6.7,9.0,64.0,75.0,71.0,international,True,81.2,100.0,70.0,B,Pass
1945,female,group E,high school,standard,True,5.2,6.0,66.0,71.0,58.0,private,True,84.0,100.0,65.0,C,Pass
1946,male,group A,some college,standard,False,14.3,6.6,60.0,84.0,54.0,private,True,79.6,100.0,66.0,C,Pass
1947,female,group A,associate degree,free/reduced,True,13.6,6.7,77.0,48.0,69.0,public,True,82.8,100.0,64.67,C,Pass
1948,male,group E,some college,free/reduced,True,16.6,6.2,50.0,55.0,74.0,public,True,78.7,100.0,59.67,C,Pass
1949,female,group A,high school,standard,True,11.7,7.0,96.0,70.0,75.0,public,True,92.8,100.0,80.33,B,Pass
1950,male,group D,bachelor degree,free/reduced,False,14.7,6.7,96.0,93.0,65.0,private,True,88.6,100.0,84.67,B,Pass
1951,female,group E,high school,standard,False,8.2,4.8,71.0,49.0,89.0,public,True,74.0,100.0,69.67,C,Pass
1952,female,group B,some college,standard,False,3.8,9.3,89.0,75.0,84.0,public,True,94.4,100.0,82.67,B,Pass
1953,male,group C,associate degree,standard,False,6.5,8.5,70.0,47.0,83.0,public,True,77.1,100.0,66.67,C,Pass
1954,male,group C,bachelor degree,free/reduced,False,9.5,6.4,93.0,90.0,64.0,private,True,84.7,100.0,82.33,B,Pass
1955,female,group D,high school,standard,True,11.4,6.5,95.0,69.0,82.0,private,True,84.8,100.0,82.0,B,Pass
1956,male,group B,some college,standard,False,10.3,7.0,76.0,71.0,65.0,public,False,90.0,100.0,70.67,B,Pass
1957,female,group B,high school,standard,True,6.4,5.4,50.0,100.0,58.0,public,True,72.1,100.0,69.33,C,Pass
1958,female,group D,high school,standard,False,9.6,7.2,54.0,72.0,91.0,private,True,99.6,100.0,72.33,B,Pass
1959,male,group C,bachelor degree,standard,False,9.8,9.6,69.0,67.0,83.0,public,True,89.5,100.0,73.0,B,Pass
1960,female,group B,some college,standard,False,9.0,4.9,91.0,71.0,73.0,public,True,87.4,100.0,78.33,B,Pass
1961,female,group D,high school,standard,True,1.9,5.3,76.0,39.0,79.0,public,False,80.6,100.0,64.67,C,Pass
1962,female,group A,associate degree,standard,True,7.9,6.6,90.0,74.0,69.0,private,True,87.5,100.0,77.67,B,Pass
1963,male,group E,associate degree,free/reduced,True,13.7,6.6,69.0,56.0,70.0,private,True,83.6,100.0,65.0,C,Pass
1964,male,group B,associate degree,standard,False,9.0,7.9,72.0,71.0,49.0,public,True,83.7,100.0,64.0,C,Pass
1965,female,group C,high school,free/reduced,True,10.7,7.7,73.0,67.0,56.0,public,True,83.9,100.0,65.33,C,Pass
1966,female,group D,associate degree,free/reduced,False,13.3,6.0,50.0,69.0,87.0,public,True,82.9,100.0,68.67,C,Pass
1967,male,group E,high school,standard,False,17.9,9.4,100.0,63.0,67.0,international,True,84.7,100.0,76.67,B,Pass
1968,male,group E,some college,free/reduced,False,6.0,5.3,96.0,48.0,89.0,public,True,85.3,100.0,77.67,B,Pass
1969,female,group A,bachelor degree,free/reduced,False,7.9,7.2,85.0,80.0,87.0,public,True,87.6,100.0,84.0,B,Pass
1970,male,group D,master degree,free/reduced,False,17.1,8.3,71.0,57.0,80.0,public,True,88.4,100.0,69.33,C,Pass
1971,male,group D,high school,standard,True,0.0,7.0,63.0,61.0,72.0,public,True,84.1,100.0,65.33,C,Pass
1972,female,group C,high school,standard,True,0.0,7.4,84.0,91.0,84.0,private,False,74.8,100.0,86.33,A,Pass
1973,female,group D,some college,free/reduced,True,10.5,5.5,69.0,96.0,88.0,public,True,92.0,100.0,84.33,B,Pass
1974,male,group A,some college,standard,True,4.6,4.4,62.0,96.0,72.0,private,True,86.6,100.0,76.67,B,Pass
1975,male,group C,some college,standard,True,9.0,5.1,62.0,100.0,65.0,public,True,85.2,100.0,75.67,B,Pass
1976,male,group C,bachelor degree,standard,False,0.0,7.1,69.0,86.0,42.0,public,False,79.3,100.0,65.67,C,Pass
1977,male,group C,master degree,standard,True,20.6,7.0,79.0,60.0,71.0,private,False,88.6,100.0,70.0,B,Pass
1978,male,group C,bachelor degree,standard,True,6.2,7.1,73.0,91.0,86.0,public,True,93.1,100.0,83.33,B,Pass
1979,female,group B,bachelor degree,free/reduced,False,1.8,9.2,67.0,88.0,82.0,private,True,82.7,100.0,79.0,B,Pass
1980,female,group E,some college,standard,True,11.5,7.1,48.0,55.0,58.0,international,True,78.5,100.0,53.67,D,Pass
1981,male,group B,bachelor degree,standard,False,12.8,6.5,71.0,60.0,61.0,public,True,75.7,100.0,64.0,C,Pass
1982,male,group C,master degree,standard,True,7.3,8.2,92.0,62.0,70.0,public,True,78.0,100.0,74.67,B,Pass
1983,male,group E,bachelor degree,free/reduced,True,17.1,10.6,70.0,80.0,86.0,international,True,83.3,100.0,78.67,B,Pass
1984,male,group B,high school,free/reduced,False,9.6,9.4,38.0,65.0,58.0,public,True,80.8,100.0,53.67,D,Pass
1985,female,group E,associate degree,standard,False,6.1,7.2,62.0,62.0,75.0,public,False,86.3,100.0,66.33,C,Pass
1986,female,group B,high school,standard,True,10.6,7.6,73.0,76.0,67.0,public,True,86.4,100.0,72.0,B,Pass
1987,female,group D,associate degree,standard,False,8.1,6.3,83.0,78.0,62.0,private,True,88.4,100.0,74.33,B,Pass
1988,male,group C,some college,free/reduced,False,12.8,7.2,67.0,54.0,52.0,public,True,80.6,100.0,57.67,C,Pass
1989,female,group A,high school,standard,False,1.4,7.4,54.0,62.0,58.0,public,True,75.0,100.0,58.0,C,Pass
1990,female,group E,some college,standard,True,11.8,7.3,57.0,50.0,45.0,international,True,77.4,100.0,50.67,D,Pass
1991,female,group D,master degree,standard,False,13.4,7.7,53.0,61.0,84.0,public,True,85.4,100.0,66.0,C,Pass
1992,male,group C,some college,standard,False,11.6,6.8,67.0,90.0,68.0,public,True,88.8,100.0,75.0,B,Pass
1993,male,group E,some college,free/reduced,False,6.8,7.8,88.0,80.0,67.0,private,True,92.3,100.0,78.33,B,Pass
1994,male,group A,high school,standard,True,13.2,5.3,36.0,78.0,64.0,private,False,82.3,100.0,59.33,C,Pass
1995,female,group C,bachelor degree,free/reduced,True,4.7,4.6,72.0,40.0,67.0,public,True,80.6,100.0,59.67,C,Pass
1996,male,group B,high school,standard,False,7.5,6.2,75.0,71.0,65.0,public,True,88.4,100.0,70.33,B,Pass
1997,female,group D,associate degree,standard,False,10.3,8.2,48.0,81.0,66.0,public,False,80.9,100.0,65.0,C,Pass
1998,male,group E,master degree,free/reduced,True,12.3,5.7,89.0,65.0,88.0,public,True,82.9,100.0,80.67,B,Pass
1999,male,group A,high school,standard,True,7.3,8.4,65.0,66.0,80.0,private,False,82.3,100.0,70.33,B,Pass
2000,female,group E,bachelor degree,standard,False,12.8,7.2,66.0,62.0,51.0,public,True,75.1,100.0,59.67,C,Pass
2001,female,group C,associate degree,free/reduced,False,4.3,7.2,79.0,74.0,71.0,international,True,81.4,100.0,74.67,B,Pass
2002,female,group E,high school,standard,False,4.4,7.4,49.0,60.0,59.0,public,True,76.7,100.0,56.0,C,Pass
2003,male,group B,high school,standard,False,9.6,8.5,74.0,84.0,83.0,private,True,83.2,100.0,80.33,B,Pass
2004,male,group C,associate degree,standard,False,12.6,5.4,58.0,85.0,83.0,public,True,83.6,100.0,75.33,B,Pass
2005,female,group C,some college,free/reduced,True,14.0,7.2,66.0,77.0,57.0,international,True,72.2,100.0,66.67,C,Pass
2006,female,group D,master degree,standard,False,11.5,6.7,53.0,58.0,54.0,public,True,78.1,100.0,55.0,C,Pass
2007,male,group A,high school,standard,False,6.3,7.2,45.0,98.0,83.0,public,True,85.1,100.0,75.33,B,Pass
2008,male,group C,bachelor degree,standard,False,15.0,6.2,63.0,71.0,81.0,international,True,79.6,100.0,71.67,B,Pass
2009,male,group E,master degree,standard,False,10.6,7.4,67.0,74.0,50.0,public,True,83.8,100.0,63.67,C,Pass
2010,female,group C,bachelor degree,free/reduced,False,10.9,6.6,78.0,74.0,54.0,public,True,87.2,100.0,68.67,C,Pass
2011,male,group E,associate degree,standard,True,5.8,6.8,80.0,81.0,89.0,private,True,80.3,100.0,83.33,B,Pass
2012,female,group E,some college,free/reduced,True,7.9,5.7,73.0,100.0,73.0,public,True,84.0,100.0,82.0,B,Pass
2013,female,group D,bachelor degree,standard,True,7.8,8.3,68.0,70.0,86.0,public,True,81.0,100.0,74.67,B,Pass
2014,female,group A,high school,standard,True,9.6,7.0,53.0,80.0,60.0,private,False,76.0,100.0,64.33,C,Pass
2015,female,group B,some college,standard,False,5.0,6.1,62.0,81.0,71.0,public,True,87.7,100.0,71.33,B,Pass
2016,male,group D,bachelor degree,free/reduced,True,11.8,7.0,62.0,62.0,56.0,public,True,78.0,100.0,60.0,C,Pass
2017,male,group B,some college,standard,False,0.2,5.8,78.0,79.0,100.0,private,True,87.9,100.0,85.67,A,Pass
2018,female,group C,associate degree,standard,False,10.4,9.6,83.0,84.0,73.0,private,True,77.0,100.0,80.0,B,Pass
2019,male,group E,high school,standard,True,6.1,8.1,71.0,69.0,61.0,public,True,85.0,100.0,67.0,C,Pass
2020,female,group C,master degree,standard,False,10.7,8.5,70.0,79.0,70.0,private,True,78.0,100.0,73.0,B,Pass
2021,male,group B,associate degree,free/reduced,True,6.4,7.7,63.0,55.0,96.0,public,True,83.8,100.0,71.33,B,Pass
2022,female,group C,high school,standard,False,10.2,6.6,91.0,68.0,100.0,private,True,90.9,100.0,86.33,A,Pass
2023,male,group C,bachelor degree,standard,True,9.9,7.4,75.0,71.0,83.0,public,True,92.3,100.0,76.33,B,Pass
2024,female,group B,high school,standard,True,8.8,4.3,84.0,63.0,75.0,public,True,78.1,100.0,74.0,B,Pass
2025,female,group B,associate degree,standard,True,5.8,7.2,99.0,77.0,76.0,public,True,73.5,100.0,84.0,B,Pass
2026,female,group D,some college,standard,True,7.0,7.2,85.0,50.0,87.0,public,True,85.5,100.0,74.0,B,Pass
2027,male,group A,associate degree,standard,True,9.6,6.4,65.0,74.0,85.0,public,True,93.9,100.0,74.67,B,Pass
2028,male,group C,high school,free/reduced,False,5.7,7.0,72.0,77.0,77.0,private,False,91.3,100.0,75.33,B,Pass
2029,female,group A,associate degree,standard,True,17.8,7.0,52.0,56.0,74.0,public,True,80.3,100.0,60.67,C,Pass
2030,male,group D,some college,free/reduced,True,6.4,9.2,69.0,71.0,67.0,public,False,80.0,100.0,69.0,C,Pass
2031,female,group E,some college,free/reduced,False,9.6,8.7,40.0,94.0,88.0,public,True,88.6,100.0,74.0,B,Pass
2032,female,group C,high school,standard,True,0.0,7.2,92.0,59.0,71.0,public,True,79.7,100.0,74.0,B,Pass
2033,male,group D,high school,standard,True,9.8,7.8,69.0,77.0,90.0,public,True,88.8,100.0,78.67,B,Pass
2034,male,group B,bachelor degree,standard,False,11.7,8.1,41.0,79.0,49.0,public,True,80.1,100.0,56.33,C,Pass
2035,male,group D,associate degree,standard,True,6.0,6.4,75.0,88.0,59.0,public,True,89.9,100.0,74.0,B,Pass
2036,female,group B,associate degree,standard,True,14.6,8.5,59.0,68.0,81.0,private,True,96.5,100.0,69.33,C,Pass
2037,female,group B,bachelor degree,free/reduced,True,6.5,8.0,82.0,85.0,42.0,public,True,84.8,100.0,69.67,C,Pass
2038,female,group B,associate degree,free/reduced,False,9.0,6.8,63.0,71.0,87.0,public,True,81.9,100.0,73.67,B,Pass
2039,male,group C,bachelor degree,free/reduced,True,0.9,6.3,59.0,67.0,100.0,public,True,85.0,100.0,75.33,B,Pass
2040,female,group C,bachelor degree,standard,False,5.2,7.7,77.0,74.0,74.0,international,True,76.2,100.0,75.0,B,Pass
2041,female,group B,master degree,standard,False,6.1,7.3,84.0,70.0,58.0,private,True,79.8,100.0,70.67,B,Pass
2042,male,group C,bachelor degree,standard,False,1.7,7.3,97.0,75.0,62.0,public,True,84.2,100.0,78.0,B,Pass
2043,male,group B,some college,free/reduced,False,9.6,6.5,82.0,83.0,84.0,private,True,85.6,100.0,83.0,B,Pass
2044,female,group E,associate degree,standard,False,11.7,8.7,48.0,76.0,51.0,private,True,79.1,100.0,58.33,C,Pass
2045,female,group C,some college,standard,True,8.4,7.8,69.0,44.0,75.0,public,True,76.0,100.0,62.67,C,Pass
2046,female,group C,some college,free/reduced,False,11.7,8.1,92.0,53.0,66.0,public,True,88.7,100.0,70.33,B,Pass
2047,female,group B,high school,free/reduced,False,1.9,5.1,71.0,84.0,100.0,international,True,89.0,100.0,85.0,A,Pass
2048,female,group D,master degree,free/reduced,False,15.9,9.1,70.0,86.0,59.0,public,True,83.6,100.0,71.67,B,Pass
2049,female,group E,some college,standard,False,4.7,7.0,67.0,66.0,83.0,public,False,82.2,100.0,72.0,B,Pass
2050,female,group E,high school,standard,False,5.1,6.4,88.0,71.0,83.0,public,True,87.9,100.0,80.67,B,Pass
2051,male,group B,some college,standard,False,12.3,6.0,68.0,61.0,77.0,public,True,86.6,100.0,68.67,C,Pass
2052,female,group D,high school,standard,True,25.4,8.7,66.0,87.0,59.0,public,True,78.9,100.0,70.67,B,Pass
2053,male,group D,bachelor degree,standard,True,9.6,5.8,53.0,63.0,69.0,public,True,76.4,100.0,61.67,C,Pass
2054,female,group A,high school,free/reduced,False,7.7,7.1,61.0,37.0,88.0,international,True,78.3,100.0,62.0,C,Pass
2055,male,group A,master degree,free/reduced,False,12.8,8.4,47.0,71.0,76.0,private,True,74.0,100.0,64.67,C,Pass
2056,male,group C,some college,standard,False,7.1,8.3,90.0,92.0,71.0,international,True,84.6,100.0,84.33,B,Pass
2057,female,group D,bachelor degree,standard,True,6.5,8.9,68.0,100.0,72.0,public,True,84.6,100.0,80.0,B,Pass
2058,female,group B,some college,free/reduced,True,8.8,8.3,64.0,59.0,52.0,public,True,82.7,100.0,58.33,C,Pass
2059,female,group D,high school,free/reduced,False,8.1,7.8,72.0,55.0,54.0,international,True,80.4,100.0,60.33,C,Pass
2060,female,group B,bachelor degree,standard,False,8.8,7.6,63.0,46.0,74.0,private,True,80.4,100.0,61.0,C,Pass
2061,female,group D,high school,free/reduced,False,11.9,8.0,81.0,59.0,81.0,private,True,88.7,100.0,73.67,B,Pass
2062,female,group C,high school,free/reduced,False,10.9,8.0,58.0,94.0,78.0,public,True,85.0,100.0,76.67,B,Pass
2063,male,group B,bachelor degree,standard,False,4.0,7.8,70.0,33.0,44.0,public,True,76.6,100.0,49.0,D,Pass
2064,female,group E,some college,standard,False,11.5,9.1,71.0,95.0,74.0,public,True,86.5,100.0,80.0,B,Pass
2065,female,group A,some college,free/reduced,False,7.7,7.2,90.0,91.0,71.0,public,False,89.8,100.0,84.0,B,Pass
2066,female,group A,high school,standard,False,5.8,9.2,45.0,47.0,88.0,private,True,76.1,100.0,60.0,C,Pass
2067,female,group B,some college,standard,False,10.3,5.8,51.0,47.0,58.0,public,True,63.6,100.0,52.0,D,Pass
2068,female,group E,some college,free/reduced,True,9.6,7.2,65.0,33.0,71.0,private,True,76.7,100.0,56.33,C,Pass
2069,male,group B,high school,free/reduced,False,9.6,6.1,85.0,81.0,83.0,international,True,95.3,100.0,83.0,B,Pass
2070,female,group C,associate degree,standard,True,9.9,8.2,59.0,83.0,67.0,public,True,87.5,100.0,69.67,C,Pass
2071,female,group A,some college,standard,False,9.6,6.7,64.0,62.0,78.0,public,True,87.0,100.0,68.0,C,Pass
2072,female,group C,associate degree,standard,True,10.7,6.8,79.0,75.0,64.0,public,True,90.2,100.0,72.67,B,Pass
2073,male,group D,high school,free/reduced,False,13.1,6.7,70.0,65.0,71.0,private,True,82.8,100.0,68.67,C,Pass
2074,female,group B,associate degree,standard,True,8.2,6.3,59.0,81.0,71.0,public,True,84.1,100.0,70.33,B,Pass
2075,male,group D,associate degree,free/reduced,False,5.0,5.3,74.0,74.0,63.0,public,True,80.0,100.0,70.33,B,Pass
2076,male,group A,some college,free/reduced,False,3.6,5.8,100.0,82.0,59.0,public,True,85.6,100.0,80.33,B,Pass
2077,female,group C,high school,standard,True,13.4,5.1,68.0,60.0,76.0,international,True,85.3,100.0,68.0,C,Pass
2078,male,group E,bachelor degree,standard,False,4.4,5.6,87.0,80.0,88.0,public,True,95.0,100.0,85.0,A,Pass
2079,male,group C,some college,free/reduced,True,5.0,6.5,75.0,73.0,60.0,public,True,82.0,100.0,69.33,C,Pass
2080,male,group C,some college,standard,False,9.5,8.8,39.0,82.0,86.0,public,True,80.3,100.0,69.0,C,Pass
2081,female,group C,bachelor degree,standard,False,2.7,6.2,70.0,93.0,57.0,international,False,84.3,100.0,73.33,B,Pass
2082,female,group D,associate degree,standard,False,6.9,6.7,59.0,94.0,66.0,public,True,87.2,100.0,73.0,B,Pass
2083,male,group C,master degree,standard,False,3.3,9.1,79.0,61.0,69.0,public,True,75.6,100.0,69.67,C,Pass
2084,male,group B,master degree,standard,False,9.9,9.2,64.0,99.0,94.0,public,True,77.8,100.0,85.67,A,Pass
2085,female,group C,high school,standard,True,9.3,6.5,69.0,69.0,61.0,public,True,78.8,100.0,66.33,C,Pass
2086,female,group D,master degree,standard,False,13.9,7.3,59.0,61.0,63.0,private,True,73.3,100.0,61.0,C,Pass
2087,male,group C,bachelor degree,free/reduced,False,16.0,7.1,78.0,66.0,59.0,public,True,79.5,100.0,67.67,C,Pass
2088,female,group A,associate degree,free/reduced,True,8.8,6.4,83.0,69.0,66.0,public,True,83.3,100.0,72.67,B,Pass
2089,male,group D,high school,free/reduced,False,7.9,7.2,54.0,71.0,79.0,public,True,79.8,100.0,68.0,C,Pass
2090,female,group C,some college,free/reduced,False,2.5,5.2,67.0,71.0,71.0,international,True,90.1,100.0,69.67,C,Pass
2091,male,group A,bachelor degree,standard,True,4.8,7.3,66.0,54.0,68.0,private,True,81.7,100.0,62.67,C,Pass
2092,male,group E,high school,free/reduced,False,9.6,7.3,74.0,55.0,62.0,public,True,82.0,100.0,63.67,C,Pass
2093,male,group E,bachelor degree,free/reduced,False,0.0,6.8,80.0,65.0,71.0,public,True,86.9,100.0,72.0,B,Pass
2094,male,group C,high school,free/reduced,False,11.0,6.9,57.0,72.0,83.0,public,True,77.6,100.0,70.67,B,Pass
2095,female,group A,associate degree,standard,False,13.1,7.2,64.0,71.0,65.0,private,True,86.7,100.0,66.67,C,Pass
2096,male,group A,associate degree,free/reduced,True,5.3,9.5,37.0,57.0,69.0,public,True,76.4,100.0,54.33,D,Pass
2097,female,group C,bachelor degree,standard,True,2.9,6.8,77.0,54.0,67.0,public,True,84.8,100.0,66.0,C,Pass
2098,female,group D,associate degree,free/reduced,True,8.5,7.7,51.0,73.0,70.0,international,True,75.5,100.0,64.67,C,Pass
2099,female,group A,bachelor degree,standard,True,3.6,6.4,60.0,93.0,82.0,private,True,78.6,100.0,78.33,B,Pass
2100,female,group E,high school,free/reduced,False,6.1,6.5,41.0,71.0,87.0,public,True,85.5,100.0,66.33,C,Pass
2101,female,group C,high school,free/reduced,True,12.1,5.2,64.0,83.0,53.0,private,True,83.5,100.0,66.67,C,Pass
2102,male,group E,bachelor degree,standard,True,6.2,9.3,52.0,90.0,71.0,public,True,78.9,100.0,71.0,B,Pass
2103,male,group E,master degree,standard,True,6.0,8.5,50.0,83.0,71.0,public,True,77.7,100.0,68.0,C,Pass
2104,female,group C,bachelor degree,standard,True,9.6,7.1,74.0,93.0,100.0,private,True,96.2,100.0,89.0,A,Pass
2105,female,group B,some college,standard,True,11.8,6.9,83.0,72.0,55.0,public,True,77.1,100.0,70.0,B,Pass
2106,female,group A,some college,free/reduced,False,2.8,6.3,62.0,67.0,71.0,public,True,89.7,100.0,66.67,C,Pass
2107,female,group D,high school,standard,False,13.2,5.9,85.0,82.0,81.0,public,True,83.6,100.0,82.67,B,Pass
2108,male,group C,high school,free/reduced,False,11.1,7.9,62.0,69.0,73.0,international,True,85.4,100.0,68.0,C,Pass
2109,female,group D,associate degree,standard,False,9.6,8.7,62.0,74.0,46.0,public,True,77.6,100.0,60.67,C,Pass
2110,female,group D,high school,standard,True,8.8,7.2,58.0,82.0,72.0,public,True,86.3,100.0,70.67,B,Pass
2111,female,group E,some college,standard,False,4.4,7.7,65.0,79.0,71.0,public,True,80.8,100.0,71.67,B,Pass
2112,female,group A,associate degree,standard,True,7.9,5.8,69.0,83.0,81.0,private,True,85.3,100.0,77.67,B,Pass
2113,male,group B,some college,standard,False,8.7,7.6,69.0,83.0,74.0,public,True,85.3,100.0,75.33,B,Pass
2114,female,group D,some college,free/reduced,True,13.7,7.2,63.0,79.0,62.0,international,True,77.2,100.0,68.0,C,Pass
2115,female,group E,master degree,free/reduced,True,4.7,7.2,68.0,58.0,71.0,public,False,84.8,100.0,65.67,C,Pass
2116,female,group A,high school,free/reduced,False,9.6,7.2,46.0,71.0,70.0,private,True,77.4,100.0,62.33,C,Pass
2117,male,group E,bachelor degree,standard,False,11.7,6.3,54.0,86.0,70.0,public,True,81.9,100.0,70.0,B,Pass
2118,male,group B,some college,standard,True,9.6,6.6,68.0,50.0,61.0,public,True,73.9,100.0,59.67,C,Pass
2119,female,group A,high school,standard,True,1.9,6.9,63.0,72.0,80.0,public,True,70.9,100.0,71.67,B,Pass
2120,female,group D,bachelor degree,standard,False,3.7,8.6,60.0,100.0,75.0,public,False,85.4,100.0,78.33,B,Pass
2121,male,group B,bachelor degree,free/reduced,True,9.4,7.2,43.0,100.0,80.0,public,True,96.8,100.0,74.33,B,Pass
2122,female,group E,master degree,standard,True,5.7,5.3,74.0,70.0,57.0,public,True,85.7,100.0,67.0,C,Pass
2123,female,group E,high school,free/reduced,True,21.2,8.0,81.0,74.0,53.0,public,True,82.6,100.0,69.33,C,Pass
2124,male,group C,some college,standard,False,19.1,6.8,44.0,75.0,69.0,public,True,78.8,100.0,62.67,C,Pass
2125,male,group B,bachelor degree,standard,False,14.6,7.1,85.0,63.0,56.0,public,True,82.3,100.0,68.0,C,Pass
2126,male,group B,bachelor degree,free/reduced,True,13.9,7.7,62.0,72.0,53.0,private,True,82.7,100.0,62.33,C,Pass
2127,male,group E,bachelor degree,free/reduced,True,12.1,8.1,73.0,59.0,63.0,public,True,75.1,100.0,65.0,C,Pass
2128,male,group C,associate degree,standard,False,10.1,7.2,73.0,77.0,75.0,international,True,90.6,100.0,75.0,B,Pass
2129,male,group C,some college,standard,False,9.6,8.0,61.0,71.0,77.0,public,True,86.3,100.0,69.67,C,Pass
2130,male,group D,bachelor degree,standard,True,4.3,7.2,81.0,100.0,71.0,public,True,92.1,100.0,84.0,B,Pass
2131,male,group E,some college,standard,False,12.4,6.0,45.0,91.0,88.0,public,False,87.1,100.0,74.67,B,Pass
2132,male,group A,high school,standard,True,10.7,7.2,67.0,71.0,75.0,public,True,83.4,100.0,71.0,B,Pass
2133,male,group C,high school,standard,True,10.4,7.9,72.0,60.0,79.0,private,True,86.5,100.0,70.33,B,Pass
2134,female,group C,some college,standard,True,3.7,7.1,57.0,53.0,53.0,public,True,79.7,100.0,54.33,D,Pass
2135,male,group E,associate degree,free/reduced,True,13.8,7.2,63.0,57.0,82.0,private,True,80.2,100.0,67.33,C,Pass
2136,female,group A,master degree,standard,False,15.8,7.2,77.0,86.0,76.0,public,True,84.0,100.0,79.67,B,Pass
2137,male,group A,some college,standard,True,16.8,7.7,65.0,52.0,71.0,international,True,80.4,100.0,62.67,C,Pass
2138,female,group C,bachelor degree,free/reduced,True,12.3,7.0,54.0,58.0,66.0,public,True,86.5,100.0,59.33,C,Pass
2139,female,group C,high school,standard,True,9.6,9.0,82.0,76.0,78.0,public,True,80.3,100.0,78.67,B,Pass
2140,male,group B,master degree,free/reduced,False,11.5,7.2,97.0,72.0,57.0,private,False,77.8,100.0,75.33,B,Pass
2141,female,group D,master degree,standard,True,5.1,7.2,27.0,59.0,56.0,international,True,74.8,100.0,47.33,D,Pass
2142,female,group B,high school,standard,True,8.3,8.8,40.0,65.0,25.0,private,True,72.6,100.0,43.33,D,Pass
2143,male,group C,some college,standard,True,7.3,6.8,100.0,87.0,76.0,public,True,90.9,100.0,87.67,A,Pass
2144,female,group B,associate degree,standard,True,5.1,6.1,83.0,88.0,66.0,private,True,87.8,100.0,79.0,B,Pass
2145,male,group E,some college,free/reduced,False,15.3,5.4,46.0,71.0,63.0,private,True,77.8,100.0,60.0,C,Pass
2146,female,group A,bachelor degree,free/reduced,False,20.6,6.4,60.0,100.0,87.0,public,True,95.4,100.0,82.33,B,Pass
2147,male,group A,high school,standard,False,3.7,7.8,58.0,70.0,43.0,public,True,69.8,100.0,57.0,C,Pass
2148,male,group C,associate degree,free/reduced,False,9.6,8.4,53.0,74.0,91.0,private,True,79.9,100.0,72.67,B,Pass
2149,female,group B,associate degree,standard,False,7.8,10.0,86.0,64.0,86.0,public,True,86.0,100.0,78.67,B,Pass
2150,male,group C,associate degree,free/reduced,False,2.5,9.1,81.0,93.0,75.0,public,True,80.0,100.0,83.0,B,Pass
2151,male,group D,bachelor degree,free/reduced,False,10.3,5.9,75.0,59.0,58.0,public,True,79.7,100.0,64.0,C,Pass
2152,female,group A,bachelor degree,free/reduced,True,9.6,7.2,80.0,78.0,69.0,public,True,93.6,100.0,75.67,B,Pass
2153,male,group C,bachelor degree,standard,False,2.8,7.6,86.0,56.0,69.0,public,False,83.2,100.0,70.33,B,Pass
2154,male,group D,master degree,standard,True,9.7,6.3,78.0,82.0,61.0,public,True,85.6,100.0,73.67,B,Pass
2155,male,group C,some college,standard,True,12.4,4.1,70.0,63.0,75.0,private,True,76.4,100.0,69.33,C,Pass
2156,female,group B,some college,standard,False,0.0,8.2,77.0,71.0,71.0,public,True,81.0,100.0,73.0,B,Pass
2157,female,group C,associate degree,standard,True,7.0,6.1,47.0,59.0,81.0,public,True,78.1,100.0,62.33,C,Pass
2158,male,group A,master degree,free/reduced,False,9.6,5.9,64.0,48.0,66.0,private,False,77.1,100.0,59.33,C,Pass
2159,female,group D,some college,standard,False,13.4,7.2,49.0,62.0,57.0,international,True,83.8,100.0,56.0,C,Pass
2160,female,group C,master degree,standard,False,5.7,8.0,70.0,70.0,34.0,public,True,81.0,100.0,58.0,C,Pass
2161,female,group C,master degree,free/reduced,False,0.8,5.7,76.0,64.0,42.0,public,True,73.7,100.0,60.67,C,Pass
2162,male,group D,bachelor degree,free/reduced,False,11.0,5.8,76.0,61.0,82.0,international,True,85.4,100.0,73.0,B,Pass
2163,male,group D,associate degree,standard,False,14.5,6.4,47.0,91.0,68.0,private,False,85.0,100.0,68.67,C,Pass
2164,female,group D,high school,standard,True,11.1,6.5,56.0,97.0,82.0,international,True,92.0,100.0,78.33,B,Pass
2165,female,group C,associate degree,standard,False,1.7,7.7,77.0,80.0,68.0,private,True,92.9,100.0,75.0,B,Pass
2166,male,group B,bachelor degree,standard,False,5.8,9.0,92.0,86.0,63.0,private,True,82.1,100.0,80.33,B,Pass
2167,male,group C,bachelor degree,standard,False,10.8,7.4,56.0,89.0,83.0,public,True,81.3,100.0,76.0,B,Pass
2168,female,group D,associate degree,standard,False,7.5,8.4,96.0,73.0,79.0,public,False,81.8,100.0,82.67,B,Pass
2169,male,group E,master degree,free/reduced,False,1.6,6.5,82.0,71.0,68.0,public,True,83.3,100.0,73.67,B,Pass
2170,male,group B,associate degree,standard,True,7.9,4.3,79.0,80.0,82.0,public,True,89.5,100.0,80.33,B,Pass
2171,male,group B,high school,free/reduced,False,7.7,6.9,42.0,83.0,83.0,public,True,87.7,100.0,69.33,C,Pass
2172,male,group B,high school,free/reduced,True,18.4,4.9,82.0,71.0,52.0,public,True,82.0,100.0,68.33,C,Pass
2173,female,group B,high school,standard,True,6.1,8.3,55.0,62.0,60.0,private,True,77.0,100.0,59.0,C,Pass
2174,male,group E,bachelor degree,standard,False,15.4,8.9,83.0,69.0,61.0,public,True,84.2,100.0,71.0,B,Pass
2175,female,group A,high school,standard,True,4.5,8.3,57.0,74.0,60.0,international,True,76.3,100.0,63.67,C,Pass
2176,female,group E,some college,standard,True,12.9,8.3,83.0,53.0,84.0,public,True,94.8,100.0,73.33,B,Pass
2177,female,group C,associate degree,standard,True,3.7,6.6,59.0,71.0,51.0,private,True,71.0,100.0,60.33,C,Pass
2178,female,group D,high school,free/reduced,True,9.6,6.7,80.0,71.0,74.0,public,True,85.9,100.0,75.0,B,Pass
2179,female,group D,some college,standard,True,10.9,4.4,60.0,74.0,58.0,public,True,90.7,100.0,64.0,C,Pass
2180,female,group C,high school,free/reduced,False,10.9,7.7,27.0,79.0,100.0,private,True,82.5,100.0,68.67,C,Pass
2181,female,group C,high school,standard,True,11.1,7.2,69.0,99.0,72.0,public,True,86.0,100.0,80.0,B,Pass
2182,female,group A,high school,standard,False,12.9,7.2,64.0,71.0,57.0,private,True,78.7,100.0,64.0,C,Pass
2183,female,group C,some college,standard,True,14.7,9.8,36.0,60.0,50.0,public,True,73.6,100.0,48.67,D,Pass
2184,female,group E,high school,standard,True,8.4,6.3,65.0,68.0,77.0,public,True,89.9,100.0,70.0,B,Pass
2185,male,group A,master degree,standard,True,6.9,10.1,68.0,71.0,64.0,public,True,71.0,100.0,67.67,C,Pass
2186,male,group A,some college,standard,False,16.3,5.7,64.0,75.0,62.0,private,True,89.5,100.0,67.0,C,Pass
2187,female,group A,high school,standard,False,5.8,8.5,92.0,67.0,70.0,private,True,78.4,100.0,76.33,B,Pass
2188,female,group D,bachelor degree,free/reduced,True,3.3,7.4,59.0,73.0,99.0,public,True,84.5,100.0,77.0,B,Pass
2189,male,group D,high school,free/reduced,True,0.0,5.8,59.0,73.0,63.0,public,True,78.9,100.0,65.0,C,Pass
2190,male,group C,high school,standard,False,11.2,8.7,57.0,80.0,74.0,public,True,86.1,100.0,70.33,B,Pass
2191,female,group C,bachelor degree,standard,True,17.0,7.9,83.0,100.0,68.0,public,True,80.5,100.0,83.67,B,Pass
2192,female,group B,high school,free/reduced,False,7.9,5.9,61.0,76.0,92.0,public,True,87.8,100.0,76.33,B,Pass
2193,male,group B,bachelor degree,standard,False,9.6,8.3,82.0,74.0,51.0,public,True,92.7,100.0,69.0,C,Pass
2194,male,group E,high school,free/reduced,False,9.5,10.0,65.0,73.0,56.0,private,True,74.1,100.0,64.67,C,Pass
2195,male,group D,some college,standard,False,9.6,7.2,74.0,71.0,57.0,private,True,82.7,100.0,67.33,C,Pass
2196,male,group C,some college,standard,False,9.6,8.2,78.0,72.0,71.0,public,True,81.0,100.0,73.67,B,Pass
2197,female,group A,associate degree,standard,True,13.6,5.7,81.0,72.0,69.0,public,True,86.7,100.0,74.0,B,Pass
2198,female,group E,bachelor degree,free/reduced,True,15.0,5.6,76.0,59.0,61.0,public,True,81.2,100.0,65.33,C,Pass
2199,male,group E,high school,standard,False,9.6,5.6,83.0,67.0,68.0,private,True,80.9,100.0,72.67,B,Pass
2200,male,group B,bachelor degree,standard,False,4.3,7.2,63.0,88.0,79.0,private,True,88.1,100.0,76.67,B,Pass
2201,male,group D,some college,standard,True,13.3,8.2,43.0,84.0,62.0,public,True,89.2,100.0,63.0,C,Pass
2202,male,group D,high school,standard,True,13.4,7.9,69.0,73.0,69.0,public,True,82.2,100.0,70.33,B,Pass
2203,female,group C,some college,free/reduced,False,6.1,6.2,54.0,56.0,100.0,public,True,86.6,100.0,70.0,B,Pass
2204,female,group B,high school,free/reduced,False,3.6,7.0,84.0,70.0,66.0,public,True,77.9,100.0,73.33,B,Pass
2205,male,group C,master degree,standard,True,20.2,7.2,63.0,57.0,71.0,international,True,75.6,100.0,63.67,C,Pass
2206,female,group B,bachelor degree,standard,False,14.3,7.7,50.0,87.0,69.0,public,True,84.8,100.0,68.67,C,Pass
2207,female,group A,high school,free/reduced,True,3.0,6.7,52.0,92.0,74.0,international,True,91.5,100.0,72.67,B,Pass
2208,female,group C,bachelor degree,standard,True,11.7,5.3,89.0,71.0,75.0,public,True,88.0,100.0,78.33,B,Pass
2209,female,group D,high school,free/reduced,False,9.6,8.1,89.0,71.0,100.0,public,True,88.1,100.0,86.67,A,Pass
2210,female,group C,high school,standard,True,7.8,6.5,62.0,66.0,69.0,public,True,81.3,100.0,65.67,C,Pass
2211,male,group C,master degree,free/reduced,False,1.1,7.8,79.0,63.0,43.0,public,True,73.4,100.0,61.67,C,Pass
2212,male,group A,bachelor degree,free/reduced,False,11.1,9.4,71.0,60.0,71.0,public,True,84.8,100.0,67.33,C,Pass
2213,male,group C,associate degree,standard,False,8.6,5.1,49.0,72.0,59.0,private,True,83.4,100.0,60.0,C,Pass
2214,female,group D,master degree,standard,False,11.4,6.7,67.0,71.0,80.0,public,True,81.7,100.0,72.67,B,Pass
2215,female,group B,some college,standard,True,7.2,6.8,71.0,71.0,76.0,private,True,81.6,100.0,72.67,B,Pass
2216,female,group B,associate degree,free/reduced,False,10.7,8.9,75.0,86.0,81.0,public,True,88.6,100.0,80.67,B,Pass
2217,female,group C,some college,standard,False,9.6,6.7,52.0,77.0,77.0,public,True,80.3,100.0,68.67,C,Pass
2218,female,group E,high school,standard,False,11.7,6.5,65.0,69.0,74.0,public,True,82.4,100.0,69.33,C,Pass
2219,female,group C,high school,free/reduced,False,6.3,8.2,75.0,77.0,82.0,international,True,96.7,100.0,78.0,B,Pass
2220,male,group B,some college,free/reduced,False,14.6,7.2,97.0,87.0,68.0,private,True,87.4,100.0,84.0,B,Pass
2221,female,group D,associate degree,standard,True,20.9,7.0,55.0,61.0,90.0,public,True,80.7,100.0,68.67,C,Pass
2222,male,group C,high school,standard,True,1.9,9.2,63.0,100.0,62.0,public,True,81.8,100.0,75.0,B,Pass
2223,female,group D,high school,standard,False,3.9,8.8,89.0,45.0,49.0,public,False,83.1,100.0,61.0,C,Pass
2224,female,group B,high school,free/reduced,True,5.6,7.1,62.0,59.0,65.0,public,True,78.9,100.0,62.0,C,Pass
2225,male,group B,some college,standard,True,14.9,6.3,71.0,79.0,91.0,private,True,83.9,100.0,80.33,B,Pass
2226,male,group C,associate degree,free/reduced,False,1.7,7.4,95.0,74.0,61.0,public,True,92.3,100.0,76.67,B,Pass
2227,male,group B,high school,standard,False,9.6,7.4,77.0,71.0,84.0,public,True,92.9,100.0,77.33,B,Pass
2228,male,group B,some college,free/reduced,False,2.9,7.9,70.0,87.0,73.0,public,True,82.7,100.0,76.67,B,Pass
2229,female,group E,associate degree,standard,True,15.9,6.4,60.0,64.0,59.0,public,True,70.1,100.0,61.0,C,Pass
2230,female,group E,high school,standard,False,13.5,5.1,58.0,69.0,62.0,public,True,85.2,100.0,63.0,C,Pass
2231,female,group C,high school,standard,True,17.0,8.2,100.0,62.0,54.0,public,True,80.4,100.0,72.0,B,Pass
2232,male,group C,associate degree,free/reduced,False,9.6,6.1,87.0,63.0,74.0,public,True,88.8,100.0,74.67,B,Pass
2233,male,group C,some college,standard,False,21.3,4.8,56.0,61.0,70.0,public,True,70.1,100.0,62.33,C,Pass
2234,male,group A,master degree,standard,False,13.9,6.7,76.0,56.0,79.0,public,True,87.6,100.0,70.33,B,Pass
2235,male,group C,high school,standard,True,1.6,8.6,82.0,54.0,86.0,private,True,78.5,100.0,74.0,B,Pass
2236,male,group D,high school,free/reduced,False,6.1,7.6,65.0,71.0,56.0,public,True,84.3,100.0,64.0,C,Pass
2237,male,group B,master degree,free/reduced,True,16.1,6.6,76.0,66.0,52.0,private,True,80.9,100.0,64.67,C,Pass
2238,female,group E,master degree,standard,True,8.1,9.5,58.0,71.0,71.0,public,True,76.8,100.0,66.67,C,Pass
2239,male,group B,bachelor degree,standard,False,9.5,5.8,83.0,56.0,49.0,private,False,78.0,100.0,62.67,C,Pass
2240,male,group B,high school,standard,True,13.6,7.9,56.0,82.0,96.0,public,True,89.6,100.0,78.0,B,Pass
2241,female,group A,high school,standard,False,16.2,8.2,64.0,43.0,56.0,public,True,77.3,100.0,54.33,D,Pass
2242,male,group E,associate degree,standard,True,7.2,5.9,63.0,49.0,71.0,public,True,82.3,100.0,61.0,C,Pass
2243,female,group A,associate degree,standard,True,8.8,8.6,60.0,74.0,77.0,public,True,93.0,100.0,70.33,B,Pass
2244,female,group E,high school,standard,True,11.1,5.6,63.0,83.0,52.0,public,True,73.6,100.0,66.0,C,Pass
2245,female,group E,bachelor degree,standard,True,16.7,7.9,74.0,56.0,63.0,public,True,88.8,100.0,64.33,C,Pass
2246,male,group E,bachelor degree,standard,True,5.5,8.0,78.0,79.0,86.0,public,True,87.9,100.0,81.0,B,Pass
2247,male,group B,master degree,free/reduced,False,6.8,10.0,56.0,53.0,85.0,public,True,76.4,100.0,64.67,C,Pass
2248,male,group D,high school,standard,True,3.8,7.2,70.0,45.0,53.0,public,True,70.7,100.0,56.0,C,Pass
2249,male,group D,some college,standard,False,4.9,5.6,83.0,93.0,70.0,public,True,86.9,100.0,82.0,B,Pass
2250,female,group E,some college,standard,False,8.2,7.0,65.0,49.0,63.0,public,True,83.2,100.0,59.0,C,Pass
2251,female,group E,associate degree,standard,False,4.8,5.7,75.0,68.0,72.0,public,False,83.0,100.0,71.67,B,Pass
2252,female,group D,high school,free/reduced,False,11.0,7.2,80.0,73.0,68.0,public,True,92.0,100.0,73.67,B,Pass
2253,male,group B,bachelor degree,free/reduced,False,13.9,6.6,71.0,46.0,81.0,private,True,74.1,100.0,66.0,C,Pass
2254,male,group B,bachelor degree,standard,False,16.2,6.0,72.0,62.0,59.0,private,False,80.7,100.0,64.33,C,Pass
2255,female,group E,some college,standard,False,22.1,8.8,87.0,85.0,78.0,public,True,82.1,100.0,83.33,B,Pass
2256,male,group A,high school,standard,False,5.0,8.2,79.0,65.0,87.0,public,True,87.6,100.0,77.0,B,Pass
2257,male,group D,associate degree,standard,False,6.1,8.4,72.0,71.0,51.0,public,True,85.2,100.0,64.67,C,Pass
2258,male,group E,some college,standard,True,10.9,6.6,89.0,78.0,68.0,private,True,84.2,100.0,78.33,B,Pass
2259,female,group E,bachelor degree,standard,True,9.6,7.6,66.0,65.0,97.0,public,True,72.4,100.0,76.0,B,Pass
2260,male,group E,high school,free/reduced,False,12.2,7.3,81.0,83.0,70.0,public,True,87.2,100.0,78.0,B,Pass
2261,male,group C,high school,standard,True,13.7,6.2,67.0,65.0,73.0,public,True,84.5,100.0,68.33,C,Pass
2262,female,group D,some college,standard,True,4.8,8.0,63.0,71.0,77.0,international,True,85.0,100.0,70.33,B,Pass
2263,male,group C,bachelor degree,standard,False,0.0,10.4,94.0,67.0,81.0,private,True,93.4,100.0,80.67,B,Pass
2264,female,group C,bachelor degree,standard,True,5.4,7.0,49.0,91.0,62.0,public,True,76.6,100.0,67.33,C,Pass
2265,male,group A,high school,free/reduced,False,9.4,5.7,69.0,65.0,74.0,public,False,86.1,100.0,69.33,C,Pass
2266,male,group A,some college,standard,False,14.2,7.7,74.0,55.0,71.0,private,True,87.6,100.0,66.67,C,Pass
2267,female,group B,high school,standard,False,6.6,7.2,61.0,81.0,68.0,public,True,74.1,100.0,70.0,B,Pass
2268,female,group E,high school,standard,False,9.6,7.2,69.0,71.0,96.0,public,True,88.1,100.0,78.67,B,Pass
2269,female,group E,high school,free/reduced,True,13.9,7.5,55.0,74.0,59.0,international,False,77.5,100.0,62.67,C,Pass
2270,male,group A,bachelor degree,standard,True,9.6,7.8,70.0,76.0,44.0,public,True,79.9,100.0,63.33,C,Pass
2271,male,group D,high school,standard,False,14.1,7.2,52.0,54.0,83.0,international,False,81.9,100.0,63.0,C,Pass
2272,female,group C,associate degree,standard,False,6.3,6.0,64.0,86.0,49.0,public,True,79.1,100.0,66.33,C,Pass
2273,female,group C,associate degree,standard,True,12.7,7.2,100.0,60.0,71.0,private,True,82.4,100.0,77.0,B,Pass
2274,female,group C,high school,standard,False,7.1,7.0,86.0,78.0,79.0,public,True,87.6,100.0,81.0,B,Pass
2275,female,group A,associate degree,standard,True,14.2,7.2,59.0,98.0,61.0,public,False,78.6,100.0,72.67,B,Pass
2276,male,group B,high school,free/reduced,False,8.5,8.3,65.0,69.0,75.0,public,False,77.4,100.0,69.67,C,Pass
2277,male,group B,high school,standard,True,2.3,4.9,53.0,60.0,74.0,public,True,83.3,100.0,62.33,C,Pass
2278,male,group E,some college,free/reduced,True,8.4,6.8,69.0,69.0,50.0,public,True,74.3,100.0,62.67,C,Pass
2279,male,group A,master degree,free/reduced,True,15.6,8.7,62.0,58.0,42.0,public,True,79.9,100.0,54.0,D,Pass
2280,female,group D,bachelor degree,standard,False,12.6,7.4,61.0,95.0,79.0,international,True,88.6,100.0,78.33,B,Pass
2281,male,group D,some college,free/reduced,False,10.8,8.0,76.0,79.0,65.0,public,True,75.7,100.0,73.33,B,Pass
2282,male,group D,bachelor degree,standard,False,16.3,7.2,40.0,85.0,63.0,public,False,76.7,100.0,62.67,C,Pass
2283,male,group E,high school,free/reduced,True,0.0,9.7,86.0,80.0,66.0,public,False,91.9,100.0,77.33,B,Pass
2284,male,group A,master degree,free/reduced,False,9.6,7.1,52.0,42.0,88.0,public,True,74.4,100.0,60.67,C,Pass
2285,male,group A,high school,free/reduced,False,8.4,7.0,64.0,56.0,60.0,public,True,76.7,100.0,60.0,C,Pass
2286,female,group C,high school,standard,True,0.0,5.8,69.0,100.0,72.0,private,True,89.4,100.0,80.33,B,Pass
2287,female,group D,bachelor degree,free/reduced,True,9.6,7.1,84.0,62.0,84.0,private,True,89.6,100.0,76.67,B,Pass
2288,female,group D,high school,standard,True,9.6,7.7,54.0,71.0,51.0,public,True,77.2,100.0,58.67,C,Pass
2289,female,group A,bachelor degree,standard,True,12.1,8.0,78.0,70.0,81.0,private,True,82.5,100.0,76.33,B,Pass
2290,female,group A,bachelor degree,standard,False,12.2,7.2,60.0,78.0,77.0,public,True,90.8,100.0,71.67,B,Pass
2291,female,group B,high school,standard,True,11.8,7.2,83.0,64.0,77.0,public,True,93.6,100.0,74.67,B,Pass
2292,male,group D,associate degree,free/reduced,False,14.8,7.2,73.0,32.0,54.0,public,True,81.1,100.0,53.0,D,Pass
2293,male,group B,high school,standard,True,9.6,9.5,83.0,72.0,96.0,international,True,88.9,100.0,83.67,B,Pass
2294,female,group E,associate degree,free/reduced,False,6.8,9.5,89.0,71.0,69.0,public,True,81.5,100.0,76.33,B,Pass
2295,male,group B,associate degree,standard,True,18.8,7.2,58.0,67.0,78.0,private,True,77.9,100.0,67.67,C,Pass
2296,male,group E,high school,free/reduced,False,9.3,8.6,84.0,81.0,79.0,international,True,90.1,100.0,81.33,B,Pass
2297,male,group C,bachelor degree,free/reduced,False,4.9,5.0,74.0,72.0,69.0,public,True,85.8,100.0,71.67,B,Pass
2298,male,group B,some college,standard,False,9.7,6.9,57.0,72.0,60.0,public,True,87.2,100.0,63.0,C,Pass
2299,female,group E,bachelor degree,standard,False,10.4,7.5,44.0,44.0,83.0,private,True,81.1,100.0,57.0,C,Pass
2300,female,group C,master degree,standard,True,14.0,7.2,58.0,65.0,69.0,public,False,73.1,100.0,64.0,C,Pass
2301,female,group B,master degree,standard,True,18.0,6.2,72.0,94.0,67.0,public,True,91.3,100.0,77.67,B,Pass
2302,female,group B,bachelor degree,standard,False,10.6,6.9,100.0,86.0,86.0,public,True,86.3,100.0,90.67,A,Pass
2303,female,group A,master degree,standard,False,6.0,7.3,73.0,75.0,68.0,public,True,81.9,100.0,72.0,B,Pass
2304,male,group C,master degree,free/reduced,False,15.3,7.5,59.0,42.0,59.0,public,True,77.6,100.0,53.33,D,Pass
2305,male,group E,bachelor degree,standard,False,9.7,5.5,57.0,87.0,83.0,public,True,95.2,100.0,75.67,B,Pass
2306,female,group A,high school,standard,False,9.6,5.5,85.0,69.0,71.0,public,True,100.0,100.0,75.0,B,Pass
2307,male,group E,associate degree,standard,False,15.0,6.3,54.0,64.0,68.0,international,False,82.8,100.0,62.0,C,Pass
2308,female,group C,high school,standard,True,1.2,5.4,56.0,66.0,62.0,public,True,78.6,100.0,61.33,C,Pass
2309,female,group E,high school,standard,False,16.4,7.0,57.0,71.0,72.0,private,True,84.2,100.0,66.67,C,Pass
2310,female,group C,high school,standard,False,12.0,7.2,69.0,53.0,72.0,private,True,85.3,100.0,64.67,C,Pass
2311,male,group E,high school,free/reduced,True,11.5,8.5,87.0,79.0,57.0,public,True,83.1,100.0,74.33,B,Pass
2312,female,group A,some college,standard,False,9.6,9.9,56.0,65.0,25.0,public,True,83.4,100.0,48.67,D,Pass
2313,male,group D,high school,standard,False,10.7,6.2,75.0,87.0,80.0,public,False,88.4,100.0,80.67,B,Pass
2314,male,group B,high school,standard,True,8.9,7.2,48.0,72.0,82.0,public,True,84.4,100.0,67.33,C,Pass
2315,female,group B,high school,free/reduced,False,5.9,6.1,62.0,85.0,78.0,public,False,88.3,100.0,75.0,B,Pass
2316,female,group C,high school,standard,False,15.6,6.6,57.0,56.0,75.0,international,True,82.2,100.0,62.67,C,Pass
2317,female,group E,bachelor degree,standard,False,11.1,6.2,72.0,80.0,80.0,public,True,90.1,100.0,77.33,B,Pass
2318,female,group B,some college,standard,False,15.2,9.0,83.0,73.0,80.0,public,True,83.4,100.0,78.67,B,Pass
2319,female,group B,high school,standard,False,6.2,7.9,58.0,54.0,83.0,public,False,78.2,100.0,65.0,C,Pass
2320,male,group D,some college,free/reduced,True,15.9,6.6,82.0,70.0,100.0,public,True,83.1,100.0,84.0,B,Pass
2321,female,group B,high school,standard,True,6.0,7.2,92.0,69.0,52.0,international,True,85.6,100.0,71.0,B,Pass
2322,female,group C,some college,standard,True,9.6,7.2,44.0,66.0,57.0,public,True,81.2,100.0,55.67,C,Pass
2323,female,group A,high school,standard,False,14.7,9.3,66.0,39.0,83.0,public,False,82.4,100.0,62.67,C,Pass
2324,female,group D,some college,standard,False,9.6,7.4,59.0,73.0,72.0,public,True,90.6,100.0,68.0,C,Pass
2325,male,group B,associate degree,standard,False,10.1,6.4,73.0,71.0,82.0,private,False,85.0,100.0,75.33,B,Pass
2326,female,group C,high school,free/reduced,False,12.6,5.6,36.0,65.0,87.0,private,True,83.4,100.0,62.67,C,Pass
2327,female,group D,high school,standard,False,9.6,6.0,61.0,71.0,61.0,public,True,75.1,100.0,64.33,C,Pass
2328,female,group A,high school,standard,False,12.7,7.9,50.0,69.0,64.0,international,False,77.5,100.0,61.0,C,Pass
2329,male,group A,high school,free/reduced,False,16.0,6.9,74.0,78.0,66.0,private,False,87.5,100.0,72.67,B,Pass
2330,male,group D,associate degree,standard,False,13.0,7.2,71.0,68.0,75.0,international,True,87.8,100.0,71.33,B,Pass
2331,female,group E,high school,standard,True,10.9,6.9,68.0,48.0,72.0,private,True,78.6,100.0,62.67,C,Pass
2332,female,group C,high school,standard,True,9.5,6.4,83.0,59.0,97.0,private,True,86.5,100.0,79.67,B,Pass
2333,female,group D,some college,standard,False,15.9,6.3,51.0,89.0,51.0,public,False,72.9,100.0,63.67,C,Pass
2334,male,group D,bachelor degree,free/reduced,True,9.6,8.1,44.0,90.0,77.0,public,True,81.3,100.0,70.33,B,Pass
2335,female,group D,associate degree,free/reduced,False,9.8,6.9,77.0,62.0,86.0,public,True,89.5,100.0,75.0,B,Pass
2336,male,group B,some college,standard,True,2.7,9.2,73.0,71.0,53.0,public,True,84.0,100.0,65.67,C,Pass
2337,female,group E,associate degree,standard,True,9.6,7.9,71.0,74.0,63.0,international,True,85.2,100.0,69.33,C,Pass
2338,male,group A,high school,free/reduced,False,3.0,6.6,62.0,80.0,63.0,private,True,82.6,100.0,68.33,C,Pass
2339,male,group E,high school,free/reduced,True,9.6,8.0,85.0,82.0,71.0,public,True,86.6,100.0,79.33,B,Pass
2340,female,group C,some college,standard,False,16.0,6.8,90.0,88.0,86.0,international,False,86.9,100.0,88.0,A,Pass
2341,male,group B,bachelor degree,standard,False,10.8,7.2,61.0,77.0,61.0,public,True,85.0,100.0,66.33,C,Pass
2342,male,group C,some college,standard,False,11.2,7.7,52.0,66.0,60.0,private,True,80.8,100.0,59.33,C,Pass
2343,male,group C,some college,standard,True,9.1,6.2,76.0,80.0,61.0,international,True,86.4,100.0,72.33,B,Pass
2344,male,group C,some college,standard,False,1.1,8.6,67.0,62.0,34.0,public,True,74.1,100.0,54.33,D,Pass
2345,female,group C,some college,standard,False,10.2,6.7,87.0,60.0,83.0,public,True,74.9,100.0,76.67,B,Pass
2346,female,group E,bachelor degree,standard,False,1.3,8.4,77.0,70.0,61.0,public,True,88.2,100.0,69.33,C,Pass
2347,male,group D,bachelor degree,standard,False,14.6,6.8,86.0,66.0,77.0,public,True,83.1,100.0,76.33,B,Pass
2348,male,group B,bachelor degree,free/reduced,True,6.0,5.9,75.0,68.0,66.0,private,False,78.6,100.0,69.67,C,Pass
2349,male,group A,high school,free/reduced,False,10.9,7.2,78.0,71.0,82.0,public,True,89.1,100.0,77.0,B,Pass
2350,male,group B,associate degree,standard,False,11.3,6.5,66.0,63.0,90.0,private,True,82.2,100.0,73.0,B,Pass
2351,female,group D,high school,standard,False,8.0,8.4,78.0,48.0,70.0,international,True,86.4,100.0,65.33,C,Pass
2352,female,group E,high school,standard,False,8.1,6.5,51.0,66.0,84.0,public,True,84.9,100.0,67.0,C,Pass
2353,male,group C,associate degree,standard,False,9.6,9.3,87.0,61.0,67.0,private,True,87.1,100.0,71.67,B,Pass
2354,male,group C,master degree,standard,True,14.5,5.5,77.0,71.0,60.0,public,True,75.8,100.0,69.33,C,Pass
2355,male,group A,some college,standard,False,9.8,6.4,57.0,98.0,71.0,public,True,91.1,100.0,75.33,B,Pass
2356,male,group B,high school,free/reduced,True,19.1,7.0,64.0,66.0,91.0,international,True,85.8,100.0,73.67,B,Pass
2357,male,group B,bachelor degree,standard,False,15.3,7.7,74.0,91.0,61.0,public,True,83.3,100.0,75.33,B,Pass
2358,female,group D,some college,free/reduced,False,18.3,7.2,56.0,69.0,86.0,public,False,83.9,100.0,70.33,B,Pass
2359,male,group E,associate degree,free/reduced,True,8.2,6.6,68.0,71.0,71.0,public,True,73.9,100.0,70.0,B,Pass
2360,male,group C,high school,free/reduced,True,2.9,5.5,70.0,60.0,70.0,public,True,83.7,100.0,66.67,C,Pass
2361,male,group C,bachelor degree,standard,False,11.3,4.8,79.0,100.0,53.0,private,True,80.8,100.0,77.33,B,Pass
2362,female,group D,high school,standard,True,2.9,7.8,86.0,60.0,61.0,public,True,75.8,100.0,69.0,C,Pass
2363,female,group B,master degree,standard,False,3.7,6.9,70.0,75.0,78.0,public,True,77.1,100.0,74.33,B,Pass
2364,male,group D,bachelor degree,free/reduced,True,9.9,8.6,88.0,72.0,67.0,international,True,90.8,100.0,75.67,B,Pass
2365,male,group E,bachelor degree,standard,True,5.8,7.9,56.0,54.0,54.0,private,True,73.7,100.0,54.67,D,Pass
2366,male,group D,high school,standard,False,6.8,9.0,86.0,69.0,71.0,private,True,92.7,100.0,75.33,B,Pass
2367,male,group B,some college,standard,False,18.2,6.6,82.0,72.0,77.0,private,True,83.1,100.0,77.0,B,Pass
2368,female,group A,some college,standard,False,6.0,8.8,76.0,68.0,63.0,public,True,74.1,100.0,69.0,C,Pass
2369,female,group B,bachelor degree,standard,False,9.1,7.9,59.0,85.0,53.0,private,True,75.7,100.0,65.67,C,Pass
2370,female,group D,bachelor degree,free/reduced,False,12.9,7.2,36.0,46.0,92.0,private,True,84.4,100.0,58.0,C,Pass
2371,female,group C,high school,standard,False,9.6,5.5,84.0,97.0,63.0,private,True,86.8,100.0,81.33,B,Pass
2372,male,group E,bachelor degree,free/reduced,True,3.6,8.0,80.0,48.0,64.0,public,False,77.9,100.0,64.0,C,Pass
2373,male,group D,high school,standard,False,9.6,7.6,49.0,55.0,55.0,private,True,77.0,100.0,53.0,D,Pass
2374,female,group E,high school,standard,False,5.6,7.8,100.0,75.0,75.0,public,True,90.8,100.0,83.33,B,Pass
2375,female,group A,master degree,standard,False,9.4,7.8,59.0,70.0,64.0,private,True,86.3,100.0,64.33,C,Pass
2376,female,group D,bachelor degree,standard,True,13.9,8.7,71.0,72.0,89.0,public,True,93.2,100.0,77.33,B,Pass
2377,male,group B,high school,standard,True,7.8,7.4,79.0,93.0,79.0,public,True,86.7,100.0,83.67,B,Pass
2378,male,group C,bachelor degree,free/reduced,True,9.6,5.6,49.0,77.0,81.0,private,True,76.0,100.0,69.0,C,Pass
2379,male,group D,some college,standard,True,9.6,5.3,95.0,67.0,80.0,public,True,85.2,100.0,80.67,B,Pass
2380,male,group C,high school,standard,False,14.7,7.2,79.0,82.0,73.0,public,True,87.5,100.0,78.0,B,Pass
2381,male,group A,some college,standard,False,6.1,5.5,96.0,45.0,83.0,private,True,80.0,100.0,74.67,B,Pass
2382,male,group C,master degree,standard,True,21.0,6.6,65.0,71.0,66.0,public,True,77.0,100.0,67.33,C,Pass
2383,female,group C,master degree,standard,False,18.0,8.7,81.0,72.0,86.0,public,True,88.6,100.0,79.67,B,Pass
2384,male,group D,bachelor degree,standard,True,8.6,6.5,64.0,75.0,60.0,public,False,81.3,100.0,66.33,C,Pass
2385,female,group A,high school,free/reduced,False,7.9,8.0,75.0,71.0,91.0,international,True,86.6,100.0,79.0,B,Pass
2386,female,group C,high school,standard,False,8.0,6.3,65.0,75.0,79.0,public,True,80.4,100.0,73.0,B,Pass
2387,female,group C,high school,standard,False,6.8,4.9,90.0,67.0,62.0,public,True,83.0,100.0,73.0,B,Pass
2388,male,group B,high school,standard,True,8.1,7.9,45.0,54.0,46.0,public,True,69.7,100.0,48.33,D,Pass
2389,female,group A,high school,standard,False,17.3,7.9,74.0,62.0,71.0,international,True,87.1,100.0,69.0,C,Pass
2390,male,group A,master degree,free/reduced,True,9.6,8.8,84.0,68.0,60.0,private,True,88.4,100.0,70.67,B,Pass
2391,female,group D,bachelor degree,free/reduced,False,0.9,7.1,82.0,85.0,100.0,private,True,81.4,100.0,89.0,A,Pass
2392,female,group B,master degree,free/reduced,True,9.6,7.6,51.0,71.0,72.0,private,False,76.2,100.0,64.67,C,Pass
2393,female,group C,some college,standard,True,4.7,9.3,90.0,68.0,53.0,public,True,75.7,100.0,70.33,B,Pass
2394,female,group E,high school,standard,False,11.2,3.3,73.0,71.0,51.0,international,True,77.6,100.0,65.0,C,Pass
2395,female,group A,high school,standard,True,10.2,6.4,76.0,71.0,31.0,public,True,78.2,100.0,59.33,C,Pass
2396,female,group C,associate degree,standard,False,12.4,5.4,60.0,61.0,52.0,private,True,70.8,100.0,57.67,C,Pass
2397,male,group A,bachelor degree,free/reduced,True,8.1,7.8,52.0,82.0,54.0,international,True,75.5,100.0,62.67,C,Pass
2398,male,group D,some college,standard,True,17.2,8.4,65.0,54.0,82.0,private,False,76.8,100.0,67.0,C,Pass
2399,female,group C,bachelor degree,standard,False,11.0,4.9,62.0,73.0,64.0,public,True,82.6,100.0,66.33,C,Pass
2400,female,group C,some college,free/reduced,True,7.9,7.9,44.0,79.0,69.0,private,True,80.9,100.0,64.0,C,Pass
2401,female,group C,high school,standard,True,1.7,7.8,77.0,53.0,87.0,public,True,80.3,100.0,72.33,B,Pass
2402,female,group D,high school,free/reduced,False,10.1,5.9,67.0,71.0,86.0,private,False,85.6,100.0,74.67,B,Pass
2403,female,group C,some college,standard,False,19.7,5.1,71.0,71.0,71.0,international,True,80.5,100.0,71.0,B,Pass
2404,male,group D,high school,free/reduced,False,19.8,5.2,59.0,72.0,63.0,international,True,79.5,100.0,64.67,C,Pass
2405,female,group C,high school,standard,True,11.2,7.7,56.0,71.0,57.0,public,False,87.8,100.0,61.33,C,Pass
2406,male,group C,associate degree,standard,False,17.9,6.4,55.0,63.0,85.0,private,True,88.8,100.0,67.67,C,Pass
2407,female,group A,bachelor degree,standard,False,4.3,6.4,84.0,84.0,71.0,private,True,80.2,100.0,79.67,B,Pass
2408,female,group E,some college,free/reduced,True,2.2,7.3,55.0,70.0,85.0,international,True,87.1,100.0,70.0,B,Pass
2409,female,group E,some college,standard,False,14.1,6.1,74.0,85.0,67.0,private,True,89.2,100.0,75.33,B,Pass
2410,male,group B,some college,standard,False,5.2,5.5,53.0,75.0,51.0,public,True,73.1,100.0,59.67,C,Pass
2411,female,group D,some college,free/reduced,True,13.9,5.5,60.0,71.0,73.0,public,True,86.2,100.0,68.0,C,Pass
2412,male,group A,high school,standard,True,9.1,5.9,72.0,71.0,71.0,public,True,91.0,100.0,71.33,B,Pass
2413,male,group E,some college,standard,True,0.2,7.4,70.0,67.0,70.0,public,True,77.0,100.0,69.0,C,Pass
2414,female,group B,associate degree,free/reduced,False,8.5,6.3,63.0,71.0,56.0,public,True,75.6,100.0,63.33,C,Pass
2415,male,group E,high school,free/reduced,False,4.9,4.7,85.0,79.0,72.0,private,True,91.6,100.0,78.67,B,Pass
2416,female,group B,bachelor degree,standard,False,13.2,5.9,84.0,62.0,59.0,public,True,83.7,100.0,68.33,C,Pass
2417,female,group B,associate degree,standard,False,0.0,7.6,44.0,71.0,85.0,public,True,84.4,100.0,66.67,C,Pass
2418,female,group A,some college,free/reduced,False,4.3,6.8,75.0,77.0,63.0,public,True,85.4,100.0,71.67,B,Pass
2419,female,group D,high school,free/reduced,True,1.5,9.6,55.0,72.0,63.0,public,True,82.3,100.0,63.33,C,Pass
2420,male,group D,some college,free/reduced,True,6.1,8.6,52.0,67.0,64.0,private,True,72.8,100.0,61.0,C,Pass
2421,male,group A,associate degree,free/reduced,True,9.6,7.6,100.0,72.0,76.0,public,True,93.3,100.0,82.67,B,Pass
2422,female,group E,high school,standard,True,6.0,7.2,79.0,84.0,54.0,public,False,89.8,100.0,72.33,B,Pass
2423,male,group C,high school,standard,False,9.6,6.3,79.0,74.0,84.0,public,True,85.5,100.0,79.0,B,Pass
2424,male,group A,associate degree,free/reduced,False,12.1,5.4,63.0,72.0,79.0,private,True,83.3,100.0,71.33,B,Pass
2425,male,group E,master degree,standard,True,13.4,7.5,60.0,83.0,52.0,private,True,73.3,100.0,65.0,C,Pass
2426,female,group B,associate degree,free/reduced,True,3.2,6.9,97.0,100.0,61.0,public,True,92.0,100.0,86.0,A,Pass
2427,male,group E,some college,standard,False,7.5,7.0,63.0,71.0,91.0,public,True,87.9,100.0,75.0,B,Pass
2428,female,group D,some college,standard,False,0.0,6.3,56.0,80.0,70.0,public,False,82.2,100.0,68.67,C,Pass
2429,male,group C,associate degree,free/reduced,True,9.6,7.7,51.0,100.0,74.0,public,True,90.6,100.0,75.0,B,Pass
2430,male,group D,high school,standard,False,7.0,3.7,81.0,80.0,56.0,public,False,82.3,100.0,72.33,B,Pass
2431,male,group A,some college,free/reduced,False,15.7,7.4,90.0,63.0,72.0,public,False,87.8,100.0,75.0,B,Pass
2432,male,group E,bachelor degree,standard,True,8.6,7.2,45.0,82.0,80.0,public,True,77.5,100.0,69.0,C,Pass
2433,male,group D,high school,free/reduced,False,5.0,8.8,70.0,58.0,83.0,international,True,83.0,100.0,70.33,B,Pass
2434,male,group A,high school,standard,False,11.1,9.2,70.0,91.0,73.0,public,True,85.3,100.0,78.0,B,Pass
2435,male,group E,high school,free/reduced,True,9.6,6.6,79.0,82.0,68.0,public,True,86.7,100.0,76.33,B,Pass
2436,female,group C,associate degree,standard,False,11.8,5.6,20.0,86.0,71.0,public,True,76.6,100.0,59.0,C,Pass
2437,female,group E,bachelor degree,free/reduced,False,13.0,6.8,72.0,61.0,75.0,private,True,82.1,100.0,69.33,C,Pass
2438,female,group D,bachelor degree,standard,False,8.2,8.6,70.0,65.0,51.0,private,True,83.9,100.0,62.0,C,Pass
2439,male,group D,some college,standard,True,10.8,4.8,75.0,61.0,71.0,public,True,80.3,100.0,69.0,C,Pass
2440,male,group A,associate degree,standard,False,11.3,9.6,90.0,56.0,61.0,public,True,74.6,100.0,69.0,C,Pass
2441,female,group E,bachelor degree,free/reduced,False,11.3,6.0,71.0,71.0,80.0,public,True,93.3,100.0,74.0,B,Pass
2442,female,group C,high school,free/reduced,True,16.6,6.7,44.0,67.0,79.0,public,True,87.2,100.0,63.33,C,Pass
2443,male,group C,high school,free/reduced,False,5.4,5.9,78.0,70.0,90.0,public,False,80.3,100.0,79.33,B,Pass
2444,female,group A,some college,standard,True,6.6,5.4,79.0,71.0,74.0,public,True,88.2,100.0,74.67,B,Pass
2445,female,group C,associate degree,free/reduced,True,4.1,8.0,66.0,71.0,59.0,public,True,78.5,100.0,65.33,C,Pass
2446,female,group D,associate degree,standard,True,12.3,7.1,58.0,71.0,73.0,private,True,83.1,100.0,67.33,C,Pass
2447,female,group B,master degree,standard,True,10.4,5.9,62.0,81.0,86.0,public,True,87.0,100.0,76.33,B,Pass
2448,male,group C,some college,standard,False,10.7,10.2,53.0,81.0,71.0,private,True,81.0,100.0,68.33,C,Pass
2449,male,group B,high school,standard,False,8.1,6.7,62.0,62.0,95.0,international,True,80.3,100.0,73.0,B,Pass
2450,male,group E,high school,standard,False,7.3,8.6,93.0,62.0,75.0,public,True,82.2,100.0,76.67,B,Pass
2451,female,group A,some college,free/reduced,False,19.3,6.9,67.0,85.0,66.0,public,True,79.5,100.0,72.67,B,Pass
2452,male,group D,bachelor degree,free/reduced,False,9.6,7.1,52.0,95.0,46.0,public,True,76.6,100.0,64.33,C,Pass
2453,male,group C,some college,standard,False,4.6,6.9,88.0,77.0,71.0,public,True,86.0,100.0,78.67,B,Pass
2454,female,group C,bachelor degree,free/reduced,False,5.0,6.7,74.0,78.0,54.0,public,True,78.9,100.0,68.67,C,Pass
2455,female,group B,associate degree,free/reduced,True,11.4,4.6,81.0,70.0,64.0,public,True,87.1,100.0,71.67,B,Pass
2456,male,group B,some college,standard,True,5.7,6.1,46.0,40.0,86.0,public,True,85.4,100.0,57.33,C,Pass
2457,female,group C,high school,standard,False,9.6,8.4,82.0,84.0,73.0,private,True,84.0,100.0,79.67,B,Pass
2458,female,group C,bachelor degree,free/reduced,False,9.7,7.6,75.0,80.0,60.0,private,True,84.9,100.0,71.67,B,Pass
2459,female,group D,high school,free/reduced,True,16.6,7.7,43.0,87.0,89.0,public,True,86.7,100.0,73.0,B,Pass
2460,male,group D,high school,free/reduced,False,9.6,7.6,77.0,70.0,59.0,public,True,84.8,100.0,68.67,C,Pass
2461,female,group A,high school,standard,False,13.2,9.2,75.0,63.0,59.0,international,True,81.6,100.0,65.67,C,Pass
2462,female,group D,some college,free/reduced,False,13.0,7.6,69.0,72.0,74.0,private,True,87.4,100.0,71.67,B,Pass
2463,female,group A,associate degree,free/reduced,True,8.6,7.1,88.0,52.0,68.0,public,True,85.1,100.0,69.33,C,Pass
2464,male,group C,associate degree,standard,False,12.1,6.1,94.0,97.0,70.0,private,True,83.6,100.0,87.0,A,Pass
2465,male,group B,high school,standard,False,5.9,5.0,63.0,87.0,56.0,public,False,86.8,100.0,68.67,C,Pass
2466,male,group D,high school,free/reduced,False,7.9,8.0,68.0,73.0,63.0,public,True,86.6,100.0,68.0,C,Pass
2467,male,group E,master degree,standard,True,9.1,7.1,79.0,65.0,90.0,private,True,82.4,100.0,78.0,B,Pass
2468,male,group C,bachelor degree,free/reduced,False,2.8,7.3,68.0,61.0,83.0,public,True,83.5,100.0,70.67,B,Pass
2469,male,group E,high school,standard,True,9.6,7.2,81.0,56.0,81.0,public,True,87.5,100.0,72.67,B,Pass
2470,male,group A,associate degree,free/reduced,True,12.1,7.0,50.0,70.0,63.0,public,True,78.4,100.0,61.0,C,Pass
2471,female,group C,bachelor degree,standard,False,2.3,7.2,91.0,95.0,62.0,public,True,93.4,100.0,82.67,B,Pass
2472,female,group C,high school,free/reduced,False,11.2,7.1,72.0,64.0,77.0,public,True,95.2,100.0,71.0,B,Pass
2473,female,group C,high school,standard,True,7.8,7.3,59.0,71.0,61.0,public,False,76.5,100.0,63.67,C,Pass
2474,male,group C,high school,standard,False,4.5,7.2,66.0,34.0,56.0,private,True,68.9,100.0,52.0,D,Pass
2475,male,group D,bachelor degree,standard,False,13.4,7.5,60.0,71.0,70.0,private,True,83.3,100.0,67.0,C,Pass
2476,female,group D,high school,standard,False,17.1,6.2,63.0,79.0,66.0,public,True,86.3,100.0,69.33,C,Pass
2477,female,group E,some college,standard,True,3.7,7.2,57.0,52.0,70.0,private,False,77.7,100.0,59.67,C,Pass
2478,female,group B,some college,free/reduced,False,8.6,7.8,82.0,99.0,49.0,public,True,92.9,100.0,76.67,B,Pass
2479,female,group E,high school,free/reduced,True,1.3,6.3,80.0,67.0,34.0,public,False,72.4,100.0,60.33,C,Pass
2480,male,group B,high school,standard,False,17.3,6.9,63.0,82.0,60.0,international,True,85.8,100.0,68.33,C,Pass
2481,female,group C,some college,free/reduced,False,9.6,6.7,66.0,84.0,100.0,public,True,85.3,100.0,83.33,B,Pass
2482,female,group B,bachelor degree,standard,False,6.9,7.3,60.0,68.0,69.0,public,True,89.9,100.0,65.67,C,Pass
2483,male,group E,high school,free/reduced,False,16.9,9.0,83.0,94.0,59.0,private,True,96.4,100.0,78.67,B,Pass
2484,male,group C,bachelor degree,standard,False,5.9,6.4,77.0,73.0,73.0,international,True,80.9,100.0,74.33,B,Pass
2485,female,group E,associate degree,standard,False,20.9,8.0,86.0,64.0,61.0,public,True,80.4,100.0,70.33,B,Pass
2486,male,group C,some college,free/reduced,False,14.7,9.2,70.0,65.0,77.0,public,False,87.6,100.0,70.67,B,Pass
2487,male,group C,some college,standard,False,17.6,6.2,50.0,58.0,58.0,private,True,75.2,100.0,55.33,C,Pass
2488,male,group C,bachelor degree,standard,False,19.5,7.2,70.0,84.0,44.0,public,True,81.2,100.0,66.0,C,Pass
2489,male,group A,high school,standard,True,13.9,8.9,71.0,85.0,72.0,public,False,85.5,100.0,76.0,B,Pass
2490,male,group C,high school,standard,True,18.1,5.3,63.0,75.0,71.0,international,True,73.1,100.0,69.67,C,Pass
2491,male,group B,some college,standard,True,0.7,6.7,74.0,63.0,77.0,public,True,83.5,100.0,71.33,B,Pass
2492,male,group A,associate degree,standard,False,7.7,6.5,63.0,43.0,88.0,public,True,77.4,100.0,64.67,C,Pass
2493,male,group B,associate degree,standard,True,11.0,9.4,78.0,70.0,96.0,public,True,85.1,100.0,81.33,B,Pass
2494,female,group A,bachelor degree,standard,False,11.0,5.7,76.0,84.0,66.0,public,True,92.4,100.0,75.33,B,Pass
2495,male,group C,master degree,standard,False,6.5,6.8,80.0,62.0,60.0,public,True,75.7,100.0,67.33,C,Pass
2496,female,group C,associate degree,free/reduced,True,12.0,4.3,81.0,86.0,66.0,public,True,90.1,100.0,77.67,B,Pass
2497,female,group B,master degree,free/reduced,False,10.7,6.4,63.0,88.0,85.0,public,False,85.1,100.0,78.67,B,Pass
2498,male,group C,associate degree,standard,False,18.4,6.0,87.0,66.0,62.0,public,False,82.3,100.0,71.67,B,Pass
2499,male,group A,some college,free/reduced,True,3.8,6.4,68.0,89.0,81.0,public,True,90.7,100.0,79.33,B,Pass
2500,male,group C,some college,standard,True,6.4,3.6,75.0,74.0,43.0,public,True,82.3,100.0,64.0,C,Pass
2501,male,group E,some college,free/reduced,True,6.7,9.5,69.0,76.0,59.0,public,True,85.1,100.0,68.0,C,Pass
2502,female,group A,high school,standard,False,10.9,6.5,71.0,63.0,56.0,public,True,85.2,100.0,63.33,C,Pass
2503,male,group E,bachelor degree,standard,False,9.6,7.7,54.0,75.0,71.0,international,True,80.0,100.0,66.67,C,Pass
2504,female,group A,some college,standard,True,11.0,7.2,67.0,69.0,85.0,public,True,81.4,100.0,73.67,B,Pass
2505,female,group C,bachelor degree,free/reduced,False,9.4,9.1,100.0,90.0,49.0,international,False,81.4,100.0,79.67,B,Pass
2506,female,group E,high school,free/reduced,True,14.5,7.9,86.0,73.0,96.0,public,True,84.9,100.0,85.0,A,Pass
2507,female,group B,some college,standard,False,12.4,7.2,64.0,86.0,59.0,international,True,97.6,100.0,69.67,C,Pass
2508,female,group E,some college,free/reduced,False,8.8,3.0,88.0,54.0,49.0,public,True,86.7,100.0,63.67,C,Pass
2509,male,group E,bachelor degree,free/reduced,False,8.2,5.9,83.0,87.0,82.0,public,True,81.8,100.0,84.0,B,Pass
2510,female,group B,some college,standard,True,17.3,7.9,67.0,75.0,83.0,public,True,78.4,100.0,75.0,B,Pass
2511,male,group B,high school,free/reduced,False,9.9,6.6,69.0,52.0,71.0,public,True,83.0,100.0,64.0,C,Pass
2512,male,group B,some college,standard,True,4.2,6.5,73.0,61.0,69.0,public,True,84.8,100.0,67.67,C,Pass
2513,female,group C,associate degree,standard,False,9.6,6.8,65.0,75.0,52.0,private,True,83.3,100.0,64.0,C,Pass
2514,female,group C,high school,standard,True,19.9,5.2,71.0,57.0,95.0,public,True,83.5,100.0,74.33,B,Pass
2515,male,group C,associate degree,standard,True,10.4,8.7,81.0,74.0,71.0,international,True,84.4,100.0,75.33,B,Pass
2516,male,group A,bachelor degree,standard,False,9.6,6.8,72.0,75.0,71.0,public,True,85.7,100.0,72.67,B,Pass
2517,male,group C,master degree,free/reduced,False,12.1,5.1,53.0,50.0,67.0,public,True,78.1,100.0,56.67,C,Pass
2518,female,group D,some college,standard,False,14.2,7.5,80.0,49.0,88.0,public,True,72.8,100.0,72.33,B,Pass
2519,male,group A,some college,standard,True,6.4,5.6,90.0,57.0,62.0,public,True,81.7,100.0,69.67,C,Pass
2520,female,group C,high school,free/reduced,True,7.9,8.2,62.0,72.0,88.0,international,True,80.3,100.0,74.0,B,Pass
2521,female,group A,bachelor degree,standard,True,7.9,7.7,92.0,85.0,89.0,public,True,91.3,100.0,88.67,A,Pass
2522,female,group B,some college,free/reduced,False,9.6,5.8,68.0,80.0,48.0,public,True,96.1,100.0,65.33,C,Pass
2523,female,group A,bachelor degree,free/reduced,False,2.3,6.5,81.0,79.0,65.0,private,True,86.8,100.0,75.0,B,Pass
2524,male,group E,associate degree,standard,False,10.2,6.7,63.0,76.0,63.0,public,True,80.4,100.0,67.33,C,Pass
2525,male,group B,associate degree,standard,False,2.5,8.3,75.0,77.0,58.0,public,True,87.6,100.0,70.0,B,Pass
2526,female,group E,high school,standard,True,9.6,7.2,44.0,59.0,74.0,public,True,81.0,100.0,59.0,C,Pass
2527,female,group B,some college,standard,False,8.1,7.5,100.0,64.0,72.0,public,True,88.6,100.0,78.67,B,Pass
2528,male,group E,bachelor degree,standard,False,5.2,6.0,84.0,76.0,73.0,international,False,89.1,100.0,77.67,B,Pass
2529,male,group B,some college,standard,True,2.2,8.4,82.0,78.0,84.0,public,True,97.8,100.0,81.33,B,Pass
2530,female,group B,high school,standard,False,10.5,7.6,67.0,84.0,83.0,public,True,80.5,100.0,78.0,B,Pass
2531,male,group E,associate degree,free/reduced,True,9.6,7.7,81.0,64.0,61.0,private,False,84.8,100.0,68.67,C,Pass
2532,female,group C,high school,standard,True,9.7,6.1,41.0,71.0,77.0,public,True,75.4,100.0,63.0,C,Pass
2533,female,group E,high school,free/reduced,False,21.2,6.6,49.0,56.0,71.0,public,True,81.1,100.0,58.67,C,Pass
2534,male,group B,bachelor degree,free/reduced,False,9.9,8.5,87.0,61.0,71.0,international,True,79.5,100.0,73.0,B,Pass
2535,male,group E,high school,free/reduced,False,2.7,9.8,58.0,62.0,87.0,private,False,80.5,100.0,69.0,C,Pass
2536,male,group E,master degree,standard,False,3.3,7.5,68.0,47.0,64.0,public,True,77.4,100.0,59.67,C,Pass
2537,female,group C,high school,standard,False,12.6,7.2,86.0,71.0,54.0,international,True,88.0,100.0,70.33,B,Pass
2538,female,group E,bachelor degree,free/reduced,True,15.1,5.6,97.0,69.0,38.0,private,False,86.8,100.0,68.0,C,Pass
2539,female,group E,bachelor degree,standard,True,9.6,6.2,69.0,62.0,67.0,public,True,75.2,100.0,66.0,C,Pass
2540,female,group C,bachelor degree,free/reduced,False,13.8,8.8,84.0,61.0,66.0,public,False,83.4,100.0,70.33,B,Pass
2541,female,group E,master degree,free/reduced,True,4.6,7.4,76.0,48.0,71.0,public,True,77.3,100.0,65.0,C,Pass
2542,male,group E,some college,free/reduced,True,16.3,6.9,45.0,60.0,59.0,public,True,70.6,100.0,54.67,D,Pass
2543,male,group C,some college,standard,False,3.5,6.3,97.0,90.0,76.0,public,False,89.0,100.0,87.67,A,Pass
2544,male,group E,associate degree,free/reduced,False,12.5,8.3,78.0,79.0,71.0,public,False,83.9,100.0,76.0,B,Pass
2545,male,group C,high school,free/reduced,False,5.6,7.6,80.0,49.0,84.0,public,True,95.5,100.0,71.0,B,Pass
2546,male,group E,some college,free/reduced,False,16.6,6.6,65.0,64.0,85.0,private,True,85.7,100.0,71.33,B,Pass
2547,male,group D,bachelor degree,standard,False,14.7,6.3,77.0,38.0,35.0,public,True,68.1,100.0,50.0,D,Pass
2548,male,group C,master degree,standard,False,6.6,8.1,57.0,69.0,81.0,public,True,79.8,100.0,69.0,C,Pass
2549,male,group A,high school,standard,False,1.2,7.3,81.0,68.0,100.0,public,True,93.3,100.0,83.0,B,Pass
2550,female,group C,associate degree,standard,True,3.8,7.5,66.0,46.0,61.0,public,True,88.5,100.0,57.67,C,Pass
2551,female,group D,high school,free/reduced,True,9.6,7.5,61.0,70.0,52.0,private,True,71.5,100.0,61.0,C,Pass
2552,female,group B,associate degree,standard,True,0.5,5.6,73.0,55.0,86.0,private,True,74.1,100.0,71.33,B,Pass
2553,female,group D,high school,free/reduced,True,13.9,7.0,51.0,60.0,58.0,private,False,86.9,100.0,56.33,C,Pass
2554,male,group E,high school,standard,True,9.6,6.2,91.0,62.0,69.0,public,True,86.5,100.0,74.0,B,Pass
2555,female,group D,high school,free/reduced,True,10.6,5.9,83.0,66.0,61.0,public,True,78.7,100.0,70.0,B,Pass
2556,female,group B,some college,standard,False,5.2,8.1,63.0,47.0,91.0,public,True,84.5,100.0,67.0,C,Pass
2557,female,group B,bachelor degree,standard,True,0.0,7.1,61.0,65.0,62.0,public,True,66.9,100.0,62.67,C,Pass
2558,male,group A,high school,standard,False,12.3,7.1,78.0,78.0,71.0,public,False,85.2,100.0,75.67,B,Pass
2559,female,group C,high school,free/reduced,True,6.0,8.9,91.0,54.0,54.0,public,True,83.2,100.0,66.33,C,Pass
2560,female,group C,some college,free/reduced,False,9.5,8.4,72.0,29.0,100.0,private,True,86.4,100.0,67.0,C,Pass
2561,male,group A,bachelor degree,standard,False,13.8,9.6,61.0,61.0,61.0,public,True,74.3,100.0,61.0,C,Pass
2562,female,group E,high school,standard,False,9.6,6.5,60.0,73.0,53.0,private,False,80.2,100.0,62.0,C,Pass
2563,male,group D,associate degree,free/reduced,False,12.9,6.7,90.0,67.0,55.0,international,True,78.6,100.0,70.67,B,Pass
2564,female,group E,high school,free/reduced,False,11.1,5.3,60.0,68.0,77.0,private,True,83.6,100.0,68.33,C,Pass
2565,male,group C,some college,free/reduced,False,5.5,7.4,76.0,100.0,45.0,public,True,80.0,100.0,73.67,B,Pass
2566,female,group E,bachelor degree,standard,True,9.5,8.5,73.0,93.0,50.0,public,True,81.8,100.0,72.0,B,Pass
2567,female,group A,bachelor degree,standard,False,3.2,7.5,75.0,74.0,62.0,public,True,78.2,100.0,70.33,B,Pass
2568,female,group E,high school,standard,False,21.0,6.4,90.0,76.0,79.0,public,True,90.9,100.0,81.67,B,Pass
2569,male,group A,bachelor degree,standard,False,7.4,6.8,92.0,100.0,84.0,public,True,96.1,100.0,92.0,A,Pass
2570,male,group C,high school,standard,False,9.6,5.2,59.0,66.0,82.0,private,True,81.4,100.0,69.0,C,Pass
2571,male,group C,some college,standard,True,6.1,8.8,48.0,64.0,57.0,private,True,77.7,100.0,56.33,C,Pass
2572,female,group D,bachelor degree,standard,True,9.0,9.9,89.0,76.0,57.0,public,True,77.4,100.0,74.0,B,Pass
2573,female,group E,master degree,standard,False,13.9,6.1,56.0,69.0,67.0,private,True,79.1,100.0,64.0,C,Pass
2574,male,group D,bachelor degree,standard,True,10.2,7.0,58.0,83.0,97.0,private,True,86.5,100.0,79.33,B,Pass
2575,male,group B,some college,free/reduced,False,15.6,7.8,93.0,52.0,80.0,private,True,98.1,100.0,75.0,B,Pass
2576,female,group E,high school,standard,True,13.4,7.2,88.0,74.0,70.0,public,True,80.4,100.0,77.33,B,Pass
2577,female,group D,high school,free/reduced,True,10.4,7.4,57.0,58.0,77.0,public,True,87.9,100.0,64.0,C,Pass
2578,female,group C,master degree,standard,False,12.6,7.2,61.0,78.0,100.0,public,False,91.9,100.0,79.67,B,Pass
2579,male,group E,high school,standard,False,9.6,8.1,75.0,76.0,71.0,public,False,85.9,100.0,74.0,B,Pass
2580,male,group D,high school,standard,False,4.6,6.9,47.0,58.0,71.0,public,True,87.3,100.0,58.67,C,Pass
2581,female,group C,high school,standard,False,6.2,8.6,59.0,67.0,90.0,public,True,85.7,100.0,72.0,B,Pass
2582,male,group A,high school,standard,False,9.5,7.3,72.0,71.0,75.0,public,True,85.9,100.0,72.67,B,Pass
2583,male,group D,high school,standard,True,6.2,6.9,74.0,58.0,75.0,public,True,82.3,100.0,69.0,C,Pass
2584,male,group D,high school,standard,False,9.6,8.6,54.0,72.0,73.0,international,True,87.7,100.0,66.33,C,Pass
2585,male,group A,some college,free/reduced,False,12.7,5.3,74.0,84.0,76.0,public,True,91.7,100.0,78.0,B,Pass
2586,male,group B,associate degree,free/reduced,True,7.9,9.2,61.0,63.0,67.0,public,True,77.3,100.0,63.67,C,Pass
2587,male,group C,some college,standard,True,9.6,7.2,100.0,65.0,79.0,public,True,80.9,100.0,81.33,B,Pass
2588,female,group D,master degree,standard,False,7.6,7.0,56.0,67.0,94.0,public,True,82.9,100.0,72.33,B,Pass
2589,female,group A,some college,standard,True,12.3,9.3,88.0,85.0,71.0,private,True,83.4,100.0,81.33,B,Pass
2590,male,group E,associate degree,standard,False,0.1,7.2,73.0,57.0,69.0,public,True,81.2,100.0,66.33,C,Pass
2591,female,group B,high school,standard,False,4.2,8.1,65.0,71.0,70.0,public,False,88.5,100.0,68.67,C,Pass
2592,female,group A,high school,standard,False,3.8,6.3,57.0,66.0,52.0,public,True,76.0,100.0,58.33,C,Pass
2593,male,group B,high school,standard,True,12.0,7.2,72.0,100.0,49.0,public,True,84.3,100.0,73.67,B,Pass
2594,male,group E,high school,standard,False,3.4,8.9,85.0,45.0,87.0,public,True,84.2,100.0,72.33,B,Pass
2595,male,group D,high school,standard,True,9.6,6.7,69.0,75.0,52.0,public,True,85.4,100.0,65.33,C,Pass
2596,male,group C,high school,free/reduced,False,2.8,6.4,68.0,76.0,82.0,public,True,73.9,100.0,75.33,B,Pass
2597,female,group C,associate degree,free/reduced,True,7.7,6.2,68.0,67.0,56.0,private,True,77.4,100.0,63.67,C,Pass
2598,female,group E,associate degree,free/reduced,True,9.2,7.4,95.0,61.0,73.0,international,False,86.6,100.0,76.33,B,Pass
2599,female,group B,high school,standard,False,5.6,6.1,68.0,81.0,58.0,public,True,88.6,100.0,69.0,C,Pass
2600,male,group C,bachelor degree,standard,True,5.6,8.6,63.0,71.0,78.0,public,True,80.7,100.0,70.67,B,Pass
2601,female,group A,associate degree,standard,True,11.4,8.0,45.0,58.0,57.0,public,True,67.0,100.0,53.33,D,Pass
2602,male,group C,high school,free/reduced,False,8.1,5.8,73.0,79.0,77.0,public,False,88.6,100.0,76.33,B,Pass
2603,male,group C,associate degree,free/reduced,True,9.6,5.0,100.0,92.0,57.0,public,False,85.0,100.0,83.0,B,Pass
2604,female,group E,high school,standard,False,0.0,5.8,81.0,87.0,71.0,international,True,80.9,100.0,79.67,B,Pass
2605,male,group C,associate degree,standard,True,19.1,7.6,84.0,75.0,78.0,public,True,83.5,100.0,79.0,B,Pass
2606,male,group A,bachelor degree,standard,True,4.1,8.6,92.0,77.0,72.0,public,True,86.2,100.0,80.33,B,Pass
2607,female,group C,high school,standard,False,9.6,7.2,60.0,84.0,49.0,private,True,77.7,100.0,64.33,C,Pass
2608,female,group C,high school,standard,False,1.5,6.5,73.0,87.0,79.0,public,True,75.8,100.0,79.67,B,Pass
2609,male,group C,bachelor degree,free/reduced,True,12.2,7.4,60.0,72.0,78.0,public,True,87.5,100.0,70.0,B,Pass
2610,female,group C,some college,standard,False,9.8,6.1,45.0,69.0,81.0,public,True,87.4,100.0,65.0,C,Pass
2611,male,group D,high school,standard,False,9.1,6.4,81.0,56.0,89.0,private,True,88.4,100.0,75.33,B,Pass
2612,female,group E,bachelor degree,free/reduced,True,17.4,6.4,100.0,63.0,79.0,private,True,81.6,100.0,80.67,B,Pass
2613,female,group E,high school,free/reduced,True,8.4,7.2,50.0,68.0,41.0,public,True,75.2,100.0,53.0,D,Pass
2614,male,group A,bachelor degree,standard,True,16.8,8.9,67.0,76.0,71.0,public,True,83.4,100.0,71.33,B,Pass
2615,male,group E,some college,standard,False,6.4,7.2,32.0,65.0,60.0,public,True,78.9,100.0,52.33,D,Pass
2616,female,group E,high school,free/reduced,True,4.2,8.4,74.0,68.0,58.0,public,True,85.0,100.0,66.67,C,Pass
2617,male,group D,some college,standard,False,0.0,6.6,87.0,97.0,35.0,public,True,80.5,100.0,73.0,B,Pass
2618,male,group C,high school,free/reduced,True,9.6,8.4,56.0,77.0,62.0,public,True,81.4,100.0,65.0,C,Pass
2619,female,group A,bachelor degree,standard,True,13.7,6.2,75.0,95.0,47.0,public,True,86.2,100.0,72.33,B,Pass
2620,female,group C,bachelor degree,standard,False,7.2,7.6,90.0,82.0,71.0,public,True,94.5,100.0,81.0,B,Pass
2621,male,group E,high school,standard,False,9.6,6.7,66.0,80.0,61.0,private,False,86.1,100.0,69.0,C,Pass
2622,male,group A,some college,standard,True,7.2,6.3,81.0,71.0,60.0,public,True,87.1,100.0,70.67,B,Pass
2623,male,group A,some college,standard,False,6.3,7.6,78.0,69.0,68.0,public,True,84.1,100.0,71.67,B,Pass
2624,female,group A,high school,standard,True,1.4,6.9,96.0,79.0,80.0,private,True,96.1,100.0,85.0,A,Pass
2625,female,group A,some college,standard,False,4.2,7.3,63.0,70.0,60.0,public,True,82.8,100.0,64.33,C,Pass
2626,female,group A,associate degree,standard,False,1.6,8.0,65.0,55.0,72.0,public,True,76.3,100.0,64.0,C,Pass
2627,male,group C,high school,standard,False,13.6,7.8,42.0,72.0,62.0,public,True,85.5,100.0,58.67,C,Pass
2628,male,group A,bachelor degree,standard,True,5.3,8.5,44.0,70.0,50.0,public,True,80.4,100.0,54.67,D,Pass
2629,male,group A,bachelor degree,free/reduced,False,7.8,7.1,88.0,53.0,55.0,public,True,78.9,100.0,65.33,C,Pass
2630,male,group D,master degree,free/reduced,True,6.4,5.4,59.0,63.0,80.0,public,True,79.5,100.0,67.33,C,Pass
2631,female,group C,master degree,standard,False,9.6,7.0,85.0,80.0,62.0,public,False,86.7,100.0,75.67,B,Pass
2632,male,group D,associate degree,standard,True,18.0,7.1,63.0,71.0,83.0,public,True,86.1,100.0,72.33,B,Pass
2633,female,group E,bachelor degree,free/reduced,False,12.0,7.3,81.0,81.0,55.0,public,True,84.9,100.0,72.33,B,Pass
2634,male,group E,associate degree,standard,False,14.9,7.0,90.0,71.0,48.0,private,True,84.4,100.0,69.67,C,Pass
2635,male,group C,bachelor degree,standard,False,13.5,7.6,73.0,69.0,75.0,public,True,92.4,100.0,72.33,B,Pass
2636,female,group C,master degree,free/reduced,True,7.2,11.0,94.0,69.0,66.0,public,True,90.9,100.0,76.33,B,Pass
2637,male,group B,some college,standard,True,15.4,6.3,62.0,79.0,83.0,public,True,85.8,100.0,74.67,B,Pass
2638,male,group D,associate degree,standard,True,7.4,8.7,46.0,96.0,57.0,public,True,86.2,100.0,66.33,C,Pass
2639,male,group B,some college,standard,True,6.1,4.6,88.0,90.0,72.0,public,True,83.2,100.0,83.33,B,Pass
2640,female,group B,associate degree,standard,False,9.8,7.3,62.0,58.0,59.0,public,True,80.9,100.0,59.67,C,Pass
2641,male,group D,some college,free/reduced,False,15.7,7.2,59.0,69.0,79.0,private,True,91.6,100.0,69.0,C,Pass
2642,female,group B,associate degree,standard,False,9.6,7.2,51.0,55.0,88.0,private,True,79.8,100.0,64.67,C,Pass
2643,female,group C,high school,standard,True,6.5,4.8,62.0,86.0,63.0,international,True,78.9,100.0,70.33,B,Pass
2644,female,group B,high school,standard,False,11.7,7.9,74.0,69.0,68.0,public,True,79.9,100.0,70.33,B,Pass
2645,male,group B,high school,free/reduced,True,6.6,8.1,74.0,82.0,57.0,private,True,78.0,100.0,71.0,B,Pass
2646,male,group B,high school,free/reduced,False,6.9,8.4,48.0,86.0,53.0,public,True,76.0,100.0,62.33,C,Pass
2647,female,group A,some college,standard,False,10.3,6.7,92.0,80.0,45.0,private,True,82.1,100.0,72.33,B,Pass
2648,female,group B,some college,free/reduced,False,8.9,6.4,62.0,89.0,75.0,public,True,78.1,100.0,75.33,B,Pass
2649,female,group B,associate degree,standard,True,2.4,6.3,47.0,80.0,65.0,private,True,80.7,100.0,64.0,C,Pass
2650,male,group D,some college,standard,False,9.6,7.8,65.0,81.0,86.0,international,True,90.4,100.0,77.33,B,Pass
2651,female,group A,high school,standard,False,16.1,6.6,58.0,53.0,70.0,private,True,74.6,100.0,60.33,C,Pass
2652,male,group D,high school,free/reduced,True,9.1,4.4,43.0,54.0,57.0,private,True,83.1,100.0,51.33,D,Pass
2653,male,group E,associate degree,free/reduced,False,11.7,5.7,37.0,75.0,49.0,public,True,79.0,100.0,53.67,D,Pass
2654,female,group E,associate degree,standard,True,8.0,7.9,87.0,69.0,87.0,public,True,92.6,100.0,81.0,B,Pass
2655,female,group E,bachelor degree,free/reduced,False,12.8,7.9,58.0,79.0,83.0,public,True,81.0,100.0,73.33,B,Pass
2656,female,group D,high school,standard,False,2.3,7.5,55.0,55.0,100.0,public,True,87.3,100.0,70.0,B,Pass
2657,male,group D,high school,standard,False,9.6,6.5,100.0,76.0,80.0,private,True,83.7,100.0,85.33,A,Pass
2658,female,group C,some college,free/reduced,True,12.6,6.8,59.0,66.0,65.0,international,True,84.8,100.0,63.33,C,Pass
2659,male,group B,associate degree,standard,False,12.6,8.0,66.0,84.0,80.0,public,True,86.5,100.0,76.67,B,Pass
2660,female,group A,high school,free/reduced,True,3.3,7.2,79.0,100.0,82.0,international,True,92.6,100.0,87.0,A,Pass
2661,female,group D,high school,free/reduced,False,8.3,10.0,49.0,59.0,70.0,public,True,72.9,100.0,59.33,C,Pass
2662,female,group C,associate degree,free/reduced,False,5.1,9.4,77.0,70.0,62.0,private,True,78.4,100.0,69.67,C,Pass
2663,female,group E,high school,free/reduced,False,2.7,7.3,52.0,68.0,99.0,public,True,87.2,100.0,73.0,B,Pass
2664,male,group B,associate degree,free/reduced,True,7.5,5.8,49.0,77.0,66.0,public,True,75.9,100.0,64.0,C,Pass
2665,male,group E,high school,standard,True,7.8,7.2,73.0,66.0,53.0,public,True,82.9,100.0,64.0,C,Pass
2666,male,group C,bachelor degree,free/reduced,True,10.4,6.9,77.0,57.0,83.0,public,True,77.1,100.0,72.33,B,Pass
2667,male,group E,high school,standard,True,5.5,7.3,68.0,58.0,91.0,public,True,88.2,100.0,72.33,B,Pass
2668,female,group D,high school,free/reduced,False,17.8,8.2,53.0,88.0,58.0,public,True,75.4,100.0,66.33,C,Pass
2669,female,group E,some college,standard,True,6.5,6.3,52.0,69.0,91.0,public,True,86.0,100.0,70.67,B,Pass
2670,female,group E,high school,free/reduced,True,19.6,8.3,63.0,54.0,86.0,public,False,85.2,100.0,67.67,C,Pass
2671,male,group E,some college,standard,True,6.9,7.2,63.0,81.0,77.0,public,True,81.0,100.0,73.67,B,Pass
2672,male,group D,master degree,standard,False,1.3,8.3,67.0,58.0,61.0,public,True,82.7,100.0,62.0,C,Pass
2673,female,group A,high school,standard,False,9.6,3.6,68.0,66.0,64.0,private,True,82.7,100.0,66.0,C,Pass
2674,female,group E,associate degree,standard,True,9.4,6.5,55.0,79.0,81.0,public,True,81.0,100.0,71.67,B,Pass
2675,male,group B,high school,standard,True,9.6,7.2,89.0,63.0,73.0,public,False,80.0,100.0,75.0,B,Pass
2676,female,group E,some college,standard,True,19.9,5.8,69.0,59.0,94.0,private,True,74.8,100.0,74.0,B,Pass
2677,female,group E,high school,standard,False,8.7,7.1,77.0,78.0,71.0,international,True,86.9,100.0,75.33,B,Pass
2678,male,group C,bachelor degree,free/reduced,False,6.8,8.3,82.0,63.0,60.0,international,True,74.5,100.0,68.33,C,Pass
2679,male,group E,high school,free/reduced,False,4.2,6.9,47.0,71.0,55.0,public,True,78.4,100.0,57.67,C,Pass
2680,female,group A,bachelor degree,standard,True,1.8,6.0,80.0,84.0,62.0,public,True,83.8,100.0,75.33,B,Pass
2681,male,group E,bachelor degree,standard,False,11.1,7.6,65.0,76.0,56.0,public,True,84.7,100.0,65.67,C,Pass
2682,male,group C,associate degree,standard,False,4.7,4.2,60.0,71.0,71.0,public,True,80.2,100.0,67.33,C,Pass
2683,female,group A,high school,standard,False,0.8,6.9,99.0,71.0,39.0,private,True,81.2,100.0,69.67,C,Pass
2684,male,group A,some college,free/reduced,True,12.1,8.7,79.0,54.0,71.0,public,True,85.7,100.0,68.0,C,Pass
2685,male,group A,associate degree,standard,True,16.2,7.6,100.0,94.0,94.0,public,True,95.1,100.0,96.0,A,Pass
2686,male,group D,associate degree,standard,False,9.6,7.8,68.0,82.0,47.0,international,False,82.8,100.0,65.67,C,Pass
2687,female,group C,high school,standard,False,8.8,6.9,55.0,83.0,85.0,public,True,87.1,100.0,74.33,B,Pass
2688,male,group D,high school,standard,False,11.9,5.3,55.0,59.0,87.0,public,True,74.1,100.0,67.0,C,Pass
2689,female,group D,high school,standard,False,7.2,5.4,61.0,71.0,49.0,public,True,82.9,100.0,60.33,C,Pass
2690,male,group C,high school,standard,True,10.5,6.4,100.0,77.0,71.0,public,True,91.1,100.0,82.67,B,Pass
2691,female,group E,some college,standard,True,9.8,6.7,62.0,63.0,68.0,public,True,75.6,100.0,64.33,C,Pass
2692,female,group B,bachelor degree,standard,False,17.6,5.5,70.0,71.0,62.0,public,False,80.7,100.0,67.67,C,Pass
2693,male,group B,associate degree,free/reduced,True,7.7,8.4,65.0,71.0,68.0,international,True,81.9,100.0,68.0,C,Pass
2694,male,group A,associate degree,standard,False,12.6,8.1,87.0,74.0,74.0,international,True,85.7,100.0,78.33,B,Pass
2695,male,group D,bachelor degree,standard,False,13.0,8.2,75.0,63.0,73.0,international,True,84.8,100.0,70.33,B,Pass
2696,male,group A,associate degree,standard,False,3.6,9.3,73.0,62.0,60.0,public,True,88.2,100.0,65.0,C,Pass
2697,male,group C,bachelor degree,standard,False,4.0,6.7,88.0,98.0,78.0,public,True,95.6,100.0,88.0,A,Pass
2698,male,group D,high school,free/reduced,False,9.6,8.0,61.0,49.0,71.0,public,True,72.4,100.0,60.33,C,Pass
2699,male,group C,some college,standard,True,13.3,7.2,82.0,79.0,95.0,public,True,92.2,100.0,85.33,A,Pass
2700,female,group A,some college,standard,False,6.5,8.5,51.0,63.0,76.0,public,True,87.0,100.0,63.33,C,Pass
2701,male,group D,some college,standard,False,9.6,7.2,51.0,71.0,80.0,public,True,83.7,100.0,67.33,C,Pass
2702,female,group D,some college,standard,True,17.2,7.6,56.0,82.0,71.0,public,False,88.3,100.0,69.67,C,Pass
2703,female,group D,bachelor degree,free/reduced,True,8.4,7.7,67.0,73.0,67.0,public,True,92.7,100.0,69.0,C,Pass
2704,male,group C,high school,standard,False,7.5,6.3,93.0,78.0,88.0,public,True,94.7,100.0,86.33,A,Pass
2705,male,group D,associate degree,standard,False,0.5,3.7,72.0,80.0,55.0,public,True,83.8,100.0,69.0,C,Pass
2706,male,group D,bachelor degree,standard,False,9.4,8.6,88.0,53.0,90.0,public,True,91.0,100.0,77.0,B,Pass
2707,male,group A,high school,standard,True,9.6,7.8,94.0,81.0,82.0,public,True,90.0,100.0,85.67,A,Pass
2708,male,group B,associate degree,standard,False,7.4,6.7,64.0,71.0,60.0,public,True,81.0,100.0,65.0,C,Pass
2709,female,group D,high school,standard,True,10.4,6.5,83.0,59.0,77.0,public,True,82.4,100.0,73.0,B,Pass
2710,female,group D,master degree,standard,True,11.9,7.9,52.0,69.0,72.0,public,False,88.6,100.0,64.33,C,Pass
2711,female,group D,bachelor degree,free/reduced,False,9.6,7.6,100.0,75.0,50.0,international,False,80.9,100.0,75.0,B,Pass
2712,female,group A,some college,standard,False,15.8,6.3,78.0,71.0,91.0,public,True,94.7,100.0,80.0,B,Pass
2713,female,group C,high school,standard,False,7.9,6.9,64.0,46.0,67.0,public,True,81.1,100.0,59.0,C,Pass
2714,male,group B,associate degree,standard,True,11.6,4.5,81.0,72.0,64.0,public,True,76.9,100.0,72.33,B,Pass
2715,female,group A,high school,standard,True,13.4,5.6,92.0,50.0,69.0,public,True,85.0,100.0,70.33,B,Pass
2716,male,group C,high school,standard,True,6.5,8.3,77.0,81.0,66.0,private,True,74.4,100.0,74.67,B,Pass
2717,female,group C,master degree,standard,False,9.0,6.8,86.0,55.0,64.0,private,True,85.5,100.0,68.33,C,Pass
2718,male,group C,some college,free/reduced,True,3.5,7.7,65.0,90.0,74.0,public,True,90.0,100.0,76.33,B,Pass
2719,female,group E,some college,standard,True,11.7,7.4,100.0,68.0,94.0,public,True,87.0,100.0,87.33,A,Pass
2720,male,group E,some college,free/reduced,False,10.1,7.2,64.0,83.0,78.0,private,True,85.6,100.0,75.0,B,Pass
2721,female,group A,high school,standard,False,10.6,4.2,75.0,74.0,89.0,public,True,96.5,100.0,79.33,B,Pass
2722,male,group E,associate degree,standard,True,12.3,6.0,47.0,72.0,85.0,private,True,79.7,100.0,68.0,C,Pass
2723,male,group D,some college,free/reduced,False,0.2,7.8,76.0,71.0,89.0,private,True,81.0,100.0,78.67,B,Pass
2724,female,group E,bachelor degree,standard,False,8.2,7.6,43.0,65.0,71.0,public,True,86.1,100.0,59.67,C,Pass
2725,male,group C,high school,free/reduced,False,14.0,8.0,76.0,75.0,61.0,public,True,93.1,100.0,70.67,B,Pass
2726,male,group B,associate degree,standard,False,13.4,7.5,52.0,100.0,68.0,public,False,84.4,100.0,73.33,B,Pass
2727,female,group E,associate degree,free/reduced,True,11.5,9.5,43.0,76.0,65.0,private,True,84.6,100.0,61.33,C,Pass
2728,female,group A,bachelor degree,free/reduced,True,6.1,5.4,79.0,74.0,64.0,public,True,90.6,100.0,72.33,B,Pass
2729,male,group E,bachelor degree,standard,False,10.3,6.4,82.0,71.0,88.0,private,True,83.3,100.0,80.33,B,Pass
2730,female,group A,high school,standard,False,14.8,6.0,89.0,55.0,55.0,public,True,79.1,100.0,66.33,C,Pass
2731,female,group D,high school,standard,True,10.7,4.3,78.0,63.0,63.0,public,False,88.4,100.0,68.0,C,Pass
2732,male,group A,bachelor degree,free/reduced,False,0.0,6.0,58.0,76.0,58.0,public,True,89.0,100.0,64.0,C,Pass
2733,female,group C,high school,standard,True,14.1,6.0,79.0,48.0,75.0,public,True,84.7,100.0,67.33,C,Pass
2734,male,group A,associate degree,standard,False,0.3,8.7,67.0,87.0,88.0,public,True,82.9,100.0,80.67,B,Pass
2735,female,group C,high school,standard,False,11.9,6.4,92.0,80.0,81.0,public,True,98.7,100.0,84.33,B,Pass
2736,female,group A,high school,standard,True,9.6,4.3,69.0,71.0,79.0,public,True,81.5,100.0,73.0,B,Pass
2737,male,group C,some college,free/reduced,True,3.6,7.9,85.0,82.0,79.0,private,True,86.1,100.0,82.0,B,Pass
2738,male,group D,master degree,standard,False,13.5,8.0,56.0,76.0,76.0,private,True,84.4,100.0,69.33,C,Pass
2739,female,group E,some college,standard,True,12.0,7.8,86.0,71.0,89.0,public,True,95.4,100.0,82.0,B,Pass
2740,male,group B,bachelor degree,standard,False,9.6,7.2,72.0,81.0,78.0,public,True,90.1,100.0,77.0,B,Pass
2741,male,group A,high school,standard,True,8.5,7.9,97.0,66.0,70.0,international,True,88.1,100.0,77.67,B,Pass
2742,male,group B,bachelor degree,standard,True,12.7,7.1,77.0,55.0,47.0,public,True,81.2,100.0,59.67,C,Pass
2743,female,group C,high school,standard,False,14.7,8.2,76.0,84.0,37.0,public,True,81.5,100.0,65.67,C,Pass
2744,male,group A,high school,free/reduced,False,8.0,7.2,71.0,69.0,69.0,private,True,85.7,100.0,69.67,C,Pass
2745,female,group B,some college,free/reduced,False,11.1,6.5,76.0,66.0,60.0,private,True,69.3,100.0,67.33,C,Pass
2746,male,group B,some college,free/reduced,True,1.3,8.3,73.0,78.0,73.0,public,True,83.4,100.0,74.67,B,Pass
2747,male,group C,high school,free/reduced,True,4.9,6.8,52.0,66.0,74.0,public,True,81.8,100.0,64.0,C,Pass
2748,male,group A,high school,standard,True,9.6,9.5,61.0,36.0,71.0,private,True,71.5,100.0,56.0,C,Pass
2749,male,group B,some college,standard,False,9.3,4.3,67.0,62.0,58.0,international,True,81.9,100.0,62.33,C,Pass
2750,male,group A,master degree,free/reduced,False,9.4,7.2,66.0,63.0,83.0,private,True,82.2,100.0,70.67,B,Pass
2751,male,group E,bachelor degree,standard,True,10.2,5.8,59.0,79.0,63.0,private,True,90.6,100.0,67.0,C,Pass
2752,male,group E,high school,free/reduced,False,10.6,7.3,76.0,53.0,53.0,public,True,87.1,100.0,60.67,C,Pass
2753,male,group E,some college,standard,True,10.2,8.9,70.0,60.0,62.0,private,True,78.3,100.0,64.0,C,Pass
2754,female,group C,high school,standard,True,15.0,7.1,53.0,83.0,54.0,international,True,79.6,100.0,63.33,C,Pass
2755,female,group C,master degree,standard,True,9.9,5.5,52.0,58.0,72.0,international,True,78.9,100.0,60.67,C,Pass
2756,female,group C,associate degree,standard,False,9.6,8.6,100.0,93.0,63.0,public,True,86.9,100.0,85.33,A,Pass
2757,female,group B,high school,standard,False,5.7,8.5,82.0,80.0,64.0,public,True,86.1,100.0,75.33,B,Pass
2758,female,group B,associate degree,free/reduced,False,7.7,8.9,85.0,89.0,87.0,public,True,86.0,100.0,87.0,A,Pass
2759,female,group B,high school,free/reduced,True,7.6,7.4,85.0,85.0,80.0,public,True,82.7,100.0,83.33,B,Pass
2760,male,group E,associate degree,free/reduced,False,9.6,4.7,80.0,65.0,40.0,public,True,82.8,100.0,61.67,C,Pass
2761,male,group C,high school,free/reduced,False,8.8,9.5,69.0,77.0,53.0,private,True,84.7,100.0,66.33,C,Pass
2762,male,group C,high school,free/reduced,True,6.0,6.2,69.0,71.0,76.0,public,True,79.6,100.0,72.0,B,Pass
2763,female,group C,bachelor degree,standard,False,14.2,7.1,64.0,59.0,46.0,public,False,82.0,100.0,56.33,C,Pass
2764,female,group C,master degree,free/reduced,True,2.5,7.1,55.0,75.0,70.0,public,True,78.5,100.0,66.67,C,Pass
2765,male,group D,bachelor degree,free/reduced,True,8.3,5.8,87.0,52.0,68.0,public,True,83.9,100.0,69.0,C,Pass
2766,female,group E,master degree,standard,False,0.7,8.7,82.0,92.0,71.0,public,True,91.6,100.0,81.67,B,Pass
2767,male,group E,associate degree,standard,False,19.6,6.9,67.0,63.0,64.0,public,False,80.7,100.0,64.67,C,Pass
2768,female,group D,high school,standard,True,4.3,8.4,41.0,68.0,80.0,private,True,82.5,100.0,63.0,C,Pass
2769,female,group A,some college,standard,True,8.9,5.6,89.0,68.0,57.0,private,True,81.0,100.0,71.33,B,Pass
2770,female,group E,associate degree,free/reduced,True,12.4,6.6,83.0,68.0,68.0,public,True,83.2,100.0,73.0,B,Pass
2771,male,group B,bachelor degree,standard,False,9.6,8.5,83.0,77.0,59.0,public,True,83.2,100.0,73.0,B,Pass
2772,male,group D,bachelor degree,free/reduced,True,19.9,7.8,63.0,67.0,59.0,public,True,76.5,100.0,63.0,C,Pass
2773,male,group A,bachelor degree,free/reduced,True,7.7,7.0,64.0,76.0,71.0,public,False,82.2,100.0,70.33,B,Pass
2774,male,group A,high school,free/reduced,True,9.6,7.0,66.0,80.0,93.0,public,True,79.1,100.0,79.67,B,Pass
2775,female,group D,associate degree,standard,True,3.5,6.5,56.0,81.0,94.0,public,True,83.3,100.0,77.0,B,Pass
2776,male,group E,high school,standard,False,7.3,7.2,81.0,50.0,59.0,public,True,78.9,100.0,63.33,C,Pass
2777,female,group D,some college,standard,True,8.8,7.2,81.0,71.0,74.0,public,False,83.9,100.0,75.33,B,Pass
2778,female,group A,high school,free/reduced,False,16.7,9.1,85.0,72.0,88.0,private,True,86.5,100.0,81.67,B,Pass
2779,male,group A,high school,free/reduced,False,9.6,8.8,90.0,50.0,43.0,public,True,79.1,100.0,61.0,C,Pass
2780,male,group D,high school,standard,True,9.4,7.1,57.0,90.0,83.0,private,True,88.1,100.0,76.67,B,Pass
2781,female,group D,associate degree,standard,True,14.1,8.6,55.0,32.0,66.0,public,True,79.8,100.0,51.0,D,Pass
2782,female,group E,high school,standard,True,16.3,7.2,75.0,79.0,77.0,public,True,82.6,100.0,77.0,B,Pass
2783,female,group C,high school,standard,True,11.5,6.4,50.0,70.0,93.0,private,True,77.4,100.0,71.0,B,Pass
2784,male,group D,some college,free/reduced,False,10.4,8.9,70.0,89.0,100.0,public,True,84.3,100.0,86.33,A,Pass
2785,female,group B,some college,standard,False,12.6,8.0,60.0,88.0,48.0,public,True,78.7,100.0,65.33,C,Pass
2786,female,group B,master degree,free/reduced,True,10.4,8.6,82.0,57.0,80.0,public,True,82.4,100.0,73.0,B,Pass
2787,male,group C,high school,free/reduced,False,5.7,6.0,82.0,53.0,57.0,public,True,76.8,100.0,64.0,C,Pass
2788,male,group C,master degree,free/reduced,False,10.8,7.7,43.0,86.0,71.0,private,True,75.2,100.0,66.67,C,Pass
2789,male,group B,high school,standard,False,6.1,6.6,50.0,60.0,70.0,public,True,76.7,100.0,60.0,C,Pass
2790,male,group E,master degree,standard,False,6.4,6.5,94.0,58.0,69.0,international,False,85.4,100.0,73.67,B,Pass
2791,female,group B,bachelor degree,standard,True,6.9,7.9,88.0,75.0,65.0,public,True,88.4,100.0,76.0,B,Pass
2792,female,group C,master degree,standard,True,5.8,6.6,45.0,73.0,80.0,public,True,78.6,100.0,66.0,C,Pass
2793,male,group C,associate degree,standard,True,5.1,8.4,80.0,55.0,64.0,public,True,79.5,100.0,66.33,C,Pass
2794,male,group A,associate degree,free/reduced,True,14.1,8.7,61.0,58.0,74.0,public,True,76.1,100.0,64.33,C,Pass
2795,female,group C,associate degree,standard,True,10.3,5.3,87.0,59.0,52.0,international,True,81.2,100.0,66.0,C,Pass
2796,male,group B,bachelor degree,free/reduced,False,2.6,6.1,88.0,68.0,81.0,public,True,82.4,100.0,79.0,B,Pass
2797,male,group B,bachelor degree,free/reduced,True,12.3,7.2,72.0,70.0,67.0,international,True,85.7,100.0,69.67,C,Pass
2798,female,group E,high school,standard,False,3.4,7.5,80.0,73.0,83.0,public,True,77.5,100.0,78.67,B,Pass
2799,male,group C,master degree,free/reduced,False,14.9,6.1,100.0,42.0,91.0,public,True,84.3,100.0,77.67,B,Pass
2800,male,group B,high school,standard,True,9.8,7.7,54.0,82.0,38.0,public,True,79.7,100.0,58.0,C,Pass
2801,male,group C,high school,standard,True,18.1,6.3,47.0,61.0,77.0,public,True,80.6,100.0,61.67,C,Pass
2802,male,group E,high school,standard,False,11.7,7.3,76.0,65.0,72.0,public,True,96.9,100.0,71.0,B,Pass
2803,male,group C,high school,standard,True,8.4,5.5,65.0,64.0,62.0,public,True,82.2,100.0,63.67,C,Pass
2804,male,group B,high school,standard,False,4.5,6.7,61.0,79.0,58.0,public,True,76.4,100.0,66.0,C,Pass
2805,female,group E,bachelor degree,standard,False,7.9,8.1,91.0,57.0,89.0,private,True,86.1,100.0,79.0,B,Pass
2806,male,group C,high school,free/reduced,False,5.2,5.5,37.0,95.0,84.0,public,True,74.9,100.0,72.0,B,Pass
2807,male,group A,high school,standard,True,6.8,5.7,52.0,52.0,74.0,public,True,78.3,100.0,59.33,C,Pass
2808,female,group C,bachelor degree,free/reduced,False,4.5,7.7,38.0,99.0,88.0,public,True,80.8,100.0,75.0,B,Pass
2809,female,group D,high school,free/reduced,False,9.6,7.2,89.0,80.0,73.0,public,True,91.8,100.0,80.67,B,Pass
2810,male,group C,bachelor degree,standard,False,9.6,8.3,90.0,58.0,67.0,public,False,80.9,100.0,71.67,B,Pass
2811,female,group B,high school,standard,False,3.5,10.3,83.0,71.0,49.0,private,False,81.5,100.0,67.67,C,Pass
2812,male,group C,high school,standard,True,17.1,5.7,49.0,82.0,92.0,private,True,81.6,100.0,74.33,B,Pass
2813,female,group B,some college,standard,False,9.1,6.3,45.0,60.0,48.0,public,True,84.1,100.0,51.0,D,Pass
2814,female,group B,some college,free/reduced,True,12.5,6.5,71.0,49.0,95.0,international,True,82.1,100.0,71.67,B,Pass
2815,female,group A,master degree,standard,False,11.5,9.5,65.0,93.0,50.0,public,True,91.9,100.0,69.33,C,Pass
2816,female,group D,master degree,free/reduced,False,15.7,9.5,69.0,57.0,53.0,public,True,82.9,100.0,59.67,C,Pass
2817,male,group D,master degree,free/reduced,False,6.8,7.0,60.0,60.0,76.0,public,True,83.5,100.0,65.33,C,Pass
2818,male,group D,high school,standard,False,11.5,6.6,63.0,88.0,73.0,private,True,86.7,100.0,74.67,B,Pass
2819,female,group C,high school,free/reduced,True,17.2,5.0,88.0,44.0,51.0,public,True,81.4,100.0,61.0,C,Pass
2820,male,group A,bachelor degree,free/reduced,False,10.7,8.0,61.0,64.0,79.0,private,True,72.6,100.0,68.0,C,Pass
2821,male,group C,associate degree,standard,False,11.0,5.3,69.0,80.0,85.0,public,True,84.8,100.0,78.0,B,Pass
2822,female,group B,high school,standard,True,7.3,7.6,88.0,82.0,40.0,public,True,87.2,100.0,70.0,B,Pass
2823,male,group D,associate degree,standard,True,13.8,6.8,53.0,71.0,61.0,public,True,79.3,100.0,61.67,C,Pass
2824,female,group C,bachelor degree,free/reduced,True,10.6,8.6,71.0,51.0,49.0,private,True,70.8,100.0,57.0,C,Pass
2825,female,group B,bachelor degree,standard,True,11.1,6.1,63.0,83.0,69.0,public,True,83.4,100.0,71.67,B,Pass
2826,male,group A,master degree,standard,False,8.5,6.5,83.0,79.0,78.0,public,False,95.5,100.0,80.0,B,Pass
2827,female,group C,associate degree,free/reduced,True,10.6,9.2,69.0,56.0,57.0,international,True,85.5,100.0,60.67,C,Pass
2828,female,group B,master degree,free/reduced,True,6.5,5.9,64.0,78.0,63.0,private,True,82.0,100.0,68.33,C,Pass
2829,male,group D,high school,free/reduced,True,10.4,7.7,67.0,82.0,68.0,public,True,88.7,100.0,72.33,B,Pass
2830,male,group B,high school,free/reduced,False,8.9,7.0,84.0,81.0,93.0,international,True,87.6,100.0,86.0,A,Pass
2831,male,group C,high school,free/reduced,False,11.5,6.1,76.0,87.0,81.0,international,True,79.0,100.0,81.33,B,Pass
2832,male,group E,high school,free/reduced,False,1.1,5.6,73.0,71.0,71.0,public,True,78.8,100.0,71.67,B,Pass
2833,female,group E,some college,standard,False,0.9,8.2,59.0,47.0,89.0,public,True,88.8,100.0,65.0,C,Pass
2834,male,group D,associate degree,standard,True,9.6,7.6,77.0,59.0,66.0,public,True,80.6,100.0,67.33,C,Pass
2835,female,group E,bachelor degree,standard,True,6.6,7.7,65.0,86.0,73.0,public,True,83.6,100.0,74.67,B,Pass
2836,female,group B,associate degree,free/reduced,True,0.0,5.8,65.0,80.0,86.0,public,False,84.3,100.0,77.0,B,Pass
2837,female,group E,some college,standard,True,9.6,7.6,73.0,64.0,55.0,public,True,90.1,100.0,64.0,C,Pass
2838,female,group D,bachelor degree,standard,False,6.6,5.9,65.0,67.0,81.0,public,True,91.5,100.0,71.0,B,Pass
2839,male,group A,high school,standard,False,3.7,8.2,70.0,50.0,93.0,private,False,94.5,100.0,71.0,B,Pass
2840,female,group C,some college,free/reduced,False,10.8,6.0,78.0,83.0,74.0,public,True,85.5,100.0,78.33,B,Pass
2841,female,group C,associate degree,free/reduced,False,7.0,5.3,89.0,58.0,98.0,public,True,89.1,100.0,81.67,B,Pass
2842,female,group D,bachelor degree,free/reduced,False,5.9,8.1,77.0,100.0,69.0,private,True,80.2,100.0,82.0,B,Pass
2843,male,group E,bachelor degree,free/reduced,True,9.7,8.4,51.0,65.0,71.0,private,True,87.2,100.0,62.33,C,Pass
2844,female,group D,bachelor degree,free/reduced,False,13.0,8.0,44.0,58.0,79.0,public,True,73.3,100.0,60.33,C,Pass
2845,female,group E,high school,standard,False,9.5,6.5,51.0,84.0,50.0,public,True,80.8,100.0,61.67,C,Pass
2846,female,group D,master degree,free/reduced,False,9.5,7.1,75.0,68.0,50.0,private,False,75.2,100.0,64.33,C,Pass
2847,male,group B,high school,standard,True,6.6,6.4,83.0,65.0,39.0,public,True,77.0,100.0,62.33,C,Pass
2848,female,group D,associate degree,standard,True,11.5,6.8,61.0,71.0,59.0,public,True,76.1,100.0,63.67,C,Pass
2849,male,group D,some college,standard,False,2.2,8.5,59.0,99.0,72.0,public,False,82.6,100.0,76.67,B,Pass
2850,female,group D,high school,free/reduced,False,12.1,6.0,90.0,76.0,60.0,public,True,82.4,100.0,75.33,B,Pass
2851,male,group E,high school,standard,False,17.0,7.3,96.0,57.0,70.0,public,True,82.0,100.0,74.33,B,Pass
2852,female,group D,master degree,standard,False,3.2,10.1,76.0,54.0,77.0,public,True,86.8,100.0,69.0,C,Pass
2853,female,group C,master degree,standard,False,1.0,6.9,68.0,55.0,92.0,public,True,78.1,100.0,71.67,B,Pass
2854,female,group C,some college,standard,False,18.5,7.4,74.0,72.0,57.0,private,True,83.2,100.0,67.67,C,Pass
2855,female,group B,associate degree,standard,True,16.4,7.2,58.0,66.0,74.0,public,True,87.5,100.0,66.0,C,Pass
2856,male,group D,high school,free/reduced,False,3.1,6.7,83.0,56.0,58.0,public,True,78.7,100.0,65.67,C,Pass
2857,female,group C,high school,standard,False,9.6,7.2,62.0,89.0,60.0,public,True,79.5,100.0,70.33,B,Pass
2858,male,group B,high school,standard,True,7.2,7.2,68.0,65.0,51.0,public,True,78.4,100.0,61.33,C,Pass
2859,male,group E,some college,standard,False,1.5,7.2,85.0,56.0,63.0,private,True,88.1,100.0,68.0,C,Pass
2860,male,group A,high school,standard,True,8.0,7.9,45.0,61.0,56.0,public,False,77.6,100.0,54.0,D,Pass
2861,female,group E,some college,standard,False,0.0,10.0,72.0,65.0,43.0,public,True,76.3,100.0,60.0,C,Pass
2862,male,group E,high school,standard,True,1.5,7.2,51.0,93.0,97.0,public,True,89.6,100.0,80.33,B,Pass
2863,male,group A,bachelor degree,standard,True,5.9,9.4,95.0,48.0,55.0,private,False,75.9,100.0,66.0,C,Pass
2864,male,group D,high school,standard,False,16.5,7.5,77.0,82.0,71.0,public,True,89.1,100.0,76.67,B,Pass
2865,male,group E,high school,standard,True,13.7,7.0,88.0,75.0,72.0,international,True,88.4,100.0,78.33,B,Pass
2866,female,group B,associate degree,standard,True,9.6,7.3,74.0,66.0,59.0,public,True,80.0,100.0,66.33,C,Pass
2867,male,group B,high school,free/reduced,False,9.6,5.1,68.0,71.0,100.0,international,True,82.5,100.0,79.67,B,Pass
2868,female,group A,high school,free/reduced,False,8.0,7.2,68.0,79.0,88.0,public,False,81.9,100.0,78.33,B,Pass
2869,male,group B,high school,standard,True,10.5,11.0,74.0,98.0,65.0,public,True,89.3,100.0,79.0,B,Pass
2870,male,group E,associate degree,free/reduced,False,13.2,6.7,64.0,100.0,37.0,public,True,87.9,100.0,67.0,C,Pass
2871,female,group A,bachelor degree,standard,False,20.3,6.8,87.0,52.0,71.0,public,True,79.8,100.0,70.0,B,Pass
2872,female,group A,master degree,free/reduced,True,12.2,7.4,53.0,67.0,67.0,public,False,82.2,100.0,62.33,C,Pass
2873,female,group C,some college,standard,True,9.6,7.5,81.0,82.0,82.0,public,True,77.2,100.0,81.67,B,Pass
2874,female,group C,high school,standard,False,13.6,8.1,67.0,70.0,62.0,private,True,78.6,100.0,66.33,C,Pass
2875,female,group E,high school,standard,True,3.0,6.9,37.0,86.0,83.0,public,True,82.3,100.0,68.67,C,Pass
2876,male,group A,high school,standard,False,10.4,6.5,81.0,73.0,66.0,public,True,79.8,100.0,73.33,B,Pass
2877,male,group B,some college,standard,True,7.3,7.5,83.0,85.0,50.0,private,True,79.4,100.0,72.67,B,Pass
2878,male,group E,some college,standard,True,5.9,7.2,100.0,74.0,89.0,private,True,86.7,100.0,87.67,A,Pass
2879,female,group D,some college,standard,False,9.7,7.2,63.0,67.0,86.0,public,True,85.3,100.0,72.0,B,Pass
2880,male,group B,high school,standard,True,12.7,6.8,65.0,54.0,80.0,international,True,80.6,100.0,66.33,C,Pass
2881,female,group A,high school,standard,False,13.2,7.6,81.0,63.0,91.0,private,False,75.1,100.0,78.33,B,Pass
2882,female,group B,bachelor degree,free/reduced,False,18.1,7.4,40.0,74.0,75.0,private,True,69.6,100.0,63.0,C,Pass
2883,female,group C,some college,standard,False,12.0,6.8,61.0,62.0,86.0,public,True,79.8,100.0,69.67,C,Pass
2884,male,group A,some college,free/reduced,True,17.7,8.3,86.0,66.0,64.0,public,True,86.1,100.0,72.0,B,Pass
2885,male,group B,associate degree,standard,False,4.1,7.4,53.0,66.0,56.0,public,True,64.6,100.0,58.33,C,Pass
2886,female,group D,high school,free/reduced,True,10.9,9.6,73.0,73.0,64.0,public,True,80.5,100.0,70.0,B,Pass
2887,male,group B,associate degree,standard,False,19.9,7.2,78.0,49.0,60.0,public,True,77.3,100.0,62.33,C,Pass
2888,female,group E,high school,standard,True,10.0,6.2,84.0,38.0,83.0,public,True,89.3,100.0,68.33,C,Pass
2889,male,group E,bachelor degree,standard,True,9.7,7.2,46.0,70.0,63.0,public,True,76.9,100.0,59.67,C,Pass
2890,female,group B,some college,free/reduced,False,8.9,7.2,61.0,47.0,71.0,public,True,80.8,100.0,59.67,C,Pass
2891,female,group B,master degree,free/reduced,True,13.4,8.6,62.0,71.0,72.0,public,False,83.0,100.0,68.33,C,Pass
2892,female,group B,bachelor degree,standard,True,9.0,6.5,61.0,68.0,70.0,public,False,70.9,100.0,66.33,C,Pass
2893,female,group D,high school,standard,False,11.3,6.0,56.0,64.0,61.0,private,True,83.0,100.0,60.33,C,Pass
2894,female,group D,high school,free/reduced,False,9.6,7.1,59.0,95.0,62.0,public,True,84.9,100.0,72.0,B,Pass
2895,female,group D,master degree,free/reduced,True,7.4,6.5,76.0,71.0,81.0,public,True,87.8,100.0,76.0,B,Pass
2896,female,group B,high school,standard,True,9.9,7.6,55.0,78.0,86.0,private,True,100.0,100.0,73.0,B,Pass
2897,female,group B,associate degree,standard,True,12.4,9.1,46.0,56.0,51.0,public,True,65.0,100.0,51.0,D,Pass
2898,male,group C,high school,free/reduced,True,13.9,5.7,49.0,59.0,91.0,private,False,90.2,100.0,66.33,C,Pass
2899,male,group D,high school,standard,True,11.1,7.3,91.0,63.0,79.0,public,True,84.6,100.0,77.67,B,Pass
2900,male,group D,high school,free/reduced,True,7.3,6.8,64.0,57.0,87.0,public,True,84.2,100.0,69.33,C,Pass
2901,female,group E,high school,standard,False,8.6,6.4,77.0,82.0,73.0,public,True,85.7,100.0,77.33,B,Pass
2902,female,group E,master degree,standard,True,8.5,6.1,48.0,71.0,71.0,public,False,78.1,100.0,63.33,C,Pass
2903,male,group E,high school,standard,False,11.2,7.2,69.0,83.0,56.0,public,True,79.9,100.0,69.33,C,Pass
2904,male,group D,master degree,standard,True,14.1,9.1,74.0,76.0,61.0,public,True,84.8,100.0,70.33,B,Pass
2905,male,group A,bachelor degree,free/reduced,True,9.6,7.8,65.0,95.0,46.0,public,True,74.9,100.0,68.67,C,Pass
2906,female,group B,high school,standard,False,12.2,5.8,44.0,64.0,82.0,public,True,84.1,100.0,63.33,C,Pass
2907,female,group A,high school,standard,True,9.6,7.8,51.0,82.0,71.0,public,True,80.1,100.0,68.0,C,Pass
2908,male,group E,associate degree,standard,True,6.5,7.2,69.0,68.0,58.0,public,True,75.3,100.0,65.0,C,Pass
2909,female,group C,master degree,standard,True,14.7,8.3,70.0,53.0,77.0,public,True,79.4,100.0,66.67,C,Pass
2910,female,group D,some college,standard,True,10.5,4.0,52.0,38.0,85.0,public,True,84.6,100.0,58.33,C,Pass
2911,female,group C,high school,free/reduced,True,6.4,7.3,70.0,72.0,47.0,international,True,77.5,100.0,63.0,C,Pass
2912,female,group C,high school,free/reduced,False,9.5,8.9,45.0,70.0,72.0,public,True,81.7,100.0,62.33,C,Pass
2913,female,group A,some college,standard,True,4.6,7.2,56.0,81.0,65.0,private,True,78.3,100.0,67.33,C,Pass
2914,male,group D,some college,standard,True,3.3,7.2,48.0,56.0,71.0,private,True,82.0,100.0,58.33,C,Pass
2915,female,group C,some college,free/reduced,True,13.8,5.6,36.0,84.0,59.0,private,True,82.3,100.0,59.67,C,Pass
2916,female,group C,high school,standard,True,4.3,8.4,54.0,82.0,61.0,international,True,90.5,100.0,65.67,C,Pass
2917,male,group E,high school,free/reduced,True,14.4,8.3,57.0,100.0,67.0,public,True,84.0,100.0,74.67,B,Pass
2918,female,group C,high school,standard,False,12.4,6.7,58.0,57.0,81.0,public,True,84.5,100.0,65.33,C,Pass
2919,male,group B,associate degree,standard,True,10.0,8.5,71.0,44.0,59.0,private,True,78.7,100.0,58.0,C,Pass
2920,male,group A,master degree,standard,False,9.3,9.7,70.0,58.0,71.0,public,False,88.0,100.0,66.33,C,Pass
2921,male,group E,high school,free/reduced,False,11.1,6.5,71.0,68.0,71.0,public,True,79.3,100.0,70.0,B,Pass
2922,male,group B,some college,standard,False,7.5,3.7,86.0,66.0,82.0,private,True,89.9,100.0,78.0,B,Pass
2923,male,group E,associate degree,standard,False,17.8,7.9,83.0,83.0,78.0,public,True,86.6,100.0,81.33,B,Pass
2924,female,group D,bachelor degree,standard,True,4.9,7.9,64.0,52.0,85.0,public,True,81.5,100.0,67.0,C,Pass
2925,female,group B,high school,standard,True,5.5,7.4,72.0,68.0,68.0,private,True,83.2,100.0,69.33,C,Pass
2926,female,group B,master degree,standard,False,12.5,7.1,97.0,74.0,72.0,public,True,88.7,100.0,81.0,B,Pass
2927,male,group D,high school,standard,False,9.6,7.2,80.0,83.0,78.0,public,True,86.6,100.0,80.33,B,Pass
2928,male,group C,high school,standard,False,4.0,4.0,71.0,89.0,54.0,public,True,84.6,100.0,71.33,B,Pass
2929,female,group D,master degree,standard,True,6.7,8.8,99.0,66.0,87.0,public,True,96.5,100.0,84.0,B,Pass
2930,male,group B,high school,standard,True,7.4,9.4,55.0,71.0,73.0,public,True,86.3,100.0,66.33,C,Pass
2931,female,group C,high school,free/reduced,True,13.9,6.0,50.0,83.0,67.0,public,True,86.0,100.0,66.67,C,Pass
2932,female,group A,high school,free/reduced,True,2.4,5.0,80.0,71.0,67.0,private,False,81.7,100.0,72.67,B,Pass
2933,male,group B,some college,free/reduced,True,9.9,8.0,68.0,81.0,99.0,public,False,83.6,100.0,82.67,B,Pass
2934,male,group E,high school,standard,True,9.6,7.1,60.0,64.0,65.0,private,True,85.0,100.0,63.0,C,Pass
2935,female,group C,associate degree,free/reduced,True,7.2,7.5,72.0,42.0,57.0,international,True,82.2,100.0,57.0,C,Pass
2936,female,group B,some college,standard,False,9.4,4.7,90.0,84.0,73.0,public,True,95.3,100.0,82.33,B,Pass
2937,female,group D,master degree,standard,False,21.9,6.3,78.0,80.0,82.0,public,True,84.0,100.0,80.0,B,Pass
2938,male,group B,high school,free/reduced,False,9.6,6.7,66.0,63.0,71.0,public,True,80.4,100.0,66.67,C,Pass
2939,female,group C,associate degree,free/reduced,False,1.6,8.5,89.0,56.0,47.0,international,True,72.4,100.0,64.0,C,Pass
2940,male,group E,bachelor degree,standard,True,6.5,9.8,65.0,59.0,61.0,public,True,77.7,100.0,61.67,C,Pass
2941,female,group D,associate degree,free/reduced,False,0.7,7.1,98.0,76.0,97.0,public,True,96.1,100.0,90.33,A,Pass
2942,male,group C,high school,free/reduced,False,5.9,7.8,63.0,76.0,55.0,private,True,78.5,100.0,64.67,C,Pass
2943,female,group D,high school,standard,False,5.9,8.5,82.0,59.0,70.0,public,True,86.3,100.0,70.33,B,Pass
2944,male,group C,high school,free/reduced,False,12.2,6.9,67.0,53.0,61.0,private,True,78.2,100.0,60.33,C,Pass
2945,male,group C,associate degree,standard,False,10.6,6.5,49.0,65.0,91.0,public,True,84.0,100.0,68.33,C,Pass
2946,female,group C,high school,free/reduced,False,0.0,5.9,49.0,67.0,71.0,private,True,74.1,100.0,62.33,C,Pass
2947,male,group C,high school,standard,False,1.0,8.2,57.0,75.0,76.0,public,False,83.2,100.0,69.33,C,Pass
2948,female,group A,master degree,free/reduced,False,12.4,8.5,76.0,64.0,86.0,public,True,70.2,100.0,75.33,B,Pass
2949,male,group A,high school,free/reduced,True,15.6,9.1,58.0,71.0,85.0,public,True,82.5,100.0,71.33,B,Pass
2950,female,group D,bachelor degree,standard,True,13.4,6.9,49.0,59.0,80.0,public,True,71.9,100.0,62.67,C,Pass
2951,male,group B,some college,standard,False,15.1,7.2,83.0,54.0,51.0,public,True,86.1,100.0,62.67,C,Pass
2952,female,group A,master degree,free/reduced,True,6.6,8.3,48.0,88.0,62.0,private,True,85.3,100.0,66.0,C,Pass
2953,female,group D,master degree,free/reduced,False,10.5,6.5,53.0,58.0,69.0,private,True,81.3,100.0,60.0,C,Pass
2954,male,group D,high school,free/reduced,False,8.9,7.0,52.0,74.0,52.0,public,True,86.3,100.0,59.33,C,Pass
2955,male,group D,master degree,standard,False,9.6,6.8,83.0,100.0,69.0,public,True,83.9,100.0,84.0,B,Pass
2956,female,group A,master degree,free/reduced,False,7.6,6.5,88.0,77.0,75.0,public,True,95.7,100.0,80.0,B,Pass
2957,male,group D,high school,standard,False,10.3,8.6,87.0,82.0,67.0,public,True,91.1,100.0,78.67,B,Pass
2958,female,group B,some college,standard,False,2.8,5.4,82.0,41.0,100.0,international,True,83.6,100.0,74.33,B,Pass
2959,female,group C,high school,standard,False,12.3,8.8,74.0,52.0,100.0,public,True,90.8,100.0,75.33,B,Pass
2960,male,group C,associate degree,standard,True,17.6,9.0,90.0,81.0,39.0,public,True,77.5,100.0,70.0,B,Pass
2961,male,group E,high school,standard,True,15.5,8.6,62.0,73.0,73.0,private,True,78.6,100.0,69.33,C,Pass
2962,male,group B,associate degree,free/reduced,True,15.4,8.5,59.0,51.0,78.0,private,True,77.0,100.0,62.67,C,Pass
2963,male,group C,high school,standard,True,1.6,7.8,100.0,70.0,71.0,public,True,84.5,100.0,80.33,B,Pass
2964,female,group B,master degree,standard,True,5.5,8.2,64.0,80.0,42.0,public,False,74.5,100.0,62.0,C,Pass
2965,male,group A,high school,free/reduced,False,15.4,7.6,60.0,96.0,89.0,public,True,93.8,100.0,81.67,B,Pass
2966,female,group D,master degree,free/reduced,True,6.5,7.3,83.0,71.0,75.0,public,True,84.1,100.0,76.33,B,Pass
2967,male,group D,some college,standard,True,4.9,7.2,52.0,88.0,49.0,international,True,82.0,100.0,63.0,C,Pass
2968,female,group B,high school,free/reduced,False,7.3,5.6,92.0,63.0,91.0,public,True,84.9,100.0,82.0,B,Pass
2969,male,group D,bachelor degree,standard,False,7.7,7.2,94.0,62.0,54.0,public,True,73.9,100.0,70.0,B,Pass
2970,male,group E,some college,standard,True,11.3,10.5,78.0,92.0,90.0,private,True,91.0,100.0,86.67,A,Pass
2971,male,group D,some college,standard,True,3.0,7.0,71.0,89.0,78.0,public,True,77.2,100.0,79.33,B,Pass
2972,female,group A,some college,standard,False,11.7,7.4,60.0,50.0,76.0,public,False,79.5,100.0,62.0,C,Pass
2973,male,group C,some college,standard,True,1.4,7.0,66.0,65.0,73.0,private,True,75.4,100.0,68.0,C,Pass
2974,male,group B,high school,standard,False,10.3,5.9,85.0,73.0,68.0,public,True,95.1,100.0,75.33,B,Pass
2975,male,group C,high school,standard,False,14.3,8.3,73.0,82.0,71.0,public,True,89.6,100.0,75.33,B,Pass
2976,female,group B,associate degree,standard,False,9.6,7.0,72.0,82.0,79.0,private,True,86.6,100.0,77.67,B,Pass
2977,female,group E,high school,standard,True,14.9,4.9,58.0,86.0,55.0,international,True,87.9,100.0,66.33,C,Pass
2978,male,group B,some college,standard,False,16.8,8.2,76.0,75.0,71.0,public,True,80.2,100.0,74.0,B,Pass
2979,female,group C,some college,standard,True,3.4,5.2,53.0,91.0,66.0,public,True,85.7,100.0,70.0,B,Pass
2980,male,group E,some college,standard,False,10.9,5.5,88.0,71.0,62.0,international,True,85.3,100.0,73.67,B,Pass
2981,female,group B,bachelor degree,standard,False,5.8,9.4,92.0,71.0,38.0,public,True,83.1,100.0,67.0,C,Pass
2982,female,group D,high school,standard,False,0.7,6.7,84.0,53.0,63.0,public,True,88.0,100.0,66.67,C,Pass
2983,male,group C,high school,standard,False,6.9,5.8,88.0,81.0,90.0,international,False,93.2,100.0,86.33,A,Pass
2984,male,group A,some college,standard,False,8.2,7.2,77.0,37.0,63.0,public,True,80.0,100.0,59.0,C,Pass
2985,female,group D,high school,standard,True,9.1,7.3,100.0,90.0,71.0,public,True,81.5,100.0,87.0,A,Pass
2986,female,group E,associate degree,standard,False,6.2,7.7,83.0,35.0,63.0,public,True,74.3,100.0,60.33,C,Pass
2987,female,group C,high school,standard,True,20.4,8.0,81.0,64.0,27.0,public,True,77.3,100.0,57.33,C,Pass
2988,male,group A,some college,free/reduced,False,13.5,6.1,62.0,68.0,66.0,public,True,81.6,100.0,65.33,C,Pass
2989,male,group D,high school,standard,False,11.1,9.2,85.0,89.0,87.0,private,True,84.1,100.0,87.0,A,Pass
2990,male,group D,high school,free/reduced,False,10.0,7.2,73.0,82.0,76.0,public,True,97.9,100.0,77.0,B,Pass
2991,male,group A,some college,free/reduced,False,7.9,7.1,55.0,70.0,67.0,international,True,88.2,100.0,64.0,C,Pass
2992,female,group D,some college,free/reduced,True,9.6,7.1,76.0,70.0,48.0,public,True,83.9,100.0,64.67,C,Pass
2993,male,group B,high school,standard,True,11.6,5.3,85.0,71.0,80.0,public,True,86.7,100.0,78.67,B,Pass
2994,male,group E,high school,standard,True,9.6,7.2,96.0,69.0,80.0,public,True,86.6,100.0,81.67,B,Pass
2995,female,group B,bachelor degree,free/reduced,True,9.6,8.9,74.0,57.0,71.0,private,True,77.0,100.0,67.33,C,Pass
2996,female,group C,associate degree,standard,True,8.1,9.2,82.0,82.0,64.0,public,True,85.8,100.0,76.0,B,Pass
2997,male,group C,high school,standard,False,16.9,7.6,46.0,71.0,75.0,international,True,81.8,100.0,64.0,C,Pass
2998,male,group C,high school,free/reduced,True,2.5,7.2,69.0,78.0,71.0,public,True,77.7,100.0,72.67,B,Pass
2999,female,group C,some college,standard,False,15.8,9.2,64.0,76.0,36.0,public,True,80.1,100.0,58.67,C,Pass
3000,male,group C,bachelor degree,standard,True,15.1,7.2,75.0,71.0,74.0,public,True,83.4,100.0,73.33,B,Pass
3001,female,group D,high school,free/reduced,True,11.2,7.2,100.0,75.0,68.0,public,True,77.9,100.0,81.0,B,Pass
3002,male,group C,master degree,standard,True,6.1,7.1,60.0,84.0,71.0,public,True,79.2,100.0,71.67,B,Pass
3003,male,group C,high school,standard,True,3.8,7.3,68.0,80.0,65.0,private,True,81.3,100.0,71.0,B,Pass
3004,female,group E,bachelor degree,standard,True,15.1,8.4,78.0,100.0,74.0,public,True,98.0,100.0,84.0,B,Pass
3005,female,group C,master degree,free/reduced,False,9.4,7.6,67.0,51.0,70.0,public,True,82.8,100.0,62.67,C,Pass
3006,female,group E,associate degree,free/reduced,False,6.0,7.8,62.0,94.0,94.0,public,True,81.7,100.0,83.33,B,Pass
3007,male,group B,some college,standard,True,14.8,7.2,45.0,42.0,63.0,public,False,77.4,100.0,50.0,D,Pass
3008,male,group D,associate degree,standard,False,10.6,9.3,70.0,75.0,70.0,private,True,75.9,100.0,71.67,B,Pass
3009,female,group E,associate degree,free/reduced,False,13.3,8.2,49.0,84.0,56.0,international,True,85.6,100.0,63.0,C,Pass
3010,male,group C,associate degree,standard,False,13.0,7.8,32.0,58.0,71.0,public,True,74.0,100.0,53.67,D,Pass
3011,male,group D,associate degree,standard,True,8.5,5.5,87.0,78.0,75.0,private,True,86.5,100.0,80.0,B,Pass
3012,male,group D,some college,standard,True,9.6,8.5,79.0,74.0,39.0,international,False,87.2,100.0,64.0,C,Pass
3013,male,group E,high school,free/reduced,True,14.8,6.6,55.0,56.0,82.0,public,True,74.3,100.0,64.33,C,Pass
3014,female,group B,some college,free/reduced,True,10.9,6.4,77.0,71.0,86.0,public,True,79.2,100.0,78.0,B,Pass
3015,male,group C,some college,free/reduced,False,20.5,7.7,64.0,62.0,66.0,private,True,77.7,100.0,64.0,C,Pass
3016,male,group C,some college,standard,True,14.8,7.1,77.0,74.0,46.0,public,True,86.5,100.0,65.67,C,Pass
3017,male,group C,some college,standard,False,9.6,6.3,68.0,58.0,83.0,private,False,75.3,100.0,69.67,C,Pass
3018,male,group A,high school,standard,True,10.4,6.7,66.0,82.0,79.0,public,True,71.1,100.0,75.67,B,Pass
3019,female,group B,high school,free/reduced,True,5.0,7.8,63.0,80.0,56.0,public,True,79.3,100.0,66.33,C,Pass
3020,male,group E,bachelor degree,standard,True,10.3,7.2,82.0,53.0,68.0,private,False,84.8,100.0,67.67,C,Pass
3021,male,group D,master degree,standard,False,9.6,6.5,80.0,51.0,71.0,public,True,87.8,100.0,67.33,C,Pass
3022,female,group C,high school,standard,False,17.0,8.0,72.0,71.0,69.0,international,True,80.8,100.0,70.67,B,Pass
3023,female,group B,master degree,standard,False,5.3,7.2,69.0,53.0,57.0,public,True,76.8,100.0,59.67,C,Pass
3024,male,group C,associate degree,standard,False,16.5,6.5,59.0,72.0,49.0,public,True,84.8,100.0,60.0,C,Pass
3025,female,group D,bachelor degree,free/reduced,False,9.6,7.2,63.0,76.0,75.0,private,True,74.2,100.0,71.33,B,Pass
3026,female,group A,high school,standard,False,3.4,5.2,91.0,96.0,65.0,international,True,86.7,100.0,84.0,B,Pass
3027,male,group B,bachelor degree,standard,True,5.6,7.3,74.0,63.0,80.0,public,True,84.9,100.0,72.33,B,Pass
3028,male,group C,high school,standard,False,10.5,8.6,68.0,79.0,84.0,public,True,88.0,100.0,77.0,B,Pass
3029,male,group B,high school,free/reduced,False,14.0,7.2,43.0,68.0,74.0,public,True,77.1,100.0,61.67,C,Pass
3030,female,group B,high school,free/reduced,False,8.9,5.5,74.0,61.0,71.0,public,True,82.5,100.0,68.67,C,Pass
3031,male,group C,high school,standard,False,4.3,7.3,68.0,73.0,79.0,international,True,71.9,100.0,73.33,B,Pass
3032,female,group C,some college,standard,False,16.2,7.5,100.0,79.0,68.0,public,True,84.6,100.0,82.33,B,Pass
3033,male,group B,master degree,standard,False,9.6,5.5,70.0,73.0,52.0,public,True,83.3,100.0,65.0,C,Pass
3034,male,group B,master degree,standard,False,11.7,8.5,80.0,71.0,67.0,public,True,79.2,100.0,72.67,B,Pass
3035,male,group B,some college,standard,True,9.6,7.6,54.0,57.0,74.0,private,True,80.0,100.0,61.67,C,Pass
3036,male,group D,some college,standard,False,7.2,9.7,92.0,65.0,49.0,international,True,84.7,100.0,68.67,C,Pass
3037,male,group C,bachelor degree,free/reduced,False,5.8,7.2,31.0,53.0,93.0,public,True,76.9,100.0,59.0,C,Pass
3038,male,group C,high school,standard,False,9.6,6.0,44.0,82.0,65.0,public,True,81.3,100.0,63.67,C,Pass
3039,male,group A,high school,standard,False,6.8,9.3,63.0,71.0,64.0,public,True,76.5,100.0,66.0,C,Pass
3040,male,group C,high school,standard,False,11.0,6.4,73.0,68.0,52.0,public,True,79.7,100.0,64.33,C,Pass
3041,female,group E,bachelor degree,standard,False,11.7,4.5,43.0,74.0,73.0,public,True,83.4,100.0,63.33,C,Pass
3042,male,group B,associate degree,standard,True,8.0,8.5,69.0,71.0,93.0,public,True,86.7,100.0,77.67,B,Pass
3043,male,group B,high school,standard,False,6.6,6.6,75.0,71.0,58.0,private,True,79.1,100.0,68.0,C,Pass
3044,male,group D,high school,standard,True,13.2,7.4,63.0,72.0,85.0,public,True,85.5,100.0,73.33,B,Pass
3045,male,group A,high school,free/reduced,False,7.4,8.1,40.0,99.0,79.0,public,True,87.6,100.0,72.67,B,Pass
3046,male,group E,high school,free/reduced,True,9.2,7.2,80.0,89.0,63.0,public,True,75.7,100.0,77.33,B,Pass
3047,female,group B,bachelor degree,standard,False,9.6,8.8,80.0,74.0,85.0,public,True,92.7,100.0,79.67,B,Pass
3048,female,group B,bachelor degree,standard,True,5.2,7.2,81.0,74.0,74.0,public,True,83.9,100.0,76.33,B,Pass
3049,male,group B,some college,standard,True,13.0,6.6,58.0,78.0,69.0,public,True,84.5,100.0,68.33,C,Pass
3050,male,group D,some college,free/reduced,False,14.2,7.9,69.0,53.0,66.0,public,True,86.1,100.0,62.67,C,Pass
3051,male,group C,high school,standard,True,18.5,10.5,95.0,77.0,57.0,public,True,78.7,100.0,76.33,B,Pass
3052,female,group E,high school,standard,True,6.3,7.2,64.0,81.0,74.0,private,True,80.7,100.0,73.0,B,Pass
3053,female,group C,associate degree,standard,True,9.6,6.8,96.0,68.0,81.0,public,True,86.2,100.0,81.67,B,Pass
3054,female,group D,high school,free/reduced,False,9.6,7.2,100.0,62.0,81.0,public,True,83.5,100.0,81.0,B,Pass
3055,male,group C,high school,standard,False,7.7,6.7,65.0,72.0,67.0,public,True,90.9,100.0,68.0,C,Pass
3056,female,group C,associate degree,free/reduced,True,8.6,7.2,61.0,77.0,69.0,international,False,78.3,100.0,69.0,C,Pass
3057,female,group E,high school,standard,False,8.2,8.1,82.0,85.0,74.0,public,True,84.4,100.0,80.33,B,Pass
3058,female,group B,high school,standard,True,8.5,7.2,82.0,78.0,51.0,public,True,84.2,100.0,70.33,B,Pass
3059,male,group C,bachelor degree,standard,False,9.0,8.0,73.0,79.0,48.0,public,True,75.7,100.0,66.67,C,Pass
3060,male,group B,associate degree,standard,False,19.4,5.8,64.0,58.0,80.0,public,True,80.0,100.0,67.33,C,Pass
3061,female,group B,high school,standard,True,7.2,8.3,65.0,56.0,99.0,public,True,85.9,100.0,73.33,B,Pass
3062,female,group A,bachelor degree,free/reduced,True,11.1,8.0,68.0,71.0,61.0,public,False,79.9,100.0,66.67,C,Pass
3063,female,group B,bachelor degree,free/reduced,False,8.1,5.7,71.0,70.0,48.0,public,True,79.7,100.0,63.0,C,Pass
3064,female,group C,some college,standard,False,5.8,5.8,59.0,50.0,58.0,public,True,74.6,100.0,55.67,C,Pass
3065,male,group B,high school,free/reduced,False,6.9,8.7,69.0,68.0,66.0,public,True,74.5,100.0,67.67,C,Pass
3066,female,group D,master degree,standard,True,16.1,6.7,79.0,59.0,41.0,public,True,80.5,100.0,59.67,C,Pass
3067,female,group A,master degree,free/reduced,False,15.2,5.9,71.0,69.0,82.0,public,True,93.4,100.0,74.0,B,Pass
3068,female,group A,associate degree,free/reduced,True,6.1,7.4,95.0,70.0,71.0,international,True,86.6,100.0,78.67,B,Pass
3069,female,group A,high school,standard,False,12.7,6.0,89.0,71.0,45.0,private,True,83.3,100.0,68.33,C,Pass
3070,male,group B,high school,standard,False,13.8,9.5,60.0,70.0,81.0,public,True,86.6,100.0,70.33,B,Pass
3071,female,group C,associate degree,standard,False,6.9,6.5,52.0,88.0,60.0,public,True,75.3,100.0,66.67,C,Pass
3072,female,group A,some college,free/reduced,False,9.6,6.4,50.0,51.0,59.0,private,True,84.8,100.0,53.33,D,Pass
3073,male,group C,some college,free/reduced,True,8.3,6.7,40.0,70.0,55.0,public,True,78.0,100.0,55.0,C,Pass
3074,female,group C,high school,free/reduced,True,11.3,7.0,65.0,94.0,77.0,public,True,94.6,100.0,78.67,B,Pass
3075,female,group E,bachelor degree,standard,True,4.3,6.2,67.0,63.0,73.0,private,True,78.4,100.0,67.67,C,Pass
3076,female,group C,bachelor degree,standard,False,10.7,6.8,50.0,58.0,65.0,public,True,87.2,100.0,57.67,C,Pass
3077,female,group C,some college,standard,False,9.6,3.0,65.0,71.0,91.0,public,True,89.0,100.0,75.67,B,Pass
3078,female,group A,high school,standard,False,8.6,6.0,63.0,85.0,85.0,public,True,88.8,100.0,77.67,B,Pass
3079,female,group C,bachelor degree,standard,True,11.2,5.8,67.0,72.0,72.0,public,True,84.3,100.0,70.33,B,Pass
3080,female,group C,some college,standard,True,14.6,7.2,68.0,64.0,76.0,public,True,81.5,100.0,69.33,C,Pass
3081,male,group A,high school,standard,True,14.1,5.3,56.0,71.0,95.0,public,True,90.5,100.0,74.0,B,Pass
3082,male,group B,associate degree,free/reduced,False,5.8,7.2,69.0,81.0,67.0,private,True,84.6,100.0,72.33,B,Pass
3083,male,group C,high school,standard,False,13.8,8.6,67.0,95.0,61.0,public,True,74.9,100.0,74.33,B,Pass
3084,male,group C,some college,free/reduced,True,6.6,7.6,59.0,71.0,84.0,public,True,77.8,100.0,71.33,B,Pass
3085,female,group D,some college,standard,False,10.1,7.9,54.0,71.0,65.0,private,True,79.3,100.0,63.33,C,Pass
3086,female,group D,some college,standard,True,12.1,7.9,68.0,78.0,72.0,public,True,85.6,100.0,72.67,B,Pass
3087,female,group B,high school,standard,False,14.0,6.2,57.0,73.0,90.0,public,True,84.1,100.0,73.33,B,Pass
3088,female,group E,some college,free/reduced,False,8.7,7.3,60.0,65.0,85.0,international,True,89.1,100.0,70.0,B,Pass
3089,male,group D,high school,standard,False,1.8,6.4,48.0,93.0,77.0,public,True,74.3,100.0,72.67,B,Pass
3090,male,group D,some college,free/reduced,False,17.4,7.3,55.0,58.0,76.0,public,False,80.9,100.0,63.0,C,Pass
3091,male,group C,bachelor degree,standard,False,10.7,6.6,78.0,71.0,66.0,public,True,74.4,100.0,71.67,B,Pass
3092,male,group B,bachelor degree,standard,True,12.7,7.7,81.0,66.0,94.0,public,True,90.9,100.0,80.33,B,Pass
3093,female,group D,some college,free/reduced,False,10.6,11.0,89.0,76.0,81.0,public,True,87.3,100.0,82.0,B,Pass
3094,female,group A,master degree,free/reduced,False,12.3,5.3,72.0,78.0,49.0,public,False,83.6,100.0,66.33,C,Pass
3095,female,group C,associate degree,standard,False,15.6,6.7,73.0,63.0,50.0,public,False,75.5,100.0,62.0,C,Pass
3096,male,group B,high school,standard,True,9.4,5.3,83.0,59.0,67.0,public,True,89.3,100.0,69.67,C,Pass
3097,male,group D,associate degree,free/reduced,True,7.0,6.9,54.0,71.0,71.0,public,True,86.2,100.0,65.33,C,Pass
3098,male,group D,some college,free/reduced,False,3.0,6.0,75.0,71.0,73.0,private,False,87.0,100.0,73.0,B,Pass
3099,male,group E,some college,standard,True,8.2,8.1,55.0,60.0,59.0,public,True,77.6,100.0,58.0,C,Pass
3100,female,group E,associate degree,standard,False,9.8,7.6,74.0,93.0,66.0,public,True,89.0,100.0,77.67,B,Pass
3101,male,group B,high school,free/reduced,True,6.2,8.6,79.0,85.0,62.0,international,True,81.6,100.0,75.33,B,Pass
3102,male,group A,high school,free/reduced,False,18.1,5.0,69.0,69.0,68.0,public,True,86.7,100.0,68.67,C,Pass
3103,female,group C,bachelor degree,free/reduced,True,17.6,6.9,71.0,75.0,83.0,public,True,93.8,100.0,76.33,B,Pass
3104,female,group E,bachelor degree,standard,False,11.4,9.1,65.0,96.0,66.0,private,True,90.6,100.0,75.67,B,Pass
3105,female,group B,high school,standard,False,9.6,8.0,78.0,100.0,61.0,private,False,83.2,100.0,79.67,B,Pass
3106,male,group A,high school,standard,False,13.3,5.1,85.0,60.0,82.0,public,True,87.1,100.0,75.67,B,Pass
3107,male,group E,high school,free/reduced,True,8.5,7.5,84.0,56.0,65.0,public,True,75.9,100.0,68.33,C,Pass
3108,male,group C,some college,standard,True,17.7,8.7,86.0,90.0,68.0,private,True,90.4,100.0,81.33,B,Pass
3109,female,group B,some college,standard,False,22.2,6.6,56.0,91.0,24.0,private,True,80.1,100.0,57.0,C,Pass
3110,female,group E,high school,standard,False,8.5,7.0,77.0,88.0,80.0,public,True,78.3,100.0,81.67,B,Pass
3111,male,group B,high school,standard,False,6.1,8.0,43.0,76.0,51.0,public,False,71.9,100.0,56.67,C,Pass
3112,female,group E,high school,free/reduced,False,7.0,7.8,91.0,67.0,82.0,international,True,85.6,100.0,80.0,B,Pass
3113,female,group B,associate degree,standard,True,3.3,7.5,73.0,83.0,85.0,public,True,85.6,100.0,80.33,B,Pass
3114,male,group E,associate degree,standard,False,13.4,6.3,76.0,85.0,81.0,private,True,81.2,100.0,80.67,B,Pass
3115,female,group B,high school,standard,False,16.7,6.8,59.0,78.0,74.0,public,True,85.1,100.0,70.33,B,Pass
3116,female,group D,some college,standard,True,10.2,8.6,40.0,46.0,99.0,public,True,80.9,100.0,61.67,C,Pass
3117,female,group B,associate degree,standard,False,4.5,7.4,69.0,77.0,64.0,public,True,82.0,100.0,70.0,B,Pass
3118,male,group D,bachelor degree,free/reduced,True,19.6,7.8,95.0,26.0,48.0,private,True,73.8,100.0,56.33,C,Pass
3119,female,group A,master degree,free/reduced,True,5.1,5.8,63.0,79.0,69.0,private,True,88.4,100.0,70.33,B,Pass
3120,male,group B,some college,free/reduced,False,16.2,8.4,51.0,83.0,72.0,public,True,90.7,100.0,68.67,C,Pass
3121,female,group E,bachelor degree,standard,True,13.3,8.3,78.0,72.0,96.0,public,True,85.4,100.0,82.0,B,Pass
3122,male,group B,high school,standard,False,1.5,3.7,73.0,52.0,73.0,public,True,78.3,100.0,66.0,C,Pass
3123,female,group A,high school,free/reduced,False,5.8,7.2,86.0,75.0,66.0,private,True,87.7,100.0,75.67,B,Pass
3124,male,group D,master degree,standard,True,2.5,7.5,72.0,45.0,53.0,public,True,75.9,100.0,56.67,C,Pass
3125,male,group B,associate degree,free/reduced,False,13.5,4.6,64.0,84.0,76.0,public,False,84.2,100.0,74.67,B,Pass
3126,female,group D,bachelor degree,standard,True,9.0,5.6,69.0,53.0,70.0,public,True,84.3,100.0,64.0,C,Pass
3127,male,group B,master degree,free/reduced,False,4.1,8.1,70.0,100.0,81.0,public,True,78.9,100.0,83.67,B,Pass
3128,female,group B,master degree,standard,True,11.1,6.8,56.0,83.0,50.0,international,True,86.8,100.0,63.0,C,Pass
3129,male,group D,some college,standard,False,5.7,8.8,68.0,62.0,63.0,international,False,81.1,100.0,64.33,C,Pass
3130,male,group D,high school,standard,False,5.1,7.2,70.0,66.0,69.0,public,True,80.3,100.0,68.33,C,Pass
3131,male,group A,some college,free/reduced,True,14.9,5.7,74.0,98.0,65.0,public,True,86.2,100.0,79.0,B,Pass
3132,male,group A,high school,standard,True,17.2,7.2,97.0,72.0,49.0,private,True,83.9,100.0,72.67,B,Pass
3133,male,group B,some college,standard,False,8.1,8.2,72.0,71.0,69.0,public,True,74.6,100.0,70.67,B,Pass
3134,male,group D,high school,standard,False,10.7,6.9,88.0,62.0,62.0,international,True,90.7,100.0,70.67,B,Pass
3135,male,group D,associate degree,standard,False,3.9,7.2,70.0,73.0,73.0,public,True,84.0,100.0,72.0,B,Pass
3136,male,group C,associate degree,standard,True,12.0,7.7,79.0,81.0,90.0,public,True,90.5,100.0,83.33,B,Pass
3137,female,group D,high school,standard,False,6.6,5.4,56.0,86.0,63.0,private,True,87.1,100.0,68.33,C,Pass
3138,female,group E,high school,standard,True,8.2,6.8,43.0,57.0,72.0,public,True,72.8,100.0,57.33,C,Pass
3139,female,group C,high school,standard,False,11.9,6.3,65.0,51.0,72.0,international,False,82.4,100.0,62.67,C,Pass
3140,female,group A,high school,standard,False,6.7,4.1,69.0,75.0,85.0,international,False,84.2,100.0,76.33,B,Pass
3141,female,group D,some college,standard,False,7.9,4.9,81.0,58.0,87.0,public,True,89.4,100.0,75.33,B,Pass
3142,female,group B,bachelor degree,free/reduced,True,12.6,7.2,58.0,85.0,68.0,private,True,72.5,100.0,70.33,B,Pass
3143,female,group E,master degree,free/reduced,True,3.9,9.2,78.0,68.0,66.0,public,True,82.8,100.0,70.67,B,Pass
3144,female,group A,associate degree,free/reduced,False,9.6,8.0,68.0,65.0,70.0,public,True,79.1,100.0,67.67,C,Pass
3145,male,group E,high school,free/reduced,False,2.3,5.7,68.0,61.0,51.0,private,True,81.2,100.0,60.0,C,Pass
3146,female,group D,high school,free/reduced,False,3.5,7.0,77.0,52.0,92.0,public,True,86.8,100.0,73.67,B,Pass
3147,female,group D,high school,free/reduced,True,14.7,7.5,69.0,70.0,83.0,private,True,81.1,100.0,74.0,B,Pass
3148,male,group B,some college,standard,False,18.5,5.6,61.0,80.0,59.0,public,True,78.1,100.0,66.67,C,Pass
3149,male,group C,master degree,standard,True,17.7,9.1,66.0,79.0,69.0,private,True,83.0,100.0,71.33,B,Pass
3150,female,group C,high school,free/reduced,True,7.2,5.8,77.0,47.0,62.0,public,True,75.3,100.0,62.0,C,Pass
3151,female,group C,high school,standard,True,19.5,7.3,72.0,60.0,71.0,private,True,86.3,100.0,67.67,C,Pass
3152,male,group B,high school,standard,False,7.8,7.6,79.0,75.0,71.0,public,True,83.2,100.0,75.0,B,Pass
3153,male,group B,associate degree,standard,True,6.3,7.6,77.0,88.0,74.0,public,True,72.3,100.0,79.67,B,Pass
3154,male,group B,associate degree,standard,False,15.3,6.8,42.0,69.0,54.0,public,True,75.1,100.0,55.0,C,Pass
3155,female,group C,some college,free/reduced,False,13.6,6.5,42.0,88.0,66.0,public,True,75.9,100.0,65.33,C,Pass
3156,female,group C,high school,standard,False,0.7,8.2,68.0,50.0,71.0,international,False,72.0,100.0,63.0,C,Pass
3157,female,group C,some college,standard,True,13.1,6.4,98.0,78.0,71.0,international,True,81.6,100.0,82.33,B,Pass
3158,female,group C,bachelor degree,free/reduced,False,5.8,6.5,72.0,83.0,73.0,private,True,85.9,100.0,76.0,B,Pass
3159,male,group D,high school,free/reduced,False,6.8,7.8,46.0,59.0,62.0,public,True,83.9,100.0,55.67,C,Pass
3160,female,group C,bachelor degree,standard,False,4.8,7.2,51.0,61.0,95.0,public,True,84.2,100.0,69.0,C,Pass
3161,male,group E,high school,standard,False,16.8,7.2,90.0,88.0,100.0,international,True,89.0,100.0,92.67,A,Pass
3162,female,group C,high school,standard,False,19.8,7.5,83.0,57.0,75.0,public,True,85.9,100.0,71.67,B,Pass
3163,female,group E,high school,standard,False,9.6,8.3,51.0,97.0,66.0,public,True,81.2,100.0,71.33,B,Pass
3164,female,group B,some college,standard,False,10.3,8.4,50.0,76.0,92.0,public,False,80.6,100.0,72.67,B,Pass
3165,male,group C,master degree,standard,True,5.7,4.0,88.0,91.0,62.0,public,True,81.4,100.0,80.33,B,Pass
3166,male,group D,some college,free/reduced,True,12.7,8.0,86.0,71.0,73.0,private,False,76.9,100.0,76.67,B,Pass
3167,male,group D,high school,standard,True,9.6,6.8,75.0,81.0,91.0,public,True,86.0,100.0,82.33,B,Pass
3168,male,group B,some college,free/reduced,True,13.6,9.0,43.0,75.0,83.0,international,True,82.6,100.0,67.0,C,Pass
3169,male,group C,associate degree,standard,False,6.7,7.4,67.0,90.0,71.0,private,True,84.8,100.0,76.0,B,Pass
3170,male,group A,high school,standard,False,2.0,7.1,52.0,76.0,71.0,public,True,79.3,100.0,66.33,C,Pass
3171,female,group B,associate degree,free/reduced,True,5.2,8.7,67.0,62.0,74.0,private,True,77.3,100.0,67.67,C,Pass
3172,female,group B,some college,standard,False,16.5,8.1,66.0,82.0,41.0,international,True,83.2,100.0,63.0,C,Pass
3173,male,group C,high school,free/reduced,False,5.2,6.2,78.0,49.0,62.0,public,True,73.6,100.0,63.0,C,Pass
3174,male,group C,high school,free/reduced,False,9.6,6.8,59.0,84.0,76.0,public,True,88.1,100.0,73.0,B,Pass
3175,male,group B,high school,standard,True,0.0,6.5,56.0,71.0,56.0,public,False,74.3,100.0,61.0,C,Pass
3176,female,group C,high school,standard,True,9.4,8.4,43.0,80.0,61.0,international,True,75.8,100.0,61.33,C,Pass
3177,female,group D,some college,standard,False,4.0,9.7,66.0,88.0,65.0,public,True,76.9,100.0,73.0,B,Pass
3178,male,group D,bachelor degree,standard,False,6.4,6.7,96.0,60.0,71.0,private,True,82.6,100.0,75.67,B,Pass
3179,female,group E,high school,standard,True,9.6,9.3,53.0,27.0,72.0,public,True,80.1,100.0,50.67,D,Pass
3180,female,group C,high school,free/reduced,True,15.5,6.2,75.0,61.0,81.0,public,True,86.5,100.0,72.33,B,Pass
3181,male,group B,high school,standard,False,9.6,7.4,82.0,69.0,88.0,public,True,91.8,100.0,79.67,B,Pass
3182,female,group D,some college,free/reduced,True,12.8,7.2,76.0,81.0,98.0,public,True,91.6,100.0,85.0,A,Pass
3183,male,group E,high school,standard,True,8.7,5.7,65.0,75.0,74.0,public,True,78.0,100.0,71.33,B,Pass
3184,male,group C,some college,free/reduced,True,12.5,6.8,55.0,77.0,89.0,private,True,82.8,100.0,73.67,B,Pass
3185,male,group E,some college,standard,True,10.8,6.6,64.0,68.0,65.0,public,True,77.4,100.0,65.67,C,Pass
3186,female,group E,master degree,standard,False,11.5,8.7,54.0,63.0,69.0,public,True,86.5,100.0,62.0,C,Pass
3187,female,group D,master degree,standard,False,11.0,9.1,89.0,81.0,89.0,public,True,83.5,100.0,86.33,A,Pass
3188,male,group A,some college,standard,False,7.9,6.6,59.0,83.0,72.0,public,True,88.0,100.0,71.33,B,Pass
3189,male,group C,some college,free/reduced,False,15.8,7.8,46.0,68.0,43.0,public,True,80.4,100.0,52.33,D,Pass
3190,male,group E,bachelor degree,free/reduced,True,14.2,8.8,66.0,65.0,60.0,public,True,89.6,100.0,63.67,C,Pass
3191,female,group D,master degree,standard,False,10.7,4.1,81.0,73.0,85.0,public,False,84.8,100.0,79.67,B,Pass
3192,male,group C,high school,free/reduced,True,10.3,8.2,63.0,73.0,69.0,public,False,85.9,100.0,68.33,C,Pass
3193,female,group C,master degree,standard,False,13.3,7.7,64.0,67.0,65.0,public,True,92.5,100.0,65.33,C,Pass
3194,male,group B,associate degree,standard,False,10.5,9.5,70.0,52.0,76.0,public,False,78.3,100.0,66.0,C,Pass
3195,male,group C,some college,standard,False,8.7,7.2,63.0,78.0,64.0,international,True,74.7,100.0,68.33,C,Pass
3196,male,group B,associate degree,standard,True,17.6,6.4,88.0,71.0,65.0,private,True,75.3,100.0,74.67,B,Pass
3197,female,group A,bachelor degree,standard,True,11.1,8.1,90.0,69.0,61.0,public,True,87.9,100.0,73.33,B,Pass
3198,male,group D,some college,standard,False,9.6,7.1,67.0,100.0,63.0,private,True,76.3,100.0,76.67,B,Pass
3199,female,group E,some college,standard,False,9.0,8.7,73.0,62.0,70.0,public,True,80.5,100.0,68.33,C,Pass
3200,female,group B,bachelor degree,standard,False,8.9,8.3,75.0,81.0,78.0,public,True,88.4,100.0,78.0,B,Pass
3201,female,group E,some college,free/reduced,False,11.1,6.2,84.0,92.0,63.0,public,False,87.8,100.0,79.67,B,Pass
3202,female,group E,bachelor degree,free/reduced,False,16.9,6.0,68.0,67.0,59.0,public,True,83.0,100.0,64.67,C,Pass
3203,female,group E,high school,free/reduced,False,6.6,7.3,76.0,66.0,77.0,public,True,85.3,100.0,73.0,B,Pass
3204,male,group C,high school,standard,True,1.3,7.4,44.0,71.0,70.0,private,False,85.9,100.0,61.67,C,Pass
3205,male,group C,some college,standard,True,13.5,7.3,72.0,83.0,77.0,public,False,81.2,100.0,77.33,B,Pass
3206,female,group D,bachelor degree,standard,True,9.6,9.8,79.0,80.0,80.0,private,True,83.5,100.0,79.67,B,Pass
3207,female,group E,some college,standard,False,11.5,6.9,94.0,76.0,61.0,public,True,81.9,100.0,77.0,B,Pass
3208,female,group D,some college,standard,False,7.1,8.4,90.0,53.0,83.0,international,True,89.3,100.0,75.33,B,Pass
3209,male,group C,some college,standard,False,10.1,7.2,51.0,80.0,85.0,public,True,88.3,100.0,72.0,B,Pass
3210,female,group C,high school,standard,True,2.5,6.8,70.0,37.0,34.0,public,True,76.1,100.0,47.0,D,Pass
3211,female,group C,associate degree,standard,False,11.5,8.1,55.0,91.0,60.0,public,True,88.4,100.0,68.67,C,Pass
3212,male,group D,high school,standard,True,10.8,6.5,72.0,84.0,87.0,public,True,81.5,100.0,81.0,B,Pass
3213,female,group B,high school,free/reduced,False,3.3,9.0,72.0,64.0,79.0,public,True,92.0,100.0,71.67,B,Pass
3214,female,group B,associate degree,standard,True,13.1,5.9,100.0,75.0,100.0,private,True,99.3,100.0,91.67,A,Pass
3215,male,group E,bachelor degree,standard,True,5.6,6.7,56.0,82.0,84.0,public,True,88.3,100.0,74.0,B,Pass
3216,female,group C,associate degree,standard,True,7.4,7.8,90.0,70.0,78.0,public,True,95.6,100.0,79.33,B,Pass
3217,female,group E,high school,standard,False,10.7,6.2,40.0,80.0,81.0,public,True,73.5,100.0,67.0,C,Pass
3218,male,group A,high school,standard,False,6.5,7.2,72.0,64.0,44.0,international,True,76.4,100.0,60.0,C,Pass
3219,male,group C,high school,standard,False,12.5,8.3,59.0,74.0,71.0,public,True,78.4,100.0,68.0,C,Pass
3220,female,group D,bachelor degree,standard,True,8.4,7.2,60.0,62.0,82.0,international,True,85.8,100.0,68.0,C,Pass
3221,female,group E,high school,free/reduced,True,9.6,7.3,92.0,91.0,69.0,private,True,83.3,100.0,84.0,B,Pass
3222,female,group D,high school,standard,True,18.3,6.9,75.0,55.0,60.0,public,True,84.1,100.0,63.33,C,Pass
3223,female,group E,bachelor degree,standard,False,12.2,4.4,80.0,75.0,71.0,private,True,92.0,100.0,75.33,B,Pass
3224,male,group E,bachelor degree,standard,False,12.5,7.4,3.0,85.0,73.0,private,True,79.9,100.0,53.67,D,Pass
3225,male,group B,bachelor degree,standard,True,0.9,5.9,67.0,98.0,55.0,public,True,85.8,100.0,73.33,B,Pass
3226,female,group C,some college,standard,True,6.5,5.7,63.0,78.0,64.0,public,True,77.4,100.0,68.33,C,Pass
3227,female,group E,master degree,standard,False,9.6,10.3,55.0,64.0,59.0,public,True,74.5,100.0,59.33,C,Pass
3228,male,group D,master degree,standard,True,5.6,7.6,65.0,86.0,86.0,private,True,92.8,100.0,79.0,B,Pass
3229,male,group C,high school,standard,False,8.6,7.5,87.0,48.0,65.0,public,True,85.6,100.0,66.67,C,Pass
3230,male,group E,bachelor degree,free/reduced,False,17.6,7.4,75.0,63.0,65.0,private,True,81.9,100.0,67.67,C,Pass
3231,female,group C,bachelor degree,standard,True,8.0,6.1,75.0,71.0,63.0,private,True,80.6,100.0,69.67,C,Pass
3232,male,group B,master degree,standard,True,14.4,9.0,54.0,71.0,44.0,public,True,67.3,100.0,56.33,C,Pass
3233,male,group E,master degree,standard,False,18.8,8.7,82.0,71.0,94.0,international,True,82.4,100.0,82.33,B,Pass
3234,male,group B,high school,free/reduced,True,17.2,8.1,96.0,91.0,81.0,public,True,100.0,100.0,89.33,A,Pass
3235,male,group A,bachelor degree,standard,True,4.4,7.2,62.0,92.0,60.0,public,True,77.1,100.0,71.33,B,Pass
3236,female,group E,some college,standard,False,10.0,6.4,56.0,71.0,74.0,public,False,82.6,100.0,67.0,C,Pass
3237,male,group B,high school,standard,True,12.2,8.4,47.0,59.0,86.0,public,True,85.6,100.0,64.0,C,Pass
3238,male,group A,some college,free/reduced,True,4.7,8.2,74.0,58.0,58.0,public,True,74.1,100.0,63.33,C,Pass
3239,male,group C,high school,standard,False,4.4,6.9,73.0,64.0,67.0,international,True,83.1,100.0,68.0,C,Pass
3240,male,group A,some college,free/reduced,True,7.9,6.7,73.0,71.0,55.0,public,True,86.2,100.0,66.33,C,Pass
3241,female,group C,associate degree,standard,False,11.1,9.8,57.0,57.0,83.0,public,True,81.3,100.0,65.67,C,Pass
3242,male,group B,high school,standard,False,17.4,6.7,70.0,65.0,73.0,private,True,97.1,100.0,69.33,C,Pass
3243,female,group B,associate degree,standard,False,6.4,7.3,86.0,80.0,73.0,public,False,78.5,100.0,79.67,B,Pass
3244,male,group B,associate degree,standard,True,8.2,8.3,67.0,56.0,57.0,public,True,84.3,100.0,60.0,C,Pass
3245,male,group C,some college,free/reduced,True,9.6,6.3,74.0,71.0,81.0,public,True,84.1,100.0,75.33,B,Pass
3246,female,group E,some college,free/reduced,False,3.2,8.8,52.0,85.0,53.0,public,True,84.2,100.0,63.33,C,Pass
3247,male,group B,high school,standard,True,3.4,7.8,40.0,71.0,58.0,public,True,79.7,100.0,56.33,C,Pass
3248,female,group E,high school,free/reduced,True,12.3,6.6,50.0,58.0,89.0,private,True,77.6,100.0,65.67,C,Pass
3249,female,group B,high school,standard,True,9.1,4.9,83.0,88.0,68.0,private,True,88.0,100.0,79.67,B,Pass
3250,female,group A,master degree,free/reduced,False,15.3,7.1,88.0,80.0,61.0,public,True,76.2,100.0,76.33,B,Pass
3251,male,group C,bachelor degree,standard,True,7.1,4.9,45.0,50.0,54.0,public,True,77.9,100.0,49.67,D,Pass
3252,female,group D,master degree,standard,False,11.2,7.9,55.0,57.0,67.0,private,False,80.4,100.0,59.67,C,Pass
3253,male,group D,bachelor degree,free/reduced,False,17.4,5.4,62.0,69.0,51.0,public,True,82.5,100.0,60.67,C,Pass
3254,male,group C,high school,standard,False,12.2,10.6,71.0,73.0,69.0,private,True,88.7,100.0,71.0,B,Pass
3255,female,group E,high school,standard,False,16.2,7.2,96.0,72.0,56.0,public,True,86.7,100.0,74.67,B,Pass
3256,female,group C,high school,standard,True,13.3,6.1,65.0,55.0,82.0,public,True,82.7,100.0,67.33,C,Pass
3257,female,group E,associate degree,free/reduced,False,9.4,8.2,54.0,71.0,85.0,public,True,78.6,100.0,70.0,B,Pass
3258,female,group D,bachelor degree,standard,False,9.1,5.4,70.0,57.0,71.0,public,True,77.7,100.0,66.0,C,Pass
3259,male,group C,high school,free/reduced,True,6.2,5.8,78.0,100.0,85.0,public,False,96.0,100.0,87.67,A,Pass
3260,female,group E,some college,free/reduced,False,12.8,5.4,73.0,64.0,49.0,public,True,87.0,100.0,62.0,C,Pass
3261,male,group C,some college,standard,False,8.9,7.0,40.0,62.0,76.0,private,True,77.5,100.0,59.33,C,Pass
3262,male,group B,high school,free/reduced,False,12.7,5.4,68.0,46.0,67.0,private,True,79.4,100.0,60.33,C,Pass
3263,male,group A,high school,free/reduced,False,8.2,6.4,76.0,74.0,76.0,international,True,80.6,100.0,75.33,B,Pass
3264,female,group D,high school,free/reduced,False,11.3,9.3,56.0,71.0,71.0,public,True,87.1,100.0,66.0,C,Pass
3265,female,group C,bachelor degree,free/reduced,True,8.7,9.6,73.0,75.0,76.0,public,True,88.2,100.0,74.67,B,Pass
3266,female,group C,associate degree,standard,False,10.3,5.2,84.0,76.0,70.0,private,True,95.4,100.0,76.67,B,Pass
3267,female,group B,associate degree,standard,False,12.5,5.5,89.0,77.0,75.0,private,True,82.7,100.0,80.33,B,Pass
3268,male,group B,high school,standard,True,4.3,5.6,80.0,65.0,70.0,public,True,81.8,100.0,71.67,B,Pass
3269,male,group E,master degree,standard,False,7.4,9.6,77.0,71.0,65.0,private,True,84.4,100.0,71.0,B,Pass
3270,male,group C,high school,standard,False,15.2,8.7,75.0,69.0,49.0,public,True,84.0,100.0,64.33,C,Pass
3271,female,group C,some college,free/reduced,False,17.1,9.6,81.0,46.0,64.0,public,True,79.4,100.0,63.67,C,Pass
3272,male,group A,master degree,free/reduced,False,6.2,7.3,62.0,42.0,48.0,private,True,70.9,100.0,50.67,D,Pass
3273,female,group E,high school,standard,True,6.9,8.2,68.0,71.0,79.0,public,True,88.3,100.0,72.67,B,Pass
3274,female,group B,associate degree,standard,False,10.0,4.0,95.0,72.0,66.0,private,True,89.7,100.0,77.67,B,Pass
3275,male,group E,associate degree,free/reduced,False,10.3,5.9,79.0,85.0,76.0,public,True,82.4,100.0,80.0,B,Pass
3276,female,group C,associate degree,free/reduced,False,15.5,6.3,60.0,43.0,67.0,public,True,84.4,100.0,56.67,C,Pass
3277,female,group B,high school,standard,True,8.7,8.3,100.0,78.0,83.0,public,False,95.7,100.0,87.0,A,Pass
3278,female,group C,high school,standard,False,20.8,6.8,89.0,67.0,67.0,public,True,85.4,100.0,74.33,B,Pass
3279,female,group C,bachelor degree,free/reduced,True,14.9,8.2,90.0,87.0,89.0,public,True,90.9,100.0,88.67,A,Pass
3280,female,group C,high school,standard,True,14.1,7.2,58.0,31.0,51.0,international,True,76.4,100.0,46.67,D,Pass
3281,female,group A,high school,free/reduced,True,6.4,7.0,69.0,51.0,68.0,private,True,75.8,100.0,62.67,C,Pass
3282,female,group B,associate degree,standard,False,5.2,7.4,69.0,71.0,59.0,private,False,81.7,100.0,66.33,C,Pass
3283,male,group E,master degree,standard,False,12.8,8.8,78.0,76.0,33.0,private,True,69.2,100.0,62.33,C,Pass
3284,female,group A,bachelor degree,standard,False,14.6,8.6,80.0,71.0,83.0,public,True,90.4,100.0,78.0,B,Pass
3285,male,group E,some college,standard,True,9.4,6.0,84.0,81.0,76.0,public,True,79.3,100.0,80.33,B,Pass
3286,female,group E,associate degree,standard,True,10.5,5.7,72.0,87.0,71.0,public,True,93.2,100.0,76.67,B,Pass
3287,female,group A,associate degree,standard,False,12.2,6.3,63.0,67.0,66.0,public,True,79.5,100.0,65.33,C,Pass
3288,male,group C,bachelor degree,free/reduced,True,8.6,7.1,52.0,71.0,67.0,international,True,79.1,100.0,63.33,C,Pass
3289,female,group E,associate degree,standard,True,3.6,8.5,66.0,79.0,65.0,public,False,79.9,100.0,70.0,B,Pass
3290,male,group A,master degree,standard,False,9.6,6.6,70.0,91.0,71.0,public,True,84.4,100.0,77.33,B,Pass
3291,female,group D,associate degree,free/reduced,False,5.5,6.1,69.0,71.0,64.0,international,True,89.3,100.0,68.0,C,Pass
3292,female,group D,some college,standard,True,8.9,7.4,58.0,78.0,75.0,public,True,70.7,100.0,70.33,B,Pass
3293,male,group E,bachelor degree,standard,True,11.5,7.2,38.0,76.0,74.0,private,True,86.5,100.0,62.67,C,Pass
3294,male,group B,bachelor degree,free/reduced,True,0.0,7.3,57.0,63.0,45.0,private,True,78.7,100.0,55.0,C,Pass
3295,male,group E,bachelor degree,standard,True,0.9,9.2,47.0,58.0,71.0,public,True,72.4,100.0,58.67,C,Pass
3296,female,group A,some college,standard,True,15.9,4.8,64.0,72.0,78.0,public,True,78.2,100.0,71.33,B,Pass
3297,female,group D,some college,free/reduced,False,3.7,8.2,70.0,66.0,61.0,public,True,89.6,100.0,65.67,C,Pass
3298,female,group B,high school,standard,False,17.2,4.9,54.0,66.0,66.0,public,True,75.1,100.0,62.0,C,Pass
3299,male,group B,bachelor degree,standard,False,1.0,7.1,72.0,95.0,56.0,private,True,79.0,100.0,74.33,B,Pass
3300,male,group A,some college,standard,False,4.2,5.7,69.0,78.0,67.0,public,True,89.2,100.0,71.33,B,Pass
3301,male,group E,high school,standard,False,7.0,7.5,44.0,48.0,71.0,public,True,78.3,100.0,54.33,D,Pass
3302,female,group C,some college,standard,False,11.0,6.2,57.0,77.0,47.0,international,True,74.4,100.0,60.33,C,Pass
3303,female,group D,high school,standard,False,19.6,8.4,64.0,67.0,69.0,public,True,82.7,100.0,66.67,C,Pass
3304,male,group C,high school,free/reduced,False,13.5,7.6,31.0,97.0,59.0,public,True,74.8,100.0,62.33,C,Pass
3305,male,group E,master degree,free/reduced,False,9.6,7.9,58.0,66.0,63.0,public,False,85.4,100.0,62.33,C,Pass
3306,female,group C,associate degree,standard,False,7.0,6.3,82.0,68.0,72.0,public,True,89.9,100.0,74.0,B,Pass
3307,female,group C,high school,standard,True,10.9,5.8,66.0,83.0,77.0,private,True,87.8,100.0,75.33,B,Pass
3308,female,group B,associate degree,standard,False,4.4,7.4,74.0,61.0,72.0,public,True,84.4,100.0,69.0,C,Pass
3309,female,group E,some college,free/reduced,False,9.2,7.2,61.0,80.0,95.0,public,True,95.3,100.0,78.67,B,Pass
3310,female,group C,high school,standard,True,2.6,7.0,78.0,78.0,54.0,public,True,83.0,100.0,70.0,B,Pass
3311,male,group B,bachelor degree,standard,False,10.1,6.7,46.0,67.0,48.0,public,True,70.6,100.0,53.67,D,Pass
3312,male,group C,high school,standard,True,16.0,7.2,70.0,85.0,100.0,public,True,91.2,100.0,85.0,A,Pass
3313,female,group B,high school,free/reduced,False,9.6,6.4,58.0,66.0,81.0,public,True,92.8,100.0,68.33,C,Pass
3314,female,group D,bachelor degree,standard,False,8.3,7.2,63.0,53.0,70.0,public,True,74.7,100.0,62.0,C,Pass
3315,male,group B,some college,standard,False,10.9,7.2,77.0,79.0,78.0,public,True,84.4,100.0,78.0,B,Pass
3316,male,group C,master degree,free/reduced,False,17.0,10.0,50.0,71.0,45.0,public,True,79.1,100.0,55.33,C,Pass
3317,female,group E,some college,standard,True,18.5,7.8,65.0,49.0,94.0,public,True,82.5,100.0,69.33,C,Pass
3318,female,group C,associate degree,free/reduced,True,13.4,9.1,78.0,66.0,68.0,private,False,78.4,100.0,70.67,B,Pass
3319,male,group A,bachelor degree,free/reduced,True,9.6,6.7,81.0,81.0,58.0,public,True,89.9,100.0,73.33,B,Pass
3320,male,group B,some college,standard,False,8.3,7.2,72.0,77.0,81.0,public,True,97.3,100.0,76.67,B,Pass
3321,male,group D,bachelor degree,standard,True,10.1,7.0,57.0,59.0,54.0,public,True,78.6,100.0,56.67,C,Pass
3322,female,group E,high school,free/reduced,True,16.6,6.2,74.0,57.0,94.0,public,True,80.5,100.0,75.0,B,Pass
3323,female,group D,associate degree,standard,False,1.8,6.4,76.0,72.0,100.0,international,True,80.3,100.0,82.67,B,Pass
3324,male,group C,some college,standard,True,21.6,6.3,81.0,69.0,76.0,public,True,86.4,100.0,75.33,B,Pass
3325,male,group C,high school,standard,False,12.4,7.2,56.0,76.0,61.0,public,True,86.3,100.0,64.33,C,Pass
3326,male,group A,associate degree,free/reduced,False,7.9,7.5,51.0,71.0,52.0,public,True,80.4,100.0,58.0,C,Pass
3327,male,group C,high school,standard,False,7.1,4.5,48.0,69.0,64.0,public,True,79.1,100.0,60.33,C,Pass
3328,female,group D,high school,free/reduced,False,3.1,8.3,72.0,79.0,93.0,public,True,84.6,100.0,81.33,B,Pass
3329,male,group D,associate degree,free/reduced,False,9.9,5.1,48.0,71.0,71.0,public,False,74.6,100.0,63.33,C,Pass
3330,female,group C,some college,standard,True,14.4,5.4,75.0,71.0,36.0,public,True,83.3,100.0,60.67,C,Pass
3331,male,group D,some college,standard,False,12.7,7.8,90.0,75.0,84.0,public,True,92.8,100.0,83.0,B,Pass
3332,female,group C,bachelor degree,standard,False,5.3,7.1,56.0,76.0,70.0,public,True,74.2,100.0,67.33,C,Pass
3333,female,group E,bachelor degree,free/reduced,False,15.0,8.6,100.0,75.0,95.0,private,True,98.9,100.0,90.0,A,Pass
3334,female,group E,some college,free/reduced,False,11.8,6.6,83.0,36.0,69.0,private,True,82.9,100.0,62.67,C,Pass
3335,female,group C,high school,standard,False,5.1,5.3,91.0,69.0,71.0,public,True,92.8,100.0,77.0,B,Pass
3336,female,group C,bachelor degree,standard,False,2.5,8.5,64.0,51.0,72.0,public,True,73.2,100.0,62.33,C,Pass
3337,female,group E,high school,standard,True,0.4,6.2,78.0,42.0,55.0,public,True,71.5,100.0,58.33,C,Pass
3338,female,group E,bachelor degree,standard,True,10.9,6.0,74.0,82.0,67.0,international,True,84.0,100.0,74.33,B,Pass
3339,female,group B,some college,standard,True,20.2,8.1,58.0,89.0,50.0,public,True,83.8,100.0,65.67,C,Pass
3340,female,group A,bachelor degree,standard,True,14.0,4.7,66.0,65.0,73.0,private,True,91.2,100.0,68.0,C,Pass
3341,male,group C,high school,free/reduced,True,11.1,6.7,90.0,62.0,59.0,public,True,86.7,100.0,70.33,B,Pass
3342,male,group B,high school,standard,True,10.4,6.3,71.0,67.0,90.0,public,True,84.2,100.0,76.0,B,Pass
3343,male,group C,bachelor degree,standard,False,8.0,6.4,69.0,77.0,86.0,public,True,80.8,100.0,77.33,B,Pass
3344,female,group C,high school,standard,False,6.8,7.3,83.0,75.0,65.0,private,True,90.9,100.0,74.33,B,Pass
3345,female,group B,high school,standard,False,13.6,5.2,81.0,77.0,72.0,public,True,80.8,100.0,76.67,B,Pass
3346,male,group D,bachelor degree,free/reduced,False,13.4,7.2,82.0,70.0,68.0,public,True,92.5,100.0,73.33,B,Pass
3347,female,group A,high school,standard,False,9.6,8.1,97.0,67.0,41.0,private,True,80.9,100.0,68.33,C,Pass
3348,male,group A,some college,standard,False,9.2,8.8,57.0,89.0,45.0,public,True,88.4,100.0,63.67,C,Pass
3349,male,group D,high school,free/reduced,True,6.3,6.5,62.0,48.0,60.0,private,True,81.1,100.0,56.67,C,Pass
3350,male,group A,some college,free/reduced,False,9.6,7.6,76.0,62.0,75.0,public,True,82.7,100.0,71.0,B,Pass
3351,male,group E,high school,standard,False,8.8,9.0,86.0,69.0,70.0,public,False,82.4,100.0,75.0,B,Pass
3352,male,group E,some college,standard,True,8.5,6.5,81.0,81.0,39.0,private,True,80.1,100.0,67.0,C,Pass
3353,female,group E,high school,free/reduced,True,9.0,8.7,77.0,100.0,70.0,private,True,90.1,100.0,82.33,B,Pass
3354,male,group C,associate degree,free/reduced,False,6.5,9.0,61.0,78.0,66.0,public,True,82.7,100.0,68.33,C,Pass
3355,female,group D,high school,standard,True,13.5,9.4,44.0,53.0,80.0,public,True,75.6,100.0,59.0,C,Pass
3356,male,group E,bachelor degree,standard,False,12.5,7.2,66.0,77.0,44.0,public,True,79.1,100.0,62.33,C,Pass
3357,female,group D,high school,free/reduced,False,16.1,7.7,40.0,69.0,64.0,public,True,78.5,100.0,57.67,C,Pass
3358,male,group E,master degree,free/reduced,True,12.0,8.8,70.0,71.0,86.0,public,True,74.5,100.0,75.67,B,Pass
3359,female,group A,bachelor degree,standard,True,13.9,7.9,100.0,67.0,66.0,public,True,88.4,100.0,77.67,B,Pass
3360,female,group C,high school,free/reduced,False,7.7,6.2,76.0,69.0,66.0,international,True,78.2,100.0,70.33,B,Pass
3361,male,group C,high school,free/reduced,False,17.0,9.0,72.0,71.0,82.0,public,True,79.1,100.0,75.0,B,Pass
3362,female,group C,high school,standard,False,17.6,8.9,63.0,82.0,49.0,public,True,72.4,100.0,64.67,C,Pass
3363,female,group B,bachelor degree,free/reduced,False,5.6,6.6,62.0,44.0,73.0,public,True,69.9,100.0,59.67,C,Pass
3364,male,group E,associate degree,standard,False,15.3,8.8,97.0,64.0,71.0,private,True,79.2,100.0,77.33,B,Pass
3365,female,group A,high school,standard,False,9.6,9.3,85.0,70.0,74.0,public,False,82.0,100.0,76.33,B,Pass
3366,male,group D,high school,standard,False,9.6,6.4,69.0,60.0,75.0,public,False,92.0,100.0,68.0,C,Pass
3367,female,group A,bachelor degree,free/reduced,False,9.6,6.5,92.0,75.0,47.0,public,True,80.9,100.0,71.33,B,Pass
3368,male,group D,high school,standard,False,9.6,8.0,67.0,86.0,80.0,public,True,87.0,100.0,77.67,B,Pass
3369,male,group C,some college,standard,False,6.1,10.0,80.0,98.0,66.0,public,True,89.5,100.0,81.33,B,Pass
3370,female,group B,high school,standard,True,7.8,9.9,47.0,74.0,78.0,public,True,82.2,100.0,66.33,C,Pass
3371,male,group A,high school,standard,True,4.8,6.1,60.0,91.0,54.0,private,True,81.9,100.0,68.33,C,Pass
3372,female,group C,bachelor degree,standard,True,11.8,7.0,75.0,78.0,82.0,public,True,80.4,100.0,78.33,B,Pass
3373,male,group D,high school,standard,True,17.0,6.8,100.0,65.0,43.0,public,True,90.0,100.0,69.33,C,Pass
3374,female,group C,bachelor degree,standard,True,14.6,7.5,67.0,65.0,92.0,public,False,93.9,100.0,74.67,B,Pass
3375,male,group C,master degree,standard,False,12.4,6.1,87.0,61.0,73.0,public,True,76.1,100.0,73.67,B,Pass
3376,female,group E,associate degree,standard,True,9.2,7.7,86.0,49.0,82.0,public,True,78.8,100.0,72.33,B,Pass
3377,female,group C,bachelor degree,standard,False,8.0,6.6,79.0,58.0,59.0,private,True,79.7,100.0,65.33,C,Pass
3378,female,group B,some college,standard,False,10.4,7.4,64.0,84.0,88.0,public,True,81.6,100.0,78.67,B,Pass
3379,female,group B,master degree,standard,True,9.6,5.7,53.0,68.0,100.0,public,True,87.0,100.0,73.67,B,Pass
3380,female,group E,some college,free/reduced,False,8.0,6.3,85.0,86.0,68.0,private,True,83.2,100.0,79.67,B,Pass
3381,female,group E,some college,standard,True,8.0,6.2,84.0,88.0,45.0,private,True,94.8,100.0,72.33,B,Pass
3382,male,group C,some college,standard,False,9.7,7.2,68.0,53.0,82.0,public,True,88.0,100.0,67.67,C,Pass
3383,female,group C,high school,free/reduced,True,0.5,6.9,54.0,71.0,64.0,international,True,81.1,100.0,63.0,C,Pass
3384,male,group C,high school,free/reduced,False,9.9,7.2,69.0,93.0,80.0,public,True,92.4,100.0,80.67,B,Pass
3385,female,group D,master degree,free/reduced,False,0.0,7.2,70.0,73.0,77.0,public,True,89.9,100.0,73.33,B,Pass
3386,female,group D,high school,standard,True,10.9,9.6,53.0,70.0,75.0,public,True,78.6,100.0,66.0,C,Pass
3387,female,group B,high school,standard,True,13.8,5.9,85.0,74.0,49.0,public,False,78.7,100.0,69.33,C,Pass
3388,male,group B,associate degree,free/reduced,False,15.4,10.0,83.0,69.0,62.0,international,True,83.9,100.0,71.33,B,Pass
3389,male,group B,associate degree,free/reduced,False,16.2,6.5,86.0,93.0,61.0,public,True,91.3,100.0,80.0,B,Pass
3390,female,group E,some college,standard,True,1.9,8.3,79.0,49.0,83.0,private,True,83.8,100.0,70.33,B,Pass
3391,male,group A,associate degree,standard,True,0.0,6.4,87.0,51.0,100.0,public,True,78.8,100.0,79.33,B,Pass
3392,male,group B,high school,free/reduced,True,14.1,4.3,78.0,64.0,97.0,private,True,82.9,100.0,79.67,B,Pass
3393,female,group A,bachelor degree,standard,False,11.0,6.6,73.0,74.0,35.0,private,True,78.9,100.0,60.67,C,Pass
3394,male,group D,bachelor degree,free/reduced,True,7.6,8.4,49.0,90.0,70.0,public,True,82.5,100.0,69.67,C,Pass
3395,male,group D,high school,standard,False,7.2,4.8,52.0,79.0,70.0,public,True,91.7,100.0,67.0,C,Pass
3396,female,group E,bachelor degree,standard,True,9.1,8.5,67.0,62.0,74.0,public,True,75.1,100.0,67.67,C,Pass
3397,male,group D,some college,standard,True,6.3,6.1,75.0,56.0,56.0,public,True,82.5,100.0,62.33,C,Pass
3398,male,group A,high school,standard,False,16.9,6.5,83.0,61.0,64.0,public,False,90.2,100.0,69.33,C,Pass
3399,female,group D,associate degree,standard,True,4.7,8.4,85.0,64.0,65.0,public,True,94.9,100.0,71.33,B,Pass
3400,male,group D,some college,free/reduced,True,4.8,5.5,70.0,60.0,64.0,public,True,78.8,100.0,64.67,C,Pass
3401,female,group E,bachelor degree,standard,True,9.9,7.7,64.0,61.0,65.0,public,True,82.8,100.0,63.33,C,Pass
3402,male,group A,bachelor degree,free/reduced,False,9.9,8.5,85.0,79.0,46.0,public,True,85.8,100.0,70.0,B,Pass
3403,female,group D,bachelor degree,free/reduced,True,11.9,7.2,79.0,76.0,72.0,public,True,86.2,100.0,75.67,B,Pass
3404,male,group D,master degree,free/reduced,True,6.8,8.3,100.0,73.0,78.0,public,True,88.0,100.0,83.67,B,Pass
3405,female,group B,associate degree,free/reduced,False,21.6,8.5,73.0,56.0,55.0,public,True,81.7,100.0,61.33,C,Pass
3406,male,group E,master degree,standard,True,5.1,6.2,73.0,37.0,78.0,private,True,67.4,100.0,62.67,C,Pass
3407,male,group E,high school,free/reduced,False,9.8,5.6,89.0,98.0,72.0,public,True,92.9,100.0,86.33,A,Pass
3408,male,group E,high school,standard,True,21.0,7.2,56.0,67.0,54.0,public,True,79.2,100.0,59.0,C,Pass
3409,female,group D,high school,standard,False,7.6,9.4,100.0,50.0,89.0,private,True,85.8,100.0,79.67,B,Pass
3410,male,group D,some college,standard,False,9.6,7.9,76.0,60.0,68.0,public,False,92.4,100.0,68.0,C,Pass
3411,female,group B,some college,standard,False,13.3,6.6,70.0,73.0,71.0,public,True,80.0,100.0,71.33,B,Pass
3412,male,group B,some college,standard,True,3.2,8.1,66.0,86.0,75.0,international,True,83.3,100.0,75.67,B,Pass
3413,female,group C,some college,free/reduced,True,18.6,6.7,74.0,71.0,71.0,public,True,93.5,100.0,72.0,B,Pass
3414,male,group B,some college,standard,True,18.5,6.9,51.0,71.0,81.0,public,True,77.9,100.0,67.67,C,Pass
3415,male,group C,high school,standard,True,15.9,7.4,73.0,53.0,88.0,public,True,80.8,100.0,71.33,B,Pass
3416,female,group D,some college,free/reduced,True,15.4,6.4,39.0,71.0,55.0,public,True,76.1,100.0,55.0,C,Pass
3417,female,group E,associate degree,standard,True,25.0,7.3,51.0,95.0,94.0,public,True,91.2,100.0,80.0,B,Pass
3418,female,group E,high school,standard,True,2.7,7.0,75.0,100.0,41.0,public,True,84.8,100.0,72.0,B,Pass
3419,female,group E,high school,free/reduced,False,4.1,7.6,65.0,72.0,71.0,private,True,76.1,100.0,69.33,C,Pass
3420,male,group C,some college,standard,False,12.1,6.1,56.0,75.0,66.0,public,True,78.6,100.0,65.67,C,Pass
3421,female,group E,high school,standard,False,7.1,7.5,82.0,84.0,57.0,public,True,81.7,100.0,74.33,B,Pass
3422,male,group B,some college,standard,False,10.9,7.2,73.0,72.0,71.0,public,True,83.3,100.0,72.0,B,Pass
3423,female,group C,high school,free/reduced,False,20.7,6.3,78.0,85.0,71.0,public,True,88.2,100.0,78.0,B,Pass
3424,male,group B,master degree,standard,True,13.6,8.0,48.0,100.0,81.0,public,True,87.6,100.0,76.33,B,Pass
3425,male,group C,bachelor degree,standard,False,15.4,6.9,65.0,63.0,74.0,public,True,73.1,100.0,67.33,C,Pass
3426,male,group E,master degree,free/reduced,False,2.5,8.2,43.0,49.0,61.0,public,True,80.7,100.0,51.0,D,Pass
3427,female,group C,high school,standard,True,5.3,7.2,78.0,76.0,66.0,public,False,85.6,100.0,73.33,B,Pass
3428,female,group E,some college,free/reduced,False,13.4,7.0,52.0,67.0,71.0,private,True,87.1,100.0,63.33,C,Pass
3429,male,group B,some college,free/reduced,False,9.6,9.6,65.0,63.0,63.0,private,False,82.7,100.0,63.67,C,Pass
3430,female,group B,bachelor degree,free/reduced,False,13.3,5.8,80.0,71.0,44.0,public,True,86.4,100.0,65.0,C,Pass
3431,female,group E,bachelor degree,standard,False,6.1,7.4,67.0,70.0,62.0,public,True,83.9,100.0,66.33,C,Pass
3432,female,group B,associate degree,standard,True,0.0,5.7,61.0,70.0,79.0,public,True,89.7,100.0,70.0,B,Pass
3433,female,group E,high school,standard,False,7.5,9.3,76.0,75.0,69.0,public,True,86.9,100.0,73.33,B,Pass
3434,female,group B,master degree,standard,False,9.2,8.4,64.0,80.0,54.0,public,True,80.9,100.0,66.0,C,Pass
3435,male,group D,master degree,standard,False,9.1,9.4,42.0,70.0,65.0,public,True,90.0,100.0,59.0,C,Pass
3436,male,group D,high school,standard,True,7.7,7.3,78.0,51.0,74.0,public,True,86.5,100.0,67.67,C,Pass
3437,male,group E,high school,standard,False,8.3,7.1,89.0,76.0,72.0,public,True,89.5,100.0,79.0,B,Pass
3438,male,group C,bachelor degree,standard,False,18.2,6.8,95.0,69.0,70.0,international,True,79.8,100.0,78.0,B,Pass
3439,female,group C,high school,free/reduced,False,15.4,7.3,62.0,55.0,60.0,public,True,72.2,100.0,59.0,C,Pass
3440,female,group C,bachelor degree,standard,True,11.6,7.5,72.0,90.0,68.0,public,True,87.1,100.0,76.67,B,Pass
3441,female,group A,high school,standard,False,9.2,7.8,35.0,64.0,77.0,public,True,79.2,100.0,58.67,C,Pass
3442,female,group E,high school,standard,False,15.5,5.1,74.0,71.0,82.0,public,True,82.1,100.0,75.67,B,Pass
3443,female,group E,master degree,free/reduced,False,0.7,8.5,76.0,97.0,86.0,public,True,90.2,100.0,86.33,A,Pass
3444,male,group E,some college,free/reduced,True,9.5,7.7,54.0,92.0,78.0,public,True,92.8,100.0,74.67,B,Pass
3445,male,group A,associate degree,standard,False,4.3,7.5,66.0,93.0,74.0,public,False,89.5,100.0,77.67,B,Pass
3446,female,group E,high school,standard,True,9.6,6.6,24.0,86.0,72.0,public,True,73.6,100.0,60.67,C,Pass
3447,male,group D,high school,free/reduced,True,11.4,9.2,76.0,100.0,71.0,public,True,87.2,100.0,82.33,B,Pass
3448,male,group B,some college,standard,True,6.8,7.7,65.0,85.0,69.0,public,True,80.2,100.0,73.0,B,Pass
3449,male,group A,master degree,standard,False,5.7,7.5,77.0,72.0,49.0,public,False,79.5,100.0,66.0,C,Pass
3450,female,group E,master degree,free/reduced,True,13.2,6.7,55.0,71.0,38.0,public,True,74.7,100.0,54.67,D,Pass
3451,male,group E,bachelor degree,standard,False,9.6,6.2,79.0,58.0,63.0,public,False,79.3,100.0,66.67,C,Pass
3452,male,group E,high school,standard,False,13.3,8.2,43.0,35.0,78.0,public,True,69.5,100.0,52.0,D,Pass
3453,female,group E,associate degree,standard,True,5.5,7.2,82.0,48.0,80.0,private,False,82.4,100.0,70.0,B,Pass
3454,male,group B,associate degree,free/reduced,False,7.3,7.2,67.0,83.0,71.0,public,True,81.5,100.0,73.67,B,Pass
3455,male,group D,high school,standard,True,4.6,7.2,77.0,100.0,65.0,public,True,72.6,100.0,80.67,B,Pass
3456,male,group C,high school,free/reduced,True,7.5,8.2,84.0,74.0,78.0,public,True,96.7,100.0,78.67,B,Pass
3457,female,group A,some college,free/reduced,True,9.6,4.2,59.0,86.0,58.0,public,True,87.5,100.0,67.67,C,Pass
3458,male,group A,some college,free/reduced,False,12.2,7.4,80.0,72.0,75.0,international,False,83.4,100.0,75.67,B,Pass
3459,female,group A,bachelor degree,standard,False,13.9,7.5,56.0,70.0,72.0,public,True,81.5,100.0,66.0,C,Pass
3460,male,group A,some college,standard,True,14.9,4.0,55.0,84.0,75.0,public,True,77.7,100.0,71.33,B,Pass
3461,female,group A,some college,standard,True,4.9,8.8,58.0,72.0,87.0,public,True,92.4,100.0,72.33,B,Pass
3462,male,group C,some college,standard,False,4.8,8.0,69.0,51.0,61.0,international,True,88.6,100.0,60.33,C,Pass
3463,female,group B,master degree,standard,False,14.4,8.6,76.0,62.0,55.0,private,True,81.5,100.0,64.33,C,Pass
3464,male,group B,master degree,standard,False,14.9,6.6,76.0,59.0,56.0,private,True,85.6,100.0,63.67,C,Pass
3465,male,group C,high school,standard,True,14.1,6.8,98.0,63.0,83.0,public,True,88.4,100.0,81.33,B,Pass
3466,male,group B,bachelor degree,standard,False,8.8,7.5,80.0,68.0,72.0,public,True,77.6,100.0,73.33,B,Pass
3467,female,group D,bachelor degree,standard,True,17.7,6.8,56.0,75.0,71.0,international,False,79.7,100.0,67.33,C,Pass
3468,male,group B,some college,free/reduced,True,9.6,6.0,75.0,81.0,68.0,public,False,85.5,100.0,74.67,B,Pass
3469,female,group E,associate degree,free/reduced,True,9.6,5.8,55.0,59.0,47.0,private,False,74.2,100.0,53.67,D,Pass
3470,male,group B,some college,free/reduced,True,12.7,7.2,67.0,68.0,69.0,public,True,81.1,100.0,68.0,C,Pass
3471,female,group E,bachelor degree,standard,False,8.4,5.8,82.0,79.0,91.0,public,True,88.1,100.0,84.0,B,Pass
3472,male,group D,high school,free/reduced,True,6.8,7.6,44.0,85.0,83.0,public,True,82.9,100.0,70.67,B,Pass
3473,male,group E,high school,standard,True,15.1,7.9,66.0,62.0,62.0,public,True,80.6,100.0,63.33,C,Pass
3474,male,group C,bachelor degree,standard,False,7.1,6.8,50.0,73.0,79.0,international,True,76.6,100.0,67.33,C,Pass
3475,female,group A,associate degree,free/reduced,True,6.4,9.2,45.0,64.0,68.0,private,True,75.0,100.0,59.0,C,Pass
3476,male,group D,high school,standard,False,10.9,4.8,62.0,92.0,93.0,public,False,81.5,100.0,82.33,B,Pass
3477,female,group A,bachelor degree,standard,True,9.6,7.8,52.0,55.0,64.0,public,False,82.7,100.0,57.0,C,Pass
3478,male,group E,high school,free/reduced,True,9.2,8.2,66.0,48.0,57.0,public,True,67.3,100.0,57.0,C,Pass
3479,male,group D,associate degree,free/reduced,False,10.9,6.1,81.0,69.0,69.0,public,True,90.0,100.0,73.0,B,Pass
3480,female,group B,high school,free/reduced,False,9.6,7.9,39.0,76.0,64.0,public,True,85.8,100.0,59.67,C,Pass
3481,female,group E,high school,free/reduced,False,13.9,6.4,70.0,59.0,62.0,public,True,79.0,100.0,63.67,C,Pass
3482,male,group E,bachelor degree,standard,False,17.2,7.3,73.0,80.0,48.0,public,True,68.8,100.0,67.0,C,Pass
3483,male,group C,high school,free/reduced,False,12.6,5.3,89.0,78.0,60.0,private,True,83.5,100.0,75.67,B,Pass
3484,male,group E,master degree,standard,False,9.5,7.9,86.0,81.0,45.0,public,True,82.9,100.0,70.67,B,Pass
3485,female,group E,some college,standard,False,8.8,7.2,51.0,60.0,71.0,public,True,74.1,100.0,60.67,C,Pass
3486,male,group C,some college,standard,False,7.9,7.2,93.0,100.0,73.0,public,True,87.9,100.0,88.67,A,Pass
3487,male,group E,some college,free/reduced,True,13.7,11.0,68.0,69.0,77.0,public,True,91.2,100.0,71.33,B,Pass
3488,male,group E,high school,free/reduced,True,10.9,8.8,93.0,78.0,73.0,public,False,90.9,100.0,81.33,B,Pass
3489,female,group E,some college,standard,False,13.4,7.5,80.0,80.0,93.0,public,True,84.1,100.0,84.33,B,Pass
3490,female,group D,associate degree,standard,False,8.6,5.3,77.0,92.0,71.0,public,True,78.9,100.0,80.0,B,Pass
3491,male,group C,associate degree,free/reduced,True,13.9,6.5,81.0,100.0,81.0,public,True,88.3,100.0,87.33,A,Pass
3492,female,group A,high school,standard,False,10.8,5.9,70.0,90.0,57.0,public,True,82.9,100.0,72.33,B,Pass
3493,male,group D,bachelor degree,standard,False,16.3,7.3,56.0,68.0,71.0,public,True,83.5,100.0,65.0,C,Pass
3494,female,group C,bachelor degree,standard,False,12.4,7.2,72.0,52.0,71.0,international,False,78.2,100.0,65.0,C,Pass
3495,male,group E,some college,free/reduced,False,16.7,9.0,60.0,71.0,56.0,private,True,82.5,100.0,62.33,C,Pass
3496,female,group C,master degree,standard,False,9.0,7.4,54.0,72.0,68.0,public,True,90.5,100.0,64.67,C,Pass
3497,female,group E,bachelor degree,free/reduced,False,9.6,8.6,64.0,63.0,100.0,public,True,89.3,100.0,75.67,B,Pass
3498,male,group C,associate degree,free/reduced,False,9.9,5.6,84.0,59.0,54.0,public,True,81.0,100.0,65.67,C,Pass
3499,male,group C,some college,standard,True,4.5,6.1,54.0,75.0,75.0,private,True,81.3,100.0,68.0,C,Pass
3500,female,group B,bachelor degree,standard,False,7.3,8.3,73.0,97.0,60.0,public,True,83.9,100.0,76.67,B,Pass
3501,male,group D,high school,standard,False,10.6,7.5,68.0,84.0,34.0,international,True,85.7,100.0,62.0,C,Pass
3502,female,group A,bachelor degree,standard,True,10.2,7.5,25.0,98.0,87.0,private,True,79.9,100.0,70.0,B,Pass
3503,male,group C,associate degree,standard,False,20.4,7.8,82.0,78.0,67.0,private,True,85.5,100.0,75.67,B,Pass
3504,female,group A,high school,standard,False,11.4,7.2,84.0,83.0,73.0,public,True,87.3,100.0,80.0,B,Pass
3505,female,group A,some college,standard,True,6.2,6.8,70.0,63.0,83.0,public,False,81.3,100.0,72.0,B,Pass
3506,female,group B,associate degree,standard,False,4.4,6.2,90.0,64.0,71.0,private,True,78.1,100.0,75.0,B,Pass
3507,male,group C,some college,standard,True,3.9,8.7,65.0,64.0,68.0,public,True,82.9,100.0,65.67,C,Pass
3508,male,group B,bachelor degree,standard,False,1.9,7.0,79.0,79.0,91.0,public,True,87.9,100.0,83.0,B,Pass
3509,female,group A,associate degree,standard,False,3.9,6.6,75.0,53.0,93.0,public,True,87.0,100.0,73.67,B,Pass
3510,male,group C,associate degree,free/reduced,True,6.8,8.6,69.0,74.0,72.0,public,True,81.0,100.0,71.67,B,Pass
3511,male,group B,high school,standard,True,17.6,8.6,84.0,37.0,55.0,private,True,84.6,100.0,58.67,C,Pass
3512,female,group E,high school,free/reduced,False,9.4,6.2,49.0,60.0,65.0,public,True,73.8,100.0,58.0,C,Pass
3513,male,group C,bachelor degree,standard,True,11.8,6.9,100.0,85.0,62.0,private,False,96.5,100.0,82.33,B,Pass
3514,male,group C,high school,standard,False,11.3,5.5,95.0,37.0,74.0,public,True,73.7,100.0,68.67,C,Pass
3515,female,group C,master degree,standard,False,3.5,6.5,84.0,64.0,68.0,public,True,86.0,100.0,72.0,B,Pass
3516,male,group C,master degree,standard,True,4.2,8.6,62.0,69.0,57.0,private,False,82.4,100.0,62.67,C,Pass
3517,female,group C,master degree,free/reduced,False,1.6,6.8,64.0,98.0,37.0,public,True,77.6,100.0,66.33,C,Pass
3518,male,group E,bachelor degree,free/reduced,False,9.2,5.4,90.0,65.0,86.0,public,True,89.3,100.0,80.33,B,Pass
3519,female,group C,bachelor degree,free/reduced,True,9.1,5.4,66.0,67.0,91.0,public,True,91.3,100.0,74.67,B,Pass
3520,male,group C,associate degree,standard,False,12.2,5.8,71.0,83.0,33.0,public,False,68.8,100.0,62.33,C,Pass
3521,female,group A,high school,free/reduced,True,4.0,6.5,75.0,100.0,64.0,international,True,89.4,100.0,79.67,B,Pass
3522,male,group D,some college,standard,False,9.1,8.4,57.0,51.0,68.0,international,True,66.0,100.0,58.67,C,Pass
3523,female,group A,bachelor degree,free/reduced,True,6.6,9.5,89.0,56.0,89.0,public,True,81.4,100.0,78.0,B,Pass
3524,male,group D,some college,standard,False,7.8,6.2,78.0,64.0,72.0,private,True,91.7,100.0,71.33,B,Pass
3525,female,group E,high school,standard,True,21.1,5.7,55.0,53.0,63.0,public,True,74.9,100.0,57.0,C,Pass
3526,male,group C,high school,free/reduced,False,10.9,6.3,66.0,76.0,75.0,public,False,78.1,100.0,72.33,B,Pass
3527,female,group E,some college,standard,False,5.3,5.8,77.0,82.0,31.0,public,True,79.3,100.0,63.33,C,Pass
3528,male,group C,some college,standard,False,9.8,6.7,76.0,84.0,64.0,private,True,95.2,100.0,74.67,B,Pass
3529,male,group B,high school,standard,False,12.3,7.7,65.0,61.0,71.0,public,True,72.0,100.0,65.67,C,Pass
3530,male,group D,high school,free/reduced,True,11.2,5.0,63.0,77.0,54.0,public,True,75.6,100.0,64.67,C,Pass
3531,male,group B,master degree,free/reduced,False,7.9,9.2,57.0,61.0,75.0,private,True,88.2,100.0,64.33,C,Pass
3532,female,group D,high school,standard,False,9.6,3.9,69.0,38.0,52.0,public,True,85.5,100.0,53.0,D,Pass
3533,female,group D,high school,free/reduced,True,10.1,7.9,72.0,65.0,71.0,public,True,82.1,100.0,69.33,C,Pass
3534,female,group B,some college,standard,False,5.9,6.9,87.0,60.0,85.0,private,True,79.7,100.0,77.33,B,Pass
3535,female,group E,master degree,standard,False,14.6,5.7,69.0,71.0,67.0,public,True,92.9,100.0,69.0,C,Pass
3536,female,group D,high school,standard,False,11.5,6.2,74.0,81.0,67.0,public,True,92.6,100.0,74.0,B,Pass
3537,male,group B,some college,free/reduced,False,9.6,6.9,87.0,73.0,97.0,public,True,92.7,100.0,85.67,A,Pass
3538,male,group D,bachelor degree,free/reduced,True,5.9,7.3,81.0,46.0,49.0,public,True,74.4,100.0,58.67,C,Pass
3539,male,group B,associate degree,free/reduced,False,16.1,7.9,81.0,100.0,87.0,public,True,90.5,100.0,89.33,A,Pass
3540,female,group A,high school,standard,False,12.6,7.3,67.0,68.0,72.0,public,True,81.8,100.0,69.0,C,Pass
3541,female,group B,high school,standard,False,8.3,7.2,72.0,66.0,70.0,international,True,84.4,100.0,69.33,C,Pass
3542,male,group E,some college,standard,False,7.9,7.2,100.0,71.0,78.0,private,False,95.3,100.0,83.0,B,Pass
3543,male,group D,master degree,standard,True,14.6,9.3,81.0,78.0,61.0,public,True,88.7,100.0,73.33,B,Pass
3544,male,group A,master degree,free/reduced,True,15.7,10.1,59.0,90.0,60.0,private,True,77.5,100.0,69.67,C,Pass
3545,male,group C,bachelor degree,standard,False,9.0,4.3,69.0,79.0,69.0,public,True,90.8,100.0,72.33,B,Pass
3546,male,group B,associate degree,free/reduced,False,14.2,7.9,44.0,50.0,81.0,public,True,79.9,100.0,58.33,C,Pass
3547,female,group B,master degree,free/reduced,False,7.1,7.8,88.0,75.0,83.0,public,True,91.2,100.0,82.0,B,Pass
3548,female,group D,bachelor degree,standard,True,9.6,9.0,75.0,96.0,72.0,public,True,94.7,100.0,81.0,B,Pass
3549,female,group B,high school,free/reduced,True,18.1,7.8,87.0,59.0,64.0,public,True,77.4,100.0,70.0,B,Pass
3550,male,group D,master degree,standard,False,8.0,8.4,81.0,87.0,57.0,public,False,84.8,100.0,75.0,B,Pass
3551,male,group E,high school,standard,True,9.6,6.6,58.0,75.0,61.0,public,True,78.2,100.0,64.67,C,Pass
3552,female,group D,high school,standard,False,0.0,7.0,70.0,77.0,49.0,private,True,73.3,100.0,65.33,C,Pass
3553,female,group E,some college,standard,True,3.0,5.7,82.0,100.0,71.0,public,True,90.3,100.0,84.33,B,Pass
3554,female,group D,associate degree,free/reduced,False,12.6,7.2,75.0,54.0,68.0,public,True,93.8,100.0,65.67,C,Pass
3555,male,group B,high school,standard,True,10.5,6.2,72.0,78.0,62.0,public,True,74.1,100.0,70.67,B,Pass
3556,male,group E,high school,standard,True,17.5,10.1,73.0,66.0,61.0,public,True,81.5,100.0,66.67,C,Pass
3557,male,group D,bachelor degree,free/reduced,True,11.3,5.3,82.0,86.0,62.0,public,True,88.9,100.0,76.67,B,Pass
3558,female,group D,some college,standard,True,9.6,8.6,64.0,67.0,86.0,public,True,84.5,100.0,72.33,B,Pass
3559,male,group D,high school,standard,False,12.7,6.5,44.0,83.0,78.0,private,True,81.8,100.0,68.33,C,Pass
3560,female,group C,high school,standard,False,11.3,6.9,76.0,73.0,69.0,public,True,77.6,100.0,72.67,B,Pass
3561,male,group C,high school,standard,False,7.1,6.8,76.0,76.0,71.0,public,True,85.9,100.0,74.33,B,Pass
3562,female,group C,associate degree,free/reduced,False,3.9,7.4,54.0,71.0,72.0,private,True,77.5,100.0,65.67,C,Pass
3563,female,group C,associate degree,standard,False,9.9,10.3,82.0,67.0,75.0,public,True,73.9,100.0,74.67,B,Pass
3564,female,group D,high school,standard,False,16.0,6.3,30.0,86.0,75.0,public,False,86.4,100.0,63.67,C,Pass
3565,male,group A,high school,standard,True,10.0,5.9,60.0,69.0,59.0,public,True,84.9,100.0,62.67,C,Pass
3566,female,group D,high school,standard,True,3.5,5.5,73.0,65.0,64.0,private,True,82.2,100.0,67.33,C,Pass
3567,female,group E,high school,free/reduced,False,5.3,6.7,67.0,53.0,100.0,private,True,85.5,100.0,73.33,B,Pass
3568,male,group D,some college,free/reduced,False,9.0,8.8,63.0,66.0,73.0,private,True,87.3,100.0,67.33,C,Pass
3569,male,group E,associate degree,standard,False,15.4,8.2,80.0,57.0,76.0,public,True,84.5,100.0,71.0,B,Pass
3570,male,group C,high school,free/reduced,False,9.3,7.2,62.0,67.0,64.0,public,True,85.3,100.0,64.33,C,Pass
3571,male,group C,bachelor degree,standard,False,10.1,7.2,57.0,84.0,71.0,public,True,81.6,100.0,70.67,B,Pass
3572,female,group C,some college,standard,True,6.5,7.5,58.0,60.0,75.0,public,True,87.3,100.0,64.33,C,Pass
3573,female,group A,bachelor degree,free/reduced,False,7.6,6.1,63.0,71.0,71.0,private,True,83.8,100.0,68.33,C,Pass
3574,male,group D,some college,standard,False,10.2,5.0,88.0,49.0,76.0,private,True,84.4,100.0,71.0,B,Pass
3575,female,group D,bachelor degree,standard,False,6.5,5.5,65.0,80.0,66.0,private,False,76.8,100.0,70.33,B,Pass
3576,female,group C,high school,standard,True,7.3,7.4,87.0,73.0,45.0,private,False,83.8,100.0,68.33,C,Pass
3577,male,group E,high school,standard,True,9.4,7.2,71.0,85.0,51.0,public,False,78.4,100.0,69.0,C,Pass
3578,female,group E,some college,standard,False,12.9,7.9,64.0,61.0,71.0,public,True,77.8,100.0,65.33,C,Pass
3579,female,group B,associate degree,free/reduced,True,9.6,4.9,51.0,92.0,49.0,public,True,76.5,100.0,64.0,C,Pass
3580,male,group D,high school,standard,False,13.2,7.0,72.0,68.0,77.0,public,True,78.6,100.0,72.33,B,Pass
3581,female,group B,high school,standard,False,9.6,9.5,78.0,63.0,59.0,public,True,92.3,100.0,66.67,C,Pass
3582,male,group D,some college,standard,True,7.6,7.9,79.0,67.0,51.0,public,True,87.9,100.0,65.67,C,Pass
3583,female,group C,some college,standard,True,10.1,7.2,71.0,59.0,94.0,private,False,94.5,100.0,74.67,B,Pass
3584,female,group D,high school,standard,False,4.5,5.2,82.0,85.0,72.0,public,True,80.8,100.0,79.67,B,Pass
3585,male,group D,high school,standard,True,17.3,7.2,69.0,54.0,63.0,public,True,80.2,100.0,62.0,C,Pass
3586,male,group B,master degree,free/reduced,False,8.7,7.3,56.0,71.0,80.0,international,True,76.1,100.0,69.0,C,Pass
3587,male,group A,master degree,standard,True,13.5,8.4,73.0,84.0,43.0,public,True,78.2,100.0,66.67,C,Pass
3588,female,group B,bachelor degree,free/reduced,False,9.6,7.1,59.0,67.0,100.0,public,True,80.5,100.0,75.33,B,Pass
3589,female,group C,associate degree,free/reduced,True,11.4,7.9,75.0,60.0,69.0,public,True,88.4,100.0,68.0,C,Pass
3590,female,group E,master degree,standard,False,7.3,7.0,67.0,45.0,71.0,international,True,77.3,100.0,61.0,C,Pass
3591,male,group A,master degree,standard,False,8.9,7.9,52.0,78.0,71.0,public,True,87.0,100.0,67.0,C,Pass
3592,male,group A,bachelor degree,standard,True,4.4,7.2,90.0,58.0,97.0,public,True,90.7,100.0,81.67,B,Pass
3593,female,group A,master degree,standard,False,9.6,10.4,80.0,62.0,100.0,public,True,98.8,100.0,80.67,B,Pass
3594,male,group B,bachelor degree,free/reduced,False,17.1,4.8,60.0,70.0,63.0,public,True,73.3,100.0,64.33,C,Pass
3595,male,group E,high school,free/reduced,True,10.8,5.8,87.0,73.0,65.0,public,True,91.3,100.0,75.0,B,Pass
3596,male,group C,bachelor degree,free/reduced,True,2.1,7.2,20.0,79.0,87.0,public,True,85.5,100.0,62.0,C,Pass
3597,female,group C,some college,free/reduced,True,0.0,9.3,77.0,71.0,64.0,public,True,78.4,100.0,70.67,B,Pass
3598,female,group B,associate degree,standard,True,4.9,9.8,69.0,74.0,67.0,public,True,88.0,100.0,70.0,B,Pass
3599,male,group C,some college,standard,False,11.2,7.2,79.0,54.0,66.0,public,True,83.2,100.0,66.33,C,Pass
3600,female,group C,some college,free/reduced,False,17.7,8.5,80.0,84.0,71.0,public,True,85.1,100.0,78.33,B,Pass
3601,male,group D,master degree,standard,True,4.5,7.2,78.0,45.0,94.0,public,False,79.8,100.0,72.33,B,Pass
3602,male,group C,high school,standard,False,4.9,6.2,53.0,72.0,75.0,public,True,78.1,100.0,66.67,C,Pass
3603,female,group E,bachelor degree,free/reduced,True,6.3,6.5,67.0,78.0,75.0,public,True,94.6,100.0,73.33,B,Pass
3604,male,group E,bachelor degree,standard,False,6.5,6.7,56.0,55.0,100.0,public,True,83.1,100.0,70.33,B,Pass
3605,female,group B,high school,free/reduced,True,10.8,7.3,43.0,60.0,81.0,public,True,83.4,100.0,61.33,C,Pass
3606,male,group A,bachelor degree,standard,True,11.8,8.0,73.0,65.0,61.0,public,True,77.6,100.0,66.33,C,Pass
3607,male,group D,high school,free/reduced,True,9.6,6.8,64.0,71.0,65.0,public,True,77.6,100.0,66.67,C,Pass
3608,female,group D,some college,standard,False,2.4,7.2,62.0,84.0,64.0,international,True,88.4,100.0,70.0,B,Pass
3609,female,group A,associate degree,standard,False,9.6,5.4,61.0,80.0,63.0,public,True,75.5,100.0,68.0,C,Pass
3610,female,group D,some college,free/reduced,False,13.6,8.4,63.0,65.0,62.0,private,True,78.3,100.0,63.33,C,Pass
3611,male,group B,some college,free/reduced,False,16.6,9.7,44.0,72.0,89.0,international,True,82.5,100.0,68.33,C,Pass
3612,male,group C,high school,standard,False,11.7,7.2,64.0,54.0,76.0,public,True,81.4,100.0,64.67,C,Pass
3613,female,group C,some college,standard,False,3.2,7.4,75.0,53.0,83.0,public,False,82.2,100.0,70.33,B,Pass
3614,female,group D,bachelor degree,standard,False,6.5,8.6,63.0,81.0,74.0,public,False,86.0,100.0,72.67,B,Pass
3615,male,group C,high school,free/reduced,True,0.7,7.0,76.0,88.0,82.0,public,True,91.3,100.0,82.0,B,Pass
3616,male,group C,high school,standard,False,9.3,6.8,59.0,76.0,71.0,public,True,86.0,100.0,68.67,C,Pass
3617,female,group C,some college,standard,True,9.1,7.0,94.0,71.0,63.0,public,True,80.5,100.0,76.0,B,Pass
3618,male,group B,bachelor degree,standard,False,11.1,9.2,78.0,57.0,76.0,international,False,81.7,100.0,70.33,B,Pass
3619,male,group E,high school,free/reduced,False,17.7,7.2,58.0,55.0,50.0,public,True,82.7,100.0,54.33,D,Pass
3620,male,group E,bachelor degree,free/reduced,True,9.6,5.7,81.0,60.0,69.0,public,True,87.5,100.0,70.0,B,Pass
3621,male,group B,master degree,free/reduced,False,4.3,7.9,81.0,96.0,85.0,public,True,83.1,100.0,87.33,A,Pass
3622,female,group E,high school,free/reduced,True,10.0,5.7,76.0,52.0,66.0,private,True,82.6,100.0,64.67,C,Pass
3623,male,group C,bachelor degree,standard,False,9.6,6.8,64.0,73.0,87.0,public,False,75.0,100.0,74.67,B,Pass
3624,male,group B,high school,standard,True,12.9,8.0,71.0,78.0,56.0,public,True,82.6,100.0,68.33,C,Pass
3625,male,group C,associate degree,standard,False,10.9,6.4,72.0,73.0,88.0,public,True,95.6,100.0,77.67,B,Pass
3626,female,group B,high school,free/reduced,True,15.2,6.9,98.0,50.0,71.0,public,True,79.5,100.0,73.0,B,Pass
3627,male,group C,some college,standard,False,9.3,8.8,80.0,67.0,51.0,public,True,77.2,100.0,66.0,C,Pass
3628,female,group A,associate degree,standard,True,12.4,9.1,58.0,76.0,71.0,international,True,86.2,100.0,68.33,C,Pass
3629,female,group A,some college,standard,False,9.9,5.5,85.0,73.0,78.0,public,True,78.8,100.0,78.67,B,Pass
3630,male,group B,high school,standard,True,10.2,6.9,75.0,74.0,59.0,public,True,79.6,100.0,69.33,C,Pass
3631,female,group C,bachelor degree,standard,True,15.1,6.9,48.0,90.0,73.0,public,True,86.1,100.0,70.33,B,Pass
3632,male,group D,bachelor degree,standard,True,13.1,5.5,72.0,76.0,70.0,public,True,80.9,100.0,72.67,B,Pass
3633,female,group C,high school,standard,False,12.8,9.2,47.0,67.0,70.0,public,True,78.4,100.0,61.33,C,Pass
3634,female,group E,high school,standard,False,15.3,4.7,60.0,64.0,63.0,public,True,83.7,100.0,62.33,C,Pass
3635,male,group D,some college,standard,False,8.2,6.6,68.0,75.0,62.0,public,True,84.4,100.0,68.33,C,Pass
3636,female,group E,associate degree,free/reduced,True,0.0,8.6,88.0,91.0,52.0,public,True,87.1,100.0,77.0,B,Pass
3637,male,group C,associate degree,standard,False,16.3,6.7,85.0,65.0,84.0,public,True,84.5,100.0,78.0,B,Pass
3638,female,group B,bachelor degree,standard,False,9.8,5.7,81.0,49.0,91.0,public,True,86.3,100.0,73.67,B,Pass
3639,male,group B,some college,free/reduced,False,2.8,6.1,84.0,54.0,70.0,private,True,82.1,100.0,69.33,C,Pass
3640,male,group D,high school,standard,True,7.0,10.7,72.0,71.0,29.0,public,True,80.1,100.0,57.33,C,Pass
3641,male,group E,master degree,standard,True,9.6,8.4,67.0,71.0,60.0,public,True,78.9,100.0,66.0,C,Pass
3642,female,group C,bachelor degree,standard,False,10.0,5.7,55.0,85.0,71.0,public,True,82.2,100.0,70.33,B,Pass
3643,female,group D,master degree,free/reduced,True,6.1,7.4,82.0,47.0,84.0,public,False,78.5,100.0,71.0,B,Pass
3644,female,group C,high school,standard,False,11.7,7.7,69.0,71.0,72.0,public,True,83.0,100.0,70.67,B,Pass
3645,male,group C,some college,standard,True,12.2,6.6,67.0,70.0,58.0,public,True,76.9,100.0,65.0,C,Pass
3646,male,group A,some college,standard,True,1.6,8.9,44.0,74.0,47.0,private,True,71.4,100.0,55.0,C,Pass
3647,female,group C,associate degree,free/reduced,False,5.4,8.4,78.0,92.0,27.0,public,True,82.6,100.0,65.67,C,Pass
3648,male,group C,some college,free/reduced,True,11.2,7.9,66.0,38.0,59.0,international,False,77.8,100.0,54.33,D,Pass
3649,male,group E,bachelor degree,standard,True,15.6,8.8,57.0,60.0,68.0,public,True,83.6,100.0,61.67,C,Pass
3650,male,group E,associate degree,standard,True,11.8,6.9,63.0,74.0,64.0,private,False,79.6,100.0,67.0,C,Pass
3651,female,group C,associate degree,standard,False,14.2,8.3,74.0,88.0,68.0,public,True,87.7,100.0,76.67,B,Pass
3652,male,group A,associate degree,free/reduced,False,8.6,7.2,63.0,59.0,90.0,public,True,86.0,100.0,70.67,B,Pass
3653,female,group E,high school,standard,True,15.9,6.1,75.0,63.0,86.0,public,True,87.1,100.0,74.67,B,Pass
3654,female,group D,high school,free/reduced,False,9.6,8.6,78.0,52.0,73.0,private,True,77.9,100.0,67.67,C,Pass
3655,female,group D,high school,free/reduced,True,12.3,9.8,49.0,67.0,97.0,public,True,84.1,100.0,71.0,B,Pass
3656,female,group B,master degree,free/reduced,False,8.0,5.7,65.0,62.0,100.0,public,False,87.1,100.0,75.67,B,Pass
3657,male,group B,associate degree,standard,False,9.6,8.2,54.0,77.0,68.0,private,False,81.6,100.0,66.33,C,Pass
3658,female,group D,bachelor degree,free/reduced,True,12.7,7.7,78.0,56.0,65.0,public,True,71.1,100.0,66.33,C,Pass
3659,female,group A,bachelor degree,standard,False,8.2,5.6,93.0,72.0,51.0,private,True,84.6,100.0,72.0,B,Pass
3660,female,group E,high school,standard,True,7.0,4.5,70.0,68.0,85.0,public,True,95.8,100.0,74.33,B,Pass
3661,male,group A,high school,standard,False,12.8,5.7,84.0,86.0,54.0,public,False,83.1,100.0,74.67,B,Pass
3662,male,group A,high school,standard,False,12.0,6.9,70.0,78.0,49.0,public,True,77.6,100.0,65.67,C,Pass
3663,male,group E,associate degree,standard,True,5.6,8.2,55.0,71.0,56.0,public,True,81.1,100.0,60.67,C,Pass
3664,female,group D,bachelor degree,standard,False,9.9,7.2,74.0,69.0,68.0,public,True,84.7,100.0,70.33,B,Pass
3665,male,group C,master degree,free/reduced,False,14.6,6.3,100.0,74.0,49.0,public,True,90.7,100.0,74.33,B,Pass
3666,female,group A,bachelor degree,free/reduced,False,6.2,7.6,100.0,100.0,75.0,public,False,85.4,100.0,91.67,A,Pass
3667,male,group E,high school,standard,False,6.8,7.2,67.0,82.0,69.0,public,True,87.7,100.0,72.67,B,Pass
3668,male,group E,bachelor degree,free/reduced,False,6.1,4.6,54.0,65.0,78.0,public,True,84.2,100.0,65.67,C,Pass
3669,female,group B,high school,free/reduced,False,9.2,7.1,52.0,70.0,84.0,public,True,81.8,100.0,68.67,C,Pass
3670,male,group B,high school,free/reduced,False,12.7,5.0,70.0,56.0,61.0,public,True,81.6,100.0,62.33,C,Pass
3671,female,group D,associate degree,standard,False,11.9,7.2,66.0,58.0,70.0,public,True,86.0,100.0,64.67,C,Pass
3672,female,group B,master degree,standard,False,13.5,6.8,75.0,55.0,58.0,private,True,84.4,100.0,62.67,C,Pass
3673,male,group D,some college,standard,False,9.6,6.8,55.0,67.0,83.0,public,True,76.6,100.0,68.33,C,Pass
3674,female,group D,associate degree,standard,True,12.9,6.6,89.0,80.0,59.0,public,True,89.5,100.0,76.0,B,Pass
3675,male,group D,high school,free/reduced,False,10.0,8.9,59.0,71.0,54.0,public,True,79.1,100.0,61.33,C,Pass
3676,male,group E,bachelor degree,standard,False,10.1,8.7,53.0,64.0,56.0,private,True,78.4,100.0,57.67,C,Pass
3677,male,group E,master degree,standard,True,5.2,8.1,74.0,77.0,43.0,public,True,81.2,100.0,64.67,C,Pass
3678,male,group B,some college,standard,False,6.4,9.4,79.0,100.0,68.0,public,False,87.2,100.0,82.33,B,Pass
3679,male,group A,associate degree,free/reduced,True,9.6,6.9,65.0,70.0,67.0,private,True,87.9,100.0,67.33,C,Pass
3680,male,group A,some college,free/reduced,False,17.0,8.5,57.0,81.0,53.0,public,True,80.0,100.0,63.67,C,Pass
3681,male,group D,bachelor degree,free/reduced,True,10.0,7.2,58.0,77.0,87.0,public,True,79.0,100.0,74.0,B,Pass
3682,male,group B,some college,free/reduced,True,14.1,6.6,47.0,65.0,85.0,public,True,79.3,100.0,65.67,C,Pass
3683,female,group B,associate degree,free/reduced,True,18.4,7.8,83.0,74.0,90.0,private,True,88.8,100.0,82.33,B,Pass
3684,female,group C,high school,free/reduced,False,9.6,8.3,54.0,46.0,64.0,public,False,83.0,100.0,54.67,D,Pass
3685,male,group D,some college,free/reduced,True,8.3,7.3,100.0,71.0,65.0,international,True,89.3,100.0,78.67,B,Pass
3686,female,group D,some college,standard,True,11.5,7.2,72.0,52.0,100.0,private,True,80.6,100.0,74.67,B,Pass
3687,male,group C,some college,free/reduced,False,9.7,6.9,74.0,63.0,84.0,international,True,96.9,100.0,73.67,B,Pass
3688,female,group D,associate degree,standard,True,7.6,7.2,79.0,69.0,60.0,private,True,84.1,100.0,69.33,C,Pass
3689,male,group D,bachelor degree,standard,True,17.5,6.5,71.0,70.0,72.0,public,True,89.8,100.0,71.0,B,Pass
3690,male,group C,associate degree,standard,False,18.4,9.3,82.0,51.0,67.0,public,True,80.9,100.0,66.67,C,Pass
3691,male,group B,associate degree,free/reduced,False,10.4,7.2,97.0,57.0,82.0,public,True,89.1,100.0,78.67,B,Pass
3692,female,group B,associate degree,standard,True,9.4,8.1,76.0,75.0,66.0,public,True,88.1,100.0,72.33,B,Pass
3693,male,group A,high school,standard,True,9.6,8.9,50.0,68.0,82.0,public,True,87.8,100.0,66.67,C,Pass
3694,male,group C,high school,standard,True,10.0,5.6,62.0,62.0,84.0,public,True,88.0,100.0,69.33,C,Pass
3695,female,group E,high school,standard,False,17.0,6.5,64.0,63.0,86.0,public,True,87.8,100.0,71.0,B,Pass
3696,male,group D,high school,standard,False,14.6,6.5,84.0,69.0,76.0,public,True,84.0,100.0,76.33,B,Pass
3697,female,group B,high school,free/reduced,True,8.3,7.6,94.0,72.0,71.0,private,True,83.6,100.0,79.0,B,Pass
3698,male,group C,associate degree,standard,False,12.3,8.4,61.0,73.0,57.0,international,True,82.1,100.0,63.67,C,Pass
3699,male,group D,high school,standard,False,6.9,6.7,70.0,100.0,55.0,public,True,89.7,100.0,75.0,B,Pass
3700,male,group B,bachelor degree,free/reduced,True,13.8,6.4,100.0,71.0,76.0,international,True,86.8,100.0,82.33,B,Pass
3701,female,group A,high school,standard,False,9.6,5.5,80.0,64.0,56.0,public,True,87.0,100.0,66.67,C,Pass
3702,female,group D,bachelor degree,standard,True,11.2,7.3,62.0,65.0,68.0,private,True,88.3,100.0,65.0,C,Pass
3703,female,group A,high school,free/reduced,False,10.7,9.9,96.0,67.0,100.0,public,True,85.5,100.0,87.67,A,Pass
3704,male,group E,high school,standard,False,7.8,8.4,79.0,68.0,86.0,public,True,81.9,100.0,77.67,B,Pass
3705,male,group A,some college,standard,False,11.6,7.0,45.0,80.0,75.0,public,True,81.0,100.0,66.67,C,Pass
3706,female,group C,high school,standard,False,11.2,7.2,81.0,59.0,98.0,public,True,88.3,100.0,79.33,B,Pass
3707,male,group A,master degree,standard,False,18.4,8.1,59.0,50.0,71.0,public,True,76.2,100.0,60.0,C,Pass
3708,male,group B,high school,free/reduced,True,9.5,6.0,46.0,87.0,83.0,private,True,90.6,100.0,72.0,B,Pass
3709,male,group A,high school,standard,True,16.1,6.4,50.0,100.0,52.0,public,True,84.1,100.0,67.33,C,Pass
3710,female,group C,associate degree,standard,False,5.6,7.2,73.0,59.0,36.0,public,True,77.6,100.0,56.0,C,Pass
3711,male,group C,high school,free/reduced,False,11.7,5.9,64.0,83.0,68.0,public,True,76.5,100.0,71.67,B,Pass
3712,female,group E,master degree,free/reduced,True,6.4,5.5,59.0,56.0,75.0,public,False,73.8,100.0,63.33,C,Pass
3713,female,group D,bachelor degree,standard,False,8.9,7.2,90.0,75.0,85.0,public,True,89.7,100.0,83.33,B,Pass
3714,female,group E,some college,free/reduced,False,16.0,7.2,55.0,74.0,66.0,public,True,70.3,100.0,65.0,C,Pass
3715,female,group D,high school,free/reduced,True,9.0,5.5,65.0,64.0,59.0,public,True,85.1,100.0,62.67,C,Pass
3716,male,group D,high school,free/reduced,True,9.3,7.2,48.0,62.0,39.0,international,False,74.1,100.0,49.67,D,Pass
3717,female,group D,high school,standard,False,11.1,6.8,39.0,66.0,73.0,public,True,94.9,100.0,59.33,C,Pass
3718,male,group C,bachelor degree,standard,False,13.4,7.2,81.0,95.0,52.0,public,True,96.9,100.0,76.0,B,Pass
3719,male,group E,high school,standard,True,7.4,8.0,53.0,45.0,71.0,public,True,76.6,100.0,56.33,C,Pass
3720,female,group A,bachelor degree,free/reduced,False,12.2,7.8,78.0,80.0,91.0,public,True,87.7,100.0,83.0,B,Pass
3721,male,group D,bachelor degree,free/reduced,False,6.3,8.9,55.0,53.0,80.0,public,True,85.0,100.0,62.67,C,Pass
3722,male,group E,bachelor degree,standard,False,12.8,5.1,65.0,60.0,72.0,international,True,89.8,100.0,65.67,C,Pass
3723,female,group B,associate degree,free/reduced,True,1.1,6.4,93.0,73.0,82.0,public,True,79.9,100.0,82.67,B,Pass
3724,male,group C,high school,free/reduced,False,8.3,7.3,72.0,60.0,58.0,private,True,71.4,100.0,63.33,C,Pass
3725,female,group D,master degree,standard,True,11.0,6.1,86.0,30.0,66.0,public,False,76.2,100.0,60.67,C,Pass
3726,female,group E,high school,free/reduced,True,11.5,5.3,69.0,63.0,95.0,international,True,88.2,100.0,75.67,B,Pass
3727,male,group C,bachelor degree,standard,False,11.5,8.2,54.0,46.0,83.0,public,True,81.9,100.0,61.0,C,Pass
3728,male,group C,master degree,free/reduced,False,4.0,9.4,77.0,63.0,39.0,public,True,84.2,100.0,59.67,C,Pass
3729,male,group B,some college,standard,False,12.1,6.3,40.0,74.0,85.0,public,False,75.5,100.0,66.33,C,Pass
3730,female,group B,bachelor degree,standard,False,11.6,8.5,67.0,69.0,76.0,public,True,71.7,100.0,70.67,B,Pass
3731,male,group C,associate degree,standard,False,8.5,7.2,72.0,71.0,65.0,public,True,87.0,100.0,69.33,C,Pass
3732,male,group C,high school,standard,True,4.1,6.2,84.0,75.0,71.0,public,True,81.4,100.0,76.67,B,Pass
3733,female,group B,high school,standard,False,7.3,7.2,51.0,61.0,89.0,private,True,71.7,100.0,67.0,C,Pass
3734,male,group D,bachelor degree,free/reduced,False,11.0,7.7,84.0,81.0,71.0,private,True,87.2,100.0,78.67,B,Pass
3735,female,group E,high school,free/reduced,True,6.8,7.7,52.0,96.0,62.0,private,False,87.0,100.0,70.0,B,Pass
3736,male,group E,associate degree,standard,False,11.8,7.2,90.0,64.0,71.0,private,True,84.4,100.0,75.0,B,Pass
3737,female,group D,high school,standard,False,9.6,5.9,59.0,82.0,76.0,private,True,81.6,100.0,72.33,B,Pass
3738,male,group E,associate degree,standard,True,9.6,7.2,68.0,71.0,82.0,public,True,83.5,100.0,73.67,B,Pass
3739,male,group A,high school,free/reduced,False,6.3,7.0,68.0,58.0,100.0,public,True,83.3,100.0,75.33,B,Pass
3740,male,group C,bachelor degree,standard,False,9.6,7.6,76.0,75.0,74.0,private,True,78.3,100.0,75.0,B,Pass
3741,male,group C,master degree,standard,True,15.2,8.1,85.0,81.0,79.0,public,True,84.1,100.0,81.67,B,Pass
3742,male,group E,some college,standard,False,11.5,6.6,66.0,55.0,50.0,private,True,80.4,100.0,57.0,C,Pass
3743,female,group C,some college,standard,False,6.5,9.3,91.0,73.0,90.0,private,True,90.5,100.0,84.67,B,Pass
3744,female,group C,bachelor degree,standard,True,9.6,6.7,100.0,71.0,86.0,public,True,90.0,100.0,85.67,A,Pass
3745,female,group B,bachelor degree,standard,True,6.9,9.7,61.0,65.0,74.0,private,True,76.7,100.0,66.67,C,Pass
3746,male,group D,high school,standard,False,12.2,6.7,83.0,71.0,60.0,public,True,82.5,100.0,71.33,B,Pass
3747,male,group A,bachelor degree,standard,False,8.6,10.7,82.0,87.0,55.0,public,True,74.0,100.0,74.67,B,Pass
3748,male,group C,some college,standard,False,16.9,5.8,58.0,77.0,67.0,public,True,82.8,100.0,67.33,C,Pass
3749,male,group D,high school,free/reduced,True,2.1,8.3,70.0,77.0,86.0,public,True,93.2,100.0,77.67,B,Pass
3750,male,group B,some college,standard,False,12.0,5.5,100.0,53.0,71.0,public,True,77.4,100.0,74.67,B,Pass
3751,female,group B,bachelor degree,free/reduced,False,8.1,6.0,51.0,51.0,100.0,public,True,79.0,100.0,67.33,C,Pass
3752,male,group D,bachelor degree,standard,False,9.9,9.8,68.0,80.0,70.0,public,True,85.7,100.0,72.67,B,Pass
3753,female,group C,bachelor degree,standard,False,8.8,7.8,49.0,76.0,59.0,private,True,85.8,100.0,61.33,C,Pass
3754,female,group C,associate degree,standard,False,13.2,7.9,95.0,71.0,84.0,private,True,86.1,100.0,83.33,B,Pass
3755,male,group B,associate degree,free/reduced,False,2.2,7.6,62.0,65.0,65.0,public,True,77.1,100.0,64.0,C,Pass
3756,female,group C,some college,standard,True,3.1,8.3,78.0,68.0,80.0,public,True,75.3,100.0,75.33,B,Pass
3757,female,group C,high school,standard,False,8.7,7.9,84.0,61.0,57.0,public,True,82.5,100.0,67.33,C,Pass
3758,female,group C,bachelor degree,standard,False,2.6,9.7,69.0,100.0,68.0,public,True,96.8,100.0,79.0,B,Pass
3759,male,group A,some college,standard,False,12.3,5.7,92.0,94.0,71.0,international,True,90.5,100.0,85.67,A,Pass
3760,male,group A,high school,free/reduced,True,4.3,6.9,65.0,100.0,91.0,public,True,89.0,100.0,85.33,A,Pass
3761,male,group B,some college,standard,False,9.6,8.0,66.0,90.0,71.0,public,True,86.7,100.0,75.67,B,Pass
3762,female,group C,bachelor degree,free/reduced,False,4.9,6.3,69.0,72.0,86.0,public,True,85.2,100.0,75.67,B,Pass
3763,male,group C,some college,standard,False,11.2,7.2,88.0,95.0,68.0,public,True,84.4,100.0,83.67,B,Pass
3764,male,group E,some college,free/reduced,True,8.3,9.3,63.0,88.0,78.0,public,True,89.6,100.0,76.33,B,Pass
3765,female,group C,master degree,standard,False,14.4,4.5,69.0,75.0,90.0,public,True,87.3,100.0,78.0,B,Pass
3766,female,group B,bachelor degree,standard,False,8.8,6.3,73.0,61.0,90.0,public,True,85.0,100.0,74.67,B,Pass
3767,male,group C,bachelor degree,free/reduced,False,15.6,5.7,73.0,71.0,49.0,private,True,75.9,100.0,64.33,C,Pass
3768,male,group A,master degree,free/reduced,True,5.7,5.0,58.0,68.0,91.0,public,True,90.5,100.0,72.33,B,Pass
3769,male,group C,bachelor degree,standard,True,7.7,7.1,55.0,71.0,71.0,public,True,84.3,100.0,65.67,C,Pass
3770,male,group A,some college,standard,False,12.8,8.0,72.0,66.0,75.0,private,False,80.6,100.0,71.0,B,Pass
3771,male,group C,high school,standard,True,9.7,5.1,88.0,69.0,67.0,private,True,89.9,100.0,74.67,B,Pass
3772,female,group C,high school,free/reduced,True,6.7,8.3,82.0,63.0,47.0,public,True,78.1,100.0,64.0,C,Pass
3773,female,group B,some college,standard,True,5.2,7.2,82.0,99.0,59.0,private,True,83.1,100.0,80.0,B,Pass
3774,male,group C,associate degree,free/reduced,False,9.1,7.8,87.0,71.0,31.0,public,True,76.3,100.0,63.0,C,Pass
3775,male,group E,high school,free/reduced,False,7.5,9.8,78.0,60.0,49.0,public,True,71.1,100.0,62.33,C,Pass
3776,female,group B,master degree,standard,False,7.7,8.0,76.0,52.0,57.0,public,True,82.0,100.0,61.67,C,Pass
3777,male,group A,high school,free/reduced,True,9.6,6.5,60.0,77.0,81.0,public,True,74.9,100.0,72.67,B,Pass
3778,female,group B,associate degree,standard,True,9.9,6.3,70.0,69.0,46.0,public,True,73.5,100.0,61.67,C,Pass
3779,male,group E,high school,standard,False,13.0,7.5,64.0,72.0,58.0,private,True,70.5,100.0,64.67,C,Pass
3780,female,group B,high school,standard,False,18.7,5.5,71.0,62.0,85.0,private,False,83.6,100.0,72.67,B,Pass
3781,male,group C,some college,standard,False,9.6,8.7,55.0,67.0,59.0,private,True,78.4,100.0,60.33,C,Pass
3782,female,group E,bachelor degree,standard,False,5.5,6.9,84.0,71.0,87.0,private,True,85.5,100.0,80.67,B,Pass
3783,male,group D,high school,standard,False,1.1,8.5,39.0,58.0,63.0,private,True,71.1,100.0,53.33,D,Pass
3784,female,group E,high school,standard,True,14.8,7.8,63.0,76.0,89.0,private,True,79.5,100.0,76.0,B,Pass
3785,female,group C,high school,standard,True,12.1,5.7,52.0,82.0,54.0,private,True,82.4,100.0,62.67,C,Pass
3786,male,group E,high school,standard,False,8.3,6.5,81.0,67.0,44.0,public,False,77.8,100.0,64.0,C,Pass
3787,male,group D,some college,free/reduced,True,15.6,6.9,100.0,67.0,75.0,public,True,88.8,100.0,80.67,B,Pass
3788,male,group B,high school,free/reduced,False,8.1,7.2,50.0,70.0,63.0,private,True,75.0,100.0,61.0,C,Pass
3789,male,group E,some college,standard,True,4.8,7.0,96.0,65.0,54.0,public,True,84.6,100.0,71.67,B,Pass
3790,male,group E,high school,standard,False,9.8,8.4,71.0,87.0,70.0,public,True,91.9,100.0,76.0,B,Pass
3791,female,group E,master degree,standard,True,12.6,6.2,73.0,92.0,63.0,private,True,88.3,100.0,76.0,B,Pass
3792,male,group B,some college,free/reduced,True,9.8,8.5,63.0,67.0,61.0,public,False,78.4,100.0,63.67,C,Pass
3793,male,group C,high school,standard,False,11.5,7.3,64.0,76.0,77.0,international,True,85.2,100.0,72.33,B,Pass
3794,female,group C,high school,standard,False,12.6,6.8,53.0,60.0,60.0,public,True,76.9,100.0,57.67,C,Pass
3795,female,group B,bachelor degree,free/reduced,True,11.1,6.8,55.0,39.0,71.0,private,True,76.9,100.0,55.0,C,Pass
3796,female,group B,associate degree,standard,True,7.1,5.6,65.0,84.0,71.0,international,True,82.7,100.0,73.33,B,Pass
3797,male,group B,some college,standard,True,13.4,8.5,65.0,75.0,71.0,public,False,82.2,100.0,70.33,B,Pass
3798,male,group B,associate degree,standard,True,7.5,6.4,71.0,73.0,53.0,public,False,82.3,100.0,65.67,C,Pass
3799,male,group B,some college,free/reduced,True,12.5,4.6,47.0,90.0,79.0,public,True,78.8,100.0,72.0,B,Pass
3800,male,group C,some college,standard,False,7.6,6.2,57.0,83.0,87.0,public,True,80.2,100.0,75.67,B,Pass
3801,male,group C,high school,standard,False,14.8,7.7,72.0,50.0,80.0,private,True,75.0,100.0,67.33,C,Pass
3802,female,group C,some college,free/reduced,False,10.3,7.2,91.0,86.0,64.0,private,True,79.1,100.0,80.33,B,Pass
3803,male,group C,master degree,standard,False,8.5,8.8,66.0,60.0,68.0,private,True,74.8,100.0,64.67,C,Pass
3804,female,group D,high school,free/reduced,False,9.6,9.6,71.0,39.0,75.0,public,True,80.5,100.0,61.67,C,Pass
3805,male,group B,high school,free/reduced,False,8.7,6.8,68.0,72.0,85.0,public,True,80.5,100.0,75.0,B,Pass
3806,male,group B,some college,free/reduced,False,18.6,7.0,87.0,93.0,73.0,private,True,91.3,100.0,84.33,B,Pass
3807,female,group C,high school,free/reduced,True,7.0,8.4,77.0,75.0,69.0,public,True,84.6,100.0,73.67,B,Pass
3808,male,group E,associate degree,standard,False,14.2,5.8,67.0,68.0,52.0,international,True,70.1,100.0,62.33,C,Pass
3809,female,group D,high school,free/reduced,False,9.0,6.4,64.0,65.0,62.0,public,True,83.7,100.0,63.67,C,Pass
3810,male,group B,high school,standard,False,14.8,5.8,86.0,77.0,64.0,public,True,89.3,100.0,75.67,B,Pass
3811,male,group C,bachelor degree,standard,True,3.0,7.1,75.0,71.0,78.0,public,False,79.8,100.0,74.67,B,Pass
3812,male,group D,associate degree,free/reduced,True,6.7,9.0,56.0,60.0,63.0,public,False,81.0,100.0,59.67,C,Pass
3813,male,group B,associate degree,standard,False,7.7,7.3,81.0,61.0,64.0,international,True,78.2,100.0,68.67,C,Pass
3814,female,group C,some college,standard,False,8.6,7.1,46.0,49.0,76.0,private,True,78.3,100.0,57.0,C,Pass
3815,male,group D,associate degree,free/reduced,False,9.6,7.7,66.0,60.0,38.0,public,False,70.5,100.0,54.67,D,Pass
3816,male,group B,some college,standard,False,5.4,5.4,52.0,54.0,66.0,private,True,69.0,100.0,57.33,C,Pass
3817,female,group D,some college,free/reduced,True,15.0,7.0,51.0,72.0,75.0,public,True,79.5,100.0,66.0,C,Pass
3818,female,group A,high school,free/reduced,True,5.2,5.7,28.0,85.0,76.0,private,True,79.6,100.0,63.0,C,Pass
3819,male,group E,some college,free/reduced,False,0.0,7.2,60.0,71.0,98.0,public,True,83.5,100.0,76.33,B,Pass
3820,female,group B,high school,free/reduced,False,11.8,7.2,65.0,69.0,65.0,private,False,75.6,100.0,66.33,C,Pass
3821,female,group C,some college,standard,True,11.4,8.9,64.0,85.0,86.0,public,True,84.3,100.0,78.33,B,Pass
3822,male,group B,high school,standard,False,9.6,6.3,76.0,72.0,62.0,public,True,84.3,100.0,70.0,B,Pass
3823,male,group A,associate degree,free/reduced,False,7.0,8.2,96.0,68.0,60.0,public,True,84.6,100.0,74.67,B,Pass
3824,female,group D,high school,standard,True,7.8,8.9,79.0,86.0,71.0,public,True,87.2,100.0,78.67,B,Pass
3825,male,group E,high school,standard,True,18.9,7.2,49.0,71.0,65.0,public,True,76.2,100.0,61.67,C,Pass
3826,male,group E,bachelor degree,standard,False,9.8,7.2,96.0,74.0,66.0,public,True,92.3,100.0,78.67,B,Pass
3827,male,group C,high school,standard,True,11.3,8.2,67.0,65.0,44.0,private,True,72.6,100.0,58.67,C,Pass
3828,male,group B,some college,standard,False,9.6,6.6,47.0,51.0,68.0,public,True,79.6,100.0,55.33,C,Pass
3829,male,group B,some college,standard,False,9.0,6.7,55.0,87.0,93.0,international,True,92.2,100.0,78.33,B,Pass
3830,male,group B,some college,free/reduced,False,9.6,6.0,73.0,61.0,71.0,public,False,84.6,100.0,68.33,C,Pass
3831,male,group E,high school,standard,False,9.0,5.2,85.0,90.0,69.0,private,True,86.5,100.0,81.33,B,Pass
3832,female,group E,associate degree,free/reduced,True,15.3,4.6,70.0,100.0,75.0,private,True,85.0,100.0,81.67,B,Pass
3833,male,group E,high school,standard,True,15.1,3.9,72.0,80.0,60.0,public,True,88.4,100.0,70.67,B,Pass
3834,female,group E,some college,free/reduced,False,6.6,8.3,48.0,79.0,78.0,public,True,75.2,100.0,68.33,C,Pass
3835,female,group E,high school,standard,True,9.2,7.8,63.0,55.0,58.0,public,True,73.6,100.0,58.67,C,Pass
3836,male,group E,some college,standard,False,9.6,8.2,61.0,71.0,55.0,private,True,77.9,100.0,62.33,C,Pass
3837,male,group C,bachelor degree,free/reduced,False,13.2,9.0,56.0,97.0,71.0,private,True,90.9,100.0,74.67,B,Pass
3838,male,group B,some college,standard,True,5.3,6.8,76.0,69.0,86.0,public,True,87.7,100.0,77.0,B,Pass
3839,male,group A,high school,free/reduced,False,7.2,5.2,68.0,65.0,44.0,public,True,73.8,100.0,59.0,C,Pass
3840,male,group C,associate degree,standard,False,8.3,6.9,27.0,89.0,42.0,public,True,74.5,100.0,52.67,D,Pass
3841,male,group A,some college,standard,False,14.1,8.2,66.0,88.0,77.0,public,True,82.7,100.0,77.0,B,Pass
3842,female,group A,associate degree,standard,False,9.7,7.7,82.0,93.0,60.0,private,True,82.8,100.0,78.33,B,Pass
3843,female,group A,high school,standard,False,12.7,10.3,82.0,70.0,85.0,public,True,91.5,100.0,79.0,B,Pass
3844,male,group A,bachelor degree,standard,True,13.8,8.2,100.0,73.0,87.0,private,False,82.8,100.0,86.67,A,Pass
3845,female,group A,bachelor degree,standard,False,1.9,8.0,95.0,70.0,69.0,public,True,94.2,100.0,78.0,B,Pass
3846,male,group E,bachelor degree,standard,True,3.8,7.0,53.0,79.0,61.0,international,False,84.9,100.0,64.33,C,Pass
3847,male,group A,bachelor degree,standard,False,15.6,8.0,85.0,78.0,83.0,public,True,93.3,100.0,82.0,B,Pass
3848,male,group E,master degree,standard,True,12.1,7.2,72.0,90.0,93.0,public,True,86.7,100.0,85.0,A,Pass
3849,male,group E,high school,free/reduced,True,8.1,7.7,60.0,73.0,63.0,public,True,80.4,100.0,65.33,C,Pass
3850,male,group D,bachelor degree,free/reduced,False,13.3,8.2,74.0,79.0,82.0,public,True,79.2,100.0,78.33,B,Pass
3851,female,group D,some college,standard,True,0.0,9.3,82.0,72.0,58.0,public,True,80.6,100.0,70.67,B,Pass
3852,male,group A,some college,standard,True,4.3,7.8,46.0,57.0,69.0,public,False,80.4,100.0,57.33,C,Pass
3853,female,group C,high school,standard,False,14.3,8.5,74.0,83.0,84.0,private,True,93.6,100.0,80.33,B,Pass
3854,male,group A,bachelor degree,standard,False,16.6,5.5,70.0,71.0,75.0,public,True,78.1,100.0,72.0,B,Pass
3855,female,group D,high school,standard,False,12.7,7.4,35.0,77.0,66.0,public,True,76.9,100.0,59.33,C,Pass
3856,male,group C,some college,standard,True,4.5,6.3,58.0,51.0,82.0,public,False,79.7,100.0,63.67,C,Pass
3857,female,group B,associate degree,standard,True,8.6,7.4,68.0,71.0,75.0,public,True,76.4,100.0,71.33,B,Pass
3858,female,group C,associate degree,standard,False,10.0,7.2,93.0,74.0,74.0,public,True,90.1,100.0,80.33,B,Pass
3859,male,group B,associate degree,free/reduced,True,0.0,7.6,63.0,87.0,66.0,private,True,80.2,100.0,72.0,B,Pass
3860,female,group C,some college,standard,False,9.0,5.8,70.0,77.0,71.0,private,True,83.1,100.0,72.67,B,Pass
3861,female,group B,high school,standard,False,10.8,8.6,65.0,59.0,64.0,international,True,77.8,100.0,62.67,C,Pass
3862,female,group D,bachelor degree,free/reduced,True,14.4,7.2,91.0,74.0,58.0,public,True,80.8,100.0,74.33,B,Pass
3863,male,group C,some college,standard,True,9.6,7.4,51.0,71.0,83.0,private,True,82.3,100.0,68.33,C,Pass
3864,female,group B,high school,standard,False,9.5,8.1,26.0,88.0,90.0,international,True,81.1,100.0,68.0,C,Pass
3865,male,group C,some college,free/reduced,False,11.8,9.0,100.0,84.0,92.0,private,False,89.9,100.0,92.0,A,Pass
3866,male,group D,bachelor degree,standard,False,9.1,7.5,84.0,94.0,59.0,public,True,83.0,100.0,79.0,B,Pass
3867,female,group D,high school,free/reduced,False,17.6,7.8,69.0,63.0,78.0,public,True,84.6,100.0,70.0,B,Pass
3868,female,group D,some college,standard,False,12.6,7.2,93.0,78.0,76.0,public,True,96.2,100.0,82.33,B,Pass
3869,male,group B,some college,free/reduced,False,13.3,8.4,58.0,81.0,74.0,public,True,84.1,100.0,71.0,B,Pass
3870,female,group B,high school,free/reduced,True,9.8,7.1,74.0,60.0,71.0,public,True,87.2,100.0,68.33,C,Pass
3871,female,group B,high school,free/reduced,True,9.3,6.4,87.0,68.0,51.0,public,True,75.5,100.0,68.67,C,Pass
3872,male,group D,associate degree,free/reduced,False,9.6,8.5,79.0,49.0,56.0,public,True,80.3,100.0,61.33,C,Pass
3873,female,group A,some college,standard,True,3.8,8.0,80.0,57.0,85.0,public,False,79.1,100.0,74.0,B,Pass
3874,female,group E,associate degree,standard,False,12.9,7.8,66.0,54.0,97.0,public,True,76.5,100.0,72.33,B,Pass
3875,female,group B,some college,standard,False,12.9,6.5,75.0,69.0,87.0,public,True,82.1,100.0,77.0,B,Pass
3876,male,group C,high school,standard,True,5.9,7.1,88.0,59.0,100.0,public,True,93.9,100.0,82.33,B,Pass
3877,female,group C,bachelor degree,standard,True,9.8,7.4,60.0,54.0,65.0,public,True,83.6,100.0,59.67,C,Pass
3878,male,group D,associate degree,standard,False,9.6,7.9,56.0,82.0,78.0,private,True,85.0,100.0,72.0,B,Pass
3879,female,group B,high school,standard,True,9.6,8.1,76.0,82.0,64.0,public,True,76.9,100.0,74.0,B,Pass
3880,male,group B,associate degree,standard,False,6.2,6.8,65.0,97.0,53.0,public,True,82.7,100.0,71.67,B,Pass
3881,male,group C,bachelor degree,standard,False,7.9,7.6,90.0,87.0,66.0,public,True,88.9,100.0,81.0,B,Pass
3882,female,group D,bachelor degree,standard,True,16.0,9.3,73.0,46.0,69.0,public,True,80.9,100.0,62.67,C,Pass
3883,female,group A,high school,free/reduced,True,20.4,5.8,75.0,70.0,57.0,public,True,72.7,100.0,67.33,C,Pass
3884,male,group E,some college,standard,True,18.4,8.8,81.0,94.0,65.0,public,False,82.5,100.0,80.0,B,Pass
3885,male,group D,high school,standard,False,18.6,7.1,76.0,59.0,70.0,private,False,82.0,100.0,68.33,C,Pass
3886,male,group C,bachelor degree,standard,False,16.7,5.8,87.0,76.0,79.0,private,True,89.9,100.0,80.67,B,Pass
3887,female,group E,master degree,standard,False,10.0,8.9,66.0,70.0,72.0,public,True,71.8,100.0,69.33,C,Pass
3888,female,group D,some college,standard,True,11.3,5.2,58.0,73.0,56.0,public,True,79.1,100.0,62.33,C,Pass
3889,male,group E,associate degree,standard,False,6.1,5.9,71.0,82.0,72.0,public,True,85.7,100.0,75.0,B,Pass
3890,male,group B,some college,standard,True,1.2,7.6,100.0,94.0,75.0,public,True,95.1,100.0,89.67,A,Pass
3891,female,group C,associate degree,standard,True,15.1,7.2,67.0,77.0,65.0,private,True,86.3,100.0,69.67,C,Pass
3892,male,group C,high school,standard,False,9.4,7.2,67.0,72.0,78.0,public,True,86.8,100.0,72.33,B,Pass
3893,female,group A,some college,standard,False,9.6,7.0,69.0,61.0,82.0,private,True,79.3,100.0,70.67,B,Pass
3894,male,group C,master degree,free/reduced,False,8.2,6.4,82.0,97.0,51.0,public,True,76.1,100.0,76.67,B,Pass
3895,male,group B,bachelor degree,standard,True,17.1,7.9,100.0,71.0,82.0,private,True,86.8,100.0,84.33,B,Pass
3896,female,group C,some college,free/reduced,True,4.2,7.0,70.0,83.0,76.0,public,True,90.5,100.0,76.33,B,Pass
3897,male,group D,high school,free/reduced,False,8.5,7.6,66.0,57.0,67.0,public,True,87.3,100.0,63.33,C,Pass
3898,male,group B,high school,standard,False,7.1,7.7,68.0,88.0,53.0,public,True,86.4,100.0,69.67,C,Pass
3899,male,group E,master degree,standard,False,18.4,6.0,85.0,90.0,95.0,private,True,93.1,100.0,90.0,A,Pass
3900,female,group E,some college,standard,False,4.6,7.6,72.0,79.0,77.0,public,True,87.3,100.0,76.0,B,Pass
3901,female,group E,bachelor degree,standard,False,11.5,7.1,78.0,62.0,74.0,public,True,80.8,100.0,71.33,B,Pass
3902,male,group C,associate degree,free/reduced,True,9.6,7.3,83.0,75.0,71.0,public,False,84.7,100.0,76.33,B,Pass
3903,male,group B,master degree,free/reduced,False,5.0,9.3,44.0,84.0,68.0,international,True,89.5,100.0,65.33,C,Pass
3904,male,group A,some college,standard,False,11.0,5.2,71.0,61.0,57.0,public,True,75.5,100.0,63.0,C,Pass
3905,female,group B,bachelor degree,standard,True,8.3,8.7,69.0,77.0,67.0,public,True,91.5,100.0,71.0,B,Pass
3906,male,group C,high school,standard,False,9.7,5.6,55.0,85.0,70.0,private,True,81.4,100.0,70.0,B,Pass
3907,female,group B,high school,free/reduced,True,14.6,7.2,82.0,69.0,81.0,public,True,92.6,100.0,77.33,B,Pass
3908,male,group B,high school,free/reduced,False,14.8,7.2,82.0,67.0,85.0,private,True,79.2,100.0,78.0,B,Pass
3909,female,group D,some college,free/reduced,True,7.4,8.7,81.0,84.0,81.0,private,True,90.7,100.0,82.0,B,Pass
3910,male,group D,high school,standard,True,0.0,8.6,77.0,99.0,61.0,public,True,82.9,100.0,79.0,B,Pass
3911,male,group B,bachelor degree,standard,True,7.8,7.2,73.0,76.0,78.0,public,True,78.2,100.0,75.67,B,Pass
3912,female,group E,bachelor degree,free/reduced,True,8.2,10.1,59.0,62.0,96.0,public,True,85.0,100.0,72.33,B,Pass
3913,female,group C,high school,standard,True,0.7,7.4,74.0,63.0,50.0,public,True,85.0,100.0,62.33,C,Pass
3914,female,group E,some college,standard,True,10.0,6.9,50.0,86.0,61.0,private,True,77.0,100.0,65.67,C,Pass
3915,female,group C,bachelor degree,standard,True,8.8,6.1,74.0,72.0,88.0,public,True,78.7,100.0,78.0,B,Pass
3916,female,group C,associate degree,standard,True,3.0,5.7,62.0,75.0,75.0,private,True,82.8,100.0,70.67,B,Pass
3917,female,group D,high school,free/reduced,False,5.8,9.4,100.0,71.0,61.0,private,True,85.4,100.0,77.33,B,Pass
3918,female,group B,bachelor degree,free/reduced,True,16.5,7.9,73.0,82.0,82.0,private,True,89.3,100.0,79.0,B,Pass
3919,male,group B,bachelor degree,standard,False,5.6,9.3,72.0,49.0,87.0,public,True,87.5,100.0,69.33,C,Pass
3920,female,group A,some college,free/reduced,True,8.9,6.1,82.0,65.0,70.0,public,False,83.6,100.0,72.33,B,Pass
3921,male,group D,bachelor degree,standard,False,14.2,7.2,74.0,90.0,74.0,public,True,96.0,100.0,79.33,B,Pass
3922,male,group B,bachelor degree,standard,True,9.7,7.2,85.0,71.0,79.0,private,True,87.3,100.0,78.33,B,Pass
3923,male,group B,master degree,standard,False,13.3,7.2,45.0,75.0,79.0,private,True,79.8,100.0,66.33,C,Pass
3924,female,group A,high school,free/reduced,True,12.6,7.4,90.0,76.0,64.0,public,True,77.6,100.0,76.67,B,Pass
3925,female,group D,high school,standard,False,9.6,6.7,65.0,82.0,93.0,public,True,85.7,100.0,80.0,B,Pass
3926,female,group A,high school,standard,False,9.6,6.9,80.0,58.0,59.0,public,True,79.6,100.0,65.67,C,Pass
3927,female,group D,associate degree,standard,False,13.1,8.6,100.0,91.0,50.0,public,True,91.9,100.0,80.33,B,Pass
3928,female,group C,some college,standard,False,18.6,8.1,68.0,71.0,50.0,public,True,82.4,100.0,63.0,C,Pass
3929,female,group D,high school,standard,False,8.5,8.1,73.0,57.0,74.0,public,True,76.3,100.0,68.0,C,Pass
3930,male,group C,master degree,standard,False,4.7,7.7,73.0,76.0,71.0,public,True,85.1,100.0,73.33,B,Pass
3931,female,group E,high school,standard,True,16.6,7.6,75.0,71.0,91.0,public,False,90.0,100.0,79.0,B,Pass
3932,female,group A,some college,standard,False,12.3,6.6,80.0,62.0,80.0,public,False,92.2,100.0,74.0,B,Pass
3933,male,group E,high school,standard,False,14.4,6.8,87.0,70.0,85.0,public,True,91.7,100.0,80.67,B,Pass
3934,male,group D,high school,standard,True,8.4,4.6,66.0,76.0,70.0,public,False,87.1,100.0,70.67,B,Pass
3935,male,group A,some college,standard,True,14.4,8.6,81.0,80.0,60.0,public,True,84.8,100.0,73.67,B,Pass
3936,male,group D,bachelor degree,free/reduced,False,8.3,7.2,97.0,75.0,79.0,public,False,90.4,100.0,83.67,B,Pass
3937,male,group D,bachelor degree,standard,False,14.3,6.1,76.0,48.0,56.0,international,True,85.2,100.0,60.0,C,Pass
3938,female,group E,bachelor degree,standard,False,10.8,4.1,73.0,78.0,99.0,public,True,81.7,100.0,83.33,B,Pass
3939,male,group A,high school,free/reduced,True,11.9,7.6,59.0,94.0,71.0,public,False,83.0,100.0,74.67,B,Pass
3940,female,group C,associate degree,standard,True,6.3,6.4,40.0,68.0,73.0,public,True,75.3,100.0,60.33,C,Pass
3941,male,group C,high school,free/reduced,True,12.2,5.9,68.0,73.0,57.0,public,False,83.3,100.0,66.0,C,Pass
3942,female,group B,bachelor degree,free/reduced,True,16.0,7.6,63.0,47.0,78.0,private,True,86.2,100.0,62.67,C,Pass
3943,female,group A,some college,free/reduced,False,8.6,7.8,58.0,71.0,58.0,public,True,76.9,100.0,62.33,C,Pass
3944,female,group D,high school,free/reduced,True,5.6,7.1,77.0,55.0,71.0,public,True,70.1,100.0,67.67,C,Pass
3945,male,group C,bachelor degree,standard,True,9.6,5.6,74.0,75.0,71.0,public,True,82.3,100.0,73.33,B,Pass
3946,male,group B,high school,free/reduced,True,12.3,7.4,72.0,58.0,48.0,public,True,83.3,100.0,59.33,C,Pass
3947,male,group E,high school,standard,True,10.2,7.4,66.0,81.0,74.0,public,False,87.2,100.0,73.67,B,Pass
3948,male,group D,high school,free/reduced,True,6.4,7.2,65.0,81.0,69.0,public,True,85.8,100.0,71.67,B,Pass
3949,female,group A,some college,standard,True,5.2,6.4,73.0,73.0,68.0,public,True,82.1,100.0,71.33,B,Pass
3950,female,group E,associate degree,standard,True,4.5,5.1,56.0,82.0,77.0,public,True,77.3,100.0,71.67,B,Pass
3951,male,group E,high school,free/reduced,False,9.6,9.3,72.0,50.0,52.0,public,False,80.8,100.0,58.0,C,Pass
3952,male,group B,high school,free/reduced,False,12.0,7.1,80.0,75.0,47.0,public,True,77.8,100.0,67.33,C,Pass
3953,male,group A,bachelor degree,standard,True,9.2,7.9,60.0,79.0,66.0,international,True,93.3,100.0,68.33,C,Pass
3954,male,group A,associate degree,standard,False,15.0,7.9,87.0,63.0,99.0,private,True,91.1,100.0,83.0,B,Pass
3955,female,group C,high school,standard,True,6.9,7.9,71.0,64.0,59.0,international,True,78.0,100.0,64.67,C,Pass
3956,female,group D,associate degree,free/reduced,False,21.8,7.2,94.0,71.0,61.0,public,True,82.1,100.0,75.33,B,Pass
3957,female,group E,high school,standard,True,0.6,8.4,88.0,71.0,57.0,private,False,83.3,100.0,72.0,B,Pass
3958,male,group C,associate degree,standard,True,7.1,7.2,86.0,99.0,59.0,public,True,86.3,100.0,81.33,B,Pass
3959,female,group C,some college,standard,False,16.3,4.8,72.0,70.0,81.0,public,True,90.3,100.0,74.33,B,Pass
3960,male,group C,high school,free/reduced,False,8.7,6.6,74.0,91.0,72.0,private,True,87.5,100.0,79.0,B,Pass
3961,female,group C,some college,standard,True,13.2,4.6,92.0,71.0,88.0,public,True,84.7,100.0,83.67,B,Pass
3962,male,group D,high school,free/reduced,False,18.6,5.7,68.0,71.0,62.0,private,False,91.1,100.0,67.0,C,Pass
3963,female,group D,high school,standard,False,3.0,7.4,70.0,62.0,58.0,public,True,80.6,100.0,63.33,C,Pass
3964,male,group E,bachelor degree,free/reduced,True,9.6,8.0,55.0,68.0,86.0,public,True,86.7,100.0,69.67,C,Pass
3965,male,group C,high school,free/reduced,True,7.2,5.8,59.0,53.0,84.0,public,True,78.1,100.0,65.33,C,Pass
3966,male,group B,some college,standard,False,16.9,6.5,63.0,61.0,60.0,private,False,81.3,100.0,61.33,C,Pass
3967,female,group E,associate degree,standard,True,15.2,7.0,76.0,97.0,71.0,international,True,89.0,100.0,81.33,B,Pass
3968,female,group A,some college,free/reduced,False,1.3,5.4,68.0,86.0,49.0,public,True,72.6,100.0,67.67,C,Pass
3969,female,group C,some college,standard,True,8.0,10.0,52.0,84.0,77.0,public,True,93.5,100.0,71.0,B,Pass
3970,female,group C,bachelor degree,standard,True,12.7,7.2,88.0,40.0,61.0,public,True,86.7,100.0,63.0,C,Pass
3971,male,group C,some college,standard,False,5.4,5.7,57.0,60.0,66.0,public,True,77.4,100.0,61.0,C,Pass
3972,female,group D,high school,free/reduced,True,0.7,8.6,42.0,93.0,70.0,public,True,76.8,100.0,68.33,C,Pass
3973,male,group E,high school,standard,True,11.8,8.3,67.0,84.0,67.0,private,True,85.8,100.0,72.67,B,Pass
3974,female,group C,master degree,standard,False,0.1,5.6,71.0,75.0,75.0,public,True,84.9,100.0,73.67,B,Pass
3975,male,group B,some college,standard,False,11.3,6.4,49.0,78.0,61.0,public,True,81.8,100.0,62.67,C,Pass
3976,male,group E,high school,free/reduced,True,13.2,7.0,82.0,55.0,84.0,public,True,85.4,100.0,73.67,B,Pass
3977,female,group A,bachelor degree,standard,False,8.4,7.3,75.0,75.0,43.0,public,True,83.3,100.0,64.33,C,Pass
3978,male,group E,some college,standard,False,5.8,6.0,50.0,64.0,71.0,public,False,86.8,100.0,61.67,C,Pass
3979,female,group B,some college,standard,True,8.1,8.6,71.0,71.0,79.0,international,True,87.2,100.0,73.67,B,Pass
3980,female,group B,associate degree,free/reduced,False,11.7,5.7,89.0,100.0,76.0,public,True,85.1,100.0,88.33,A,Pass
3981,female,group C,some college,standard,True,10.2,5.5,79.0,62.0,61.0,public,True,88.7,100.0,67.33,C,Pass
3982,male,group B,bachelor degree,standard,True,14.6,5.7,50.0,68.0,64.0,private,False,87.5,100.0,60.67,C,Pass
3983,male,group B,associate degree,standard,False,7.4,6.8,56.0,69.0,51.0,public,True,94.2,100.0,58.67,C,Pass
3984,female,group E,high school,free/reduced,True,1.7,8.5,65.0,89.0,55.0,private,True,77.2,100.0,69.67,C,Pass
3985,female,group C,high school,free/reduced,True,9.4,7.2,56.0,79.0,60.0,public,True,82.2,100.0,65.0,C,Pass
3986,male,group B,master degree,free/reduced,True,6.6,8.4,55.0,60.0,87.0,public,True,71.5,100.0,67.33,C,Pass
3987,male,group C,some college,free/reduced,False,9.3,8.1,80.0,75.0,93.0,public,True,90.8,100.0,82.67,B,Pass
3988,female,group B,some college,free/reduced,False,6.9,6.1,82.0,81.0,55.0,public,True,81.3,100.0,72.67,B,Pass
3989,male,group E,high school,free/reduced,True,13.2,7.2,77.0,54.0,77.0,public,True,92.4,100.0,69.33,C,Pass
3990,female,group E,bachelor degree,standard,False,6.3,6.5,83.0,87.0,62.0,public,True,82.1,100.0,77.33,B,Pass
3991,female,group C,master degree,standard,False,18.8,6.4,80.0,74.0,73.0,public,False,76.8,100.0,75.67,B,Pass
3992,female,group B,bachelor degree,free/reduced,False,11.7,5.7,84.0,66.0,68.0,public,True,81.7,100.0,72.67,B,Pass
3993,female,group C,some college,free/reduced,False,8.1,9.2,86.0,68.0,59.0,public,True,73.5,100.0,71.0,B,Pass
3994,male,group C,associate degree,free/reduced,False,17.5,7.9,37.0,67.0,85.0,private,True,84.0,100.0,63.0,C,Pass
3995,male,group B,associate degree,standard,True,12.3,4.9,81.0,76.0,80.0,public,True,76.3,100.0,79.0,B,Pass
3996,female,group A,some college,standard,True,14.3,7.6,88.0,61.0,78.0,public,False,85.4,100.0,75.67,B,Pass
3997,female,group C,some college,standard,False,9.2,8.5,71.0,74.0,85.0,public,True,75.3,100.0,76.67,B,Pass
3998,female,group B,associate degree,standard,False,9.9,8.6,88.0,53.0,70.0,public,True,81.5,100.0,70.33,B,Pass
3999,female,group E,bachelor degree,standard,True,9.6,7.2,79.0,63.0,68.0,public,True,91.2,100.0,70.0,B,Pass
4000,female,group C,some college,free/reduced,True,7.2,8.0,88.0,58.0,50.0,private,True,82.9,100.0,65.33,C,Pass
4001,male,group E,associate degree,standard,False,10.8,5.1,84.0,71.0,80.0,public,True,81.9,100.0,78.33,B,Pass
4002,female,group D,associate degree,standard,False,9.6,7.6,96.0,83.0,81.0,public,True,89.5,100.0,86.67,A,Pass
4003,female,group B,high school,standard,False,5.8,6.7,65.0,78.0,69.0,public,True,83.4,100.0,70.67,B,Pass
4004,male,group C,high school,standard,False,9.6,8.6,51.0,71.0,82.0,public,True,84.4,100.0,68.0,C,Pass
4005,female,group C,some college,standard,False,12.4,7.0,89.0,88.0,72.0,public,True,81.4,100.0,83.0,B,Pass
4006,female,group E,high school,free/reduced,True,11.7,5.4,92.0,81.0,54.0,private,True,88.2,100.0,75.67,B,Pass
4007,male,group B,master degree,standard,True,4.0,7.3,82.0,81.0,51.0,public,True,70.0,100.0,71.33,B,Pass
4008,female,group E,some college,standard,False,7.6,7.0,65.0,66.0,72.0,public,False,78.9,100.0,67.67,C,Pass
4009,male,group D,some college,standard,True,12.8,5.8,53.0,65.0,79.0,public,True,78.8,100.0,65.67,C,Pass
4010,male,group A,bachelor degree,free/reduced,False,4.5,4.9,97.0,78.0,74.0,private,True,91.4,100.0,83.0,B,Pass
4011,male,group C,high school,free/reduced,True,8.9,6.5,68.0,91.0,50.0,public,True,83.0,100.0,69.67,C,Pass
4012,female,group E,bachelor degree,standard,False,4.1,6.6,74.0,96.0,50.0,private,True,77.3,100.0,73.33,B,Pass
4013,male,group E,bachelor degree,standard,False,9.6,5.7,70.0,62.0,69.0,public,True,76.9,100.0,67.0,C,Pass
4014,female,group D,some college,free/reduced,False,9.6,7.8,72.0,70.0,65.0,public,True,83.6,100.0,69.0,C,Pass
4015,female,group A,master degree,standard,True,7.3,8.6,52.0,97.0,90.0,international,True,86.5,100.0,79.67,B,Pass
4016,female,group E,high school,standard,True,7.1,8.9,73.0,69.0,83.0,private,True,82.1,100.0,75.0,B,Pass
4017,female,group E,high school,standard,False,8.9,6.0,65.0,80.0,63.0,public,False,80.3,100.0,69.33,C,Pass
4018,female,group E,some college,standard,False,12.7,8.7,86.0,80.0,63.0,public,True,89.0,100.0,76.33,B,Pass
4019,female,group E,high school,free/reduced,True,11.3,8.5,79.0,83.0,100.0,public,True,87.3,100.0,87.33,A,Pass
4020,female,group B,associate degree,standard,False,9.2,6.9,52.0,66.0,65.0,public,True,79.0,100.0,61.0,C,Pass
4021,male,group D,high school,standard,False,8.1,7.3,82.0,62.0,59.0,public,True,92.9,100.0,67.67,C,Pass
4022,female,group E,high school,standard,False,19.0,7.2,82.0,73.0,61.0,private,True,76.7,100.0,72.0,B,Pass
4023,male,group E,some college,free/reduced,True,9.6,8.8,40.0,57.0,65.0,public,True,67.3,100.0,54.0,D,Pass
4024,male,group A,bachelor degree,free/reduced,False,9.6,7.6,83.0,58.0,71.0,public,True,87.1,100.0,70.67,B,Pass
4025,female,group D,associate degree,free/reduced,False,14.2,8.0,80.0,57.0,76.0,private,True,80.0,100.0,71.0,B,Pass
4026,male,group E,high school,standard,True,4.7,7.4,59.0,86.0,76.0,public,True,82.9,100.0,73.67,B,Pass
4027,male,group A,bachelor degree,standard,True,9.9,7.2,73.0,51.0,80.0,public,False,78.3,100.0,68.0,C,Pass
4028,female,group B,master degree,standard,False,8.3,6.9,70.0,93.0,70.0,public,True,84.8,100.0,77.67,B,Pass
4029,female,group C,some college,free/reduced,False,9.6,8.3,51.0,63.0,47.0,private,True,84.5,100.0,53.67,D,Pass
4030,female,group C,high school,standard,False,8.1,7.4,56.0,76.0,79.0,private,True,87.1,100.0,70.33,B,Pass
4031,male,group D,master degree,free/reduced,True,2.5,7.2,58.0,91.0,78.0,international,True,89.6,100.0,75.67,B,Pass
4032,female,group B,associate degree,standard,False,13.7,5.5,59.0,71.0,86.0,public,True,76.6,100.0,72.0,B,Pass
4033,female,group C,some college,free/reduced,True,10.2,6.5,62.0,72.0,57.0,international,True,74.7,100.0,63.67,C,Pass
4034,female,group E,some college,free/reduced,False,10.0,7.5,72.0,42.0,69.0,private,True,65.2,100.0,61.0,C,Pass
4035,female,group C,associate degree,standard,False,14.8,7.9,69.0,62.0,74.0,private,True,78.3,100.0,68.33,C,Pass
4036,female,group D,some college,standard,True,15.2,6.1,42.0,71.0,99.0,public,True,88.1,100.0,70.67,B,Pass
4037,female,group A,associate degree,free/reduced,True,15.0,7.6,68.0,62.0,41.0,private,True,80.4,100.0,57.0,C,Pass
4038,female,group C,associate degree,standard,False,10.1,7.2,53.0,74.0,77.0,private,True,81.1,100.0,68.0,C,Pass
4039,male,group B,high school,standard,True,12.2,8.0,52.0,77.0,71.0,public,True,81.4,100.0,66.67,C,Pass
4040,male,group B,associate degree,free/reduced,True,12.2,9.6,100.0,63.0,62.0,public,False,81.6,100.0,75.0,B,Pass
4041,female,group C,bachelor degree,standard,True,13.9,4.6,63.0,83.0,61.0,public,True,83.6,100.0,69.0,C,Pass
4042,female,group C,some college,standard,False,15.5,6.9,66.0,66.0,76.0,private,True,86.6,100.0,69.33,C,Pass
4043,female,group E,bachelor degree,standard,True,7.8,6.7,89.0,85.0,55.0,public,True,77.5,100.0,76.33,B,Pass
4044,female,group A,associate degree,standard,False,10.6,7.3,89.0,46.0,63.0,public,True,82.9,100.0,66.0,C,Pass
4045,male,group C,some college,standard,False,14.3,7.7,36.0,90.0,71.0,public,False,85.9,100.0,65.67,C,Pass
4046,female,group B,high school,standard,True,10.3,5.8,51.0,77.0,67.0,public,False,78.9,100.0,65.0,C,Pass
4047,male,group A,high school,standard,False,7.1,6.9,100.0,70.0,82.0,public,True,92.1,100.0,84.0,B,Pass
4048,male,group B,master degree,free/reduced,True,10.9,6.4,70.0,69.0,86.0,private,True,99.1,100.0,75.0,B,Pass
4049,female,group E,some college,free/reduced,True,14.0,7.9,64.0,85.0,72.0,public,True,83.9,100.0,73.67,B,Pass
4050,female,group B,some college,standard,True,7.0,6.3,67.0,55.0,77.0,public,True,83.5,100.0,66.33,C,Pass
4051,male,group D,associate degree,standard,True,12.6,4.2,85.0,45.0,44.0,public,False,74.5,100.0,58.0,C,Pass
4052,female,group C,bachelor degree,standard,True,13.0,8.7,36.0,79.0,80.0,public,True,81.9,100.0,65.0,C,Pass
4053,male,group B,some college,standard,False,10.4,8.0,75.0,100.0,75.0,public,True,90.6,100.0,83.33,B,Pass
4054,female,group A,some college,free/reduced,False,2.6,5.0,72.0,64.0,95.0,public,True,86.8,100.0,77.0,B,Pass
4055,male,group D,high school,standard,False,19.3,6.1,67.0,76.0,61.0,public,True,77.1,100.0,68.0,C,Pass
4056,female,group E,some college,standard,False,6.0,6.5,70.0,73.0,68.0,public,True,84.2,100.0,70.33,B,Pass
4057,female,group B,high school,standard,False,13.0,6.1,93.0,68.0,67.0,public,True,92.7,100.0,76.0,B,Pass
4058,female,group D,high school,standard,True,9.6,7.4,77.0,92.0,87.0,public,True,91.4,100.0,85.33,A,Pass
4059,male,group B,associate degree,standard,False,12.3,8.4,64.0,68.0,71.0,public,False,86.9,100.0,67.67,C,Pass
4060,female,group B,high school,standard,True,9.2,9.4,78.0,66.0,58.0,public,True,80.7,100.0,67.33,C,Pass
4061,female,group E,high school,standard,False,6.6,8.6,52.0,83.0,70.0,public,True,86.1,100.0,68.33,C,Pass
4062,male,group B,bachelor degree,free/reduced,False,7.8,7.6,58.0,36.0,82.0,public,True,79.9,100.0,58.67,C,Pass
4063,male,group D,high school,free/reduced,True,11.5,7.2,56.0,53.0,77.0,public,False,75.0,100.0,62.0,C,Pass
4064,female,group D,bachelor degree,free/reduced,True,15.0,6.9,83.0,82.0,100.0,public,True,91.9,100.0,88.33,A,Pass
4065,female,group D,associate degree,standard,False,12.5,10.1,45.0,59.0,100.0,private,True,77.2,100.0,68.0,C,Pass
4066,female,group A,associate degree,free/reduced,True,6.4,8.3,55.0,73.0,100.0,private,True,82.2,100.0,76.0,B,Pass
4067,male,group B,associate degree,standard,True,6.9,7.8,80.0,66.0,72.0,public,True,85.0,100.0,72.67,B,Pass
4068,female,group E,bachelor degree,standard,False,5.3,6.6,76.0,82.0,65.0,international,True,86.2,100.0,74.33,B,Pass
4069,female,group E,high school,standard,False,5.7,5.9,92.0,74.0,56.0,public,True,78.7,100.0,74.0,B,Pass
4070,male,group C,bachelor degree,free/reduced,True,6.3,7.3,56.0,86.0,76.0,private,True,89.3,100.0,72.67,B,Pass
4071,female,group A,some college,free/reduced,False,19.0,11.0,61.0,87.0,87.0,international,True,89.2,100.0,78.33,B,Pass
4072,female,group A,associate degree,standard,True,7.6,9.2,40.0,71.0,94.0,public,True,78.7,100.0,68.33,C,Pass
4073,female,group A,master degree,free/reduced,False,11.2,6.5,62.0,56.0,62.0,public,True,71.3,100.0,60.0,C,Pass
4074,female,group E,high school,standard,False,15.2,8.3,95.0,84.0,76.0,public,True,88.3,100.0,85.0,A,Pass
4075,female,group C,high school,standard,False,11.3,7.2,89.0,79.0,71.0,private,True,84.6,100.0,79.67,B,Pass
4076,male,group C,associate degree,free/reduced,True,9.4,7.0,51.0,47.0,84.0,public,True,79.8,100.0,60.67,C,Pass
4077,male,group B,high school,standard,True,8.8,7.6,64.0,54.0,71.0,public,False,78.4,100.0,63.0,C,Pass
4078,female,group D,some college,standard,False,15.6,6.6,95.0,71.0,95.0,public,True,79.6,100.0,87.0,A,Pass
4079,female,group B,high school,standard,False,9.1,8.5,92.0,71.0,68.0,public,True,83.7,100.0,77.0,B,Pass
4080,male,group C,high school,standard,False,9.6,7.7,68.0,90.0,60.0,public,True,82.5,100.0,72.67,B,Pass
4081,male,group E,some college,standard,False,9.6,10.0,59.0,74.0,86.0,public,True,87.4,100.0,73.0,B,Pass
4082,female,group D,some college,free/reduced,False,5.5,7.5,60.0,71.0,77.0,private,True,79.1,100.0,69.33,C,Pass
4083,female,group B,high school,standard,True,17.9,7.2,52.0,68.0,71.0,public,True,88.7,100.0,63.67,C,Pass
4084,female,group B,some college,standard,False,7.8,8.3,41.0,67.0,71.0,public,True,69.3,100.0,59.67,C,Pass
4085,male,group A,high school,standard,False,9.3,7.9,73.0,71.0,57.0,public,True,88.2,100.0,67.0,C,Pass
4086,female,group C,bachelor degree,free/reduced,True,11.6,6.4,82.0,76.0,59.0,public,True,82.8,100.0,72.33,B,Pass
4087,female,group E,associate degree,standard,True,16.1,7.3,80.0,68.0,77.0,public,False,89.3,100.0,75.0,B,Pass
4088,female,group E,bachelor degree,standard,True,14.8,8.3,68.0,88.0,57.0,public,True,83.8,100.0,71.0,B,Pass
4089,female,group A,high school,standard,False,6.1,6.5,35.0,50.0,80.0,private,True,82.7,100.0,55.0,C,Pass
4090,female,group C,some college,standard,True,5.3,6.6,73.0,98.0,68.0,private,False,84.9,100.0,79.67,B,Pass
4091,male,group A,some college,standard,False,6.5,6.8,73.0,62.0,45.0,private,True,73.5,100.0,60.0,C,Pass
4092,male,group B,master degree,standard,False,11.3,8.1,77.0,42.0,65.0,public,True,86.6,100.0,61.33,C,Pass
4093,male,group A,high school,free/reduced,True,4.7,5.6,78.0,68.0,92.0,private,True,86.2,100.0,79.33,B,Pass
4094,female,group C,high school,standard,False,7.9,8.5,62.0,87.0,81.0,private,True,86.8,100.0,76.67,B,Pass
4095,female,group E,high school,standard,True,13.2,5.1,71.0,75.0,53.0,public,True,87.7,100.0,66.33,C,Pass
4096,female,group A,some college,standard,True,10.0,4.8,72.0,69.0,53.0,public,True,75.7,100.0,64.67,C,Pass
4097,male,group D,master degree,standard,True,11.0,7.6,85.0,72.0,62.0,public,True,87.2,100.0,73.0,B,Pass
4098,female,group C,some college,standard,False,2.0,7.3,87.0,74.0,78.0,public,True,83.9,100.0,79.67,B,Pass
4099,female,group B,master degree,standard,False,8.3,6.9,66.0,75.0,86.0,private,True,84.6,100.0,75.67,B,Pass
4100,female,group C,high school,standard,True,13.8,7.3,66.0,71.0,79.0,public,True,84.0,100.0,72.0,B,Pass
4101,male,group C,high school,standard,True,7.7,5.7,73.0,90.0,80.0,public,True,79.9,100.0,81.0,B,Pass
4102,female,group A,associate degree,standard,False,12.2,5.9,89.0,71.0,67.0,public,True,81.2,100.0,75.67,B,Pass
4103,male,group C,bachelor degree,standard,True,4.3,6.9,71.0,54.0,52.0,international,True,85.4,100.0,59.0,C,Pass
4104,female,group E,associate degree,free/reduced,True,13.3,7.2,45.0,84.0,82.0,public,True,87.6,100.0,70.33,B,Pass
4105,female,group B,some college,free/reduced,True,4.0,7.3,70.0,62.0,82.0,public,True,83.2,100.0,71.33,B,Pass
4106,female,group C,associate degree,standard,False,5.7,4.8,60.0,56.0,99.0,public,True,84.9,100.0,71.67,B,Pass
4107,male,group B,bachelor degree,free/reduced,False,7.5,6.4,66.0,48.0,49.0,private,True,75.3,100.0,54.33,D,Pass
4108,male,group B,high school,standard,False,5.7,7.4,67.0,76.0,69.0,public,True,90.0,100.0,70.67,B,Pass
4109,male,group D,some college,standard,False,5.3,5.7,79.0,91.0,71.0,public,True,86.1,100.0,80.33,B,Pass
4110,male,group D,some college,standard,False,2.9,6.2,83.0,76.0,76.0,public,False,87.5,100.0,78.33,B,Pass
4111,female,group D,bachelor degree,free/reduced,True,15.9,5.0,51.0,67.0,74.0,public,True,86.3,100.0,64.0,C,Pass
4112,male,group E,high school,free/reduced,True,10.1,7.6,75.0,75.0,38.0,public,True,76.2,100.0,62.67,C,Pass
4113,male,group A,high school,standard,False,6.5,5.4,49.0,65.0,71.0,public,True,87.5,100.0,61.67,C,Pass
4114,female,group E,master degree,standard,False,12.6,7.9,74.0,78.0,54.0,private,True,74.8,100.0,68.67,C,Pass
4115,female,group C,high school,standard,True,9.7,6.3,39.0,65.0,71.0,public,True,86.5,100.0,58.33,C,Pass
4116,female,group C,high school,standard,False,9.7,6.9,74.0,85.0,100.0,public,True,87.7,100.0,86.33,A,Pass
4117,male,group A,high school,free/reduced,False,8.3,8.0,51.0,49.0,48.0,public,True,73.5,100.0,49.33,D,Pass
4118,female,group C,high school,free/reduced,False,5.1,8.6,77.0,63.0,72.0,public,True,73.8,100.0,70.67,B,Pass
4119,male,group A,high school,standard,True,12.2,5.9,64.0,63.0,68.0,private,True,78.7,100.0,65.0,C,Pass
4120,female,group C,high school,standard,True,8.0,7.5,67.0,99.0,83.0,public,True,83.0,100.0,83.0,B,Pass
4121,female,group E,high school,free/reduced,True,9.6,6.7,69.0,74.0,74.0,public,False,80.9,100.0,72.33,B,Pass
4122,female,group D,high school,standard,False,9.6,5.3,71.0,80.0,51.0,private,True,81.2,100.0,67.33,C,Pass
4123,male,group A,high school,standard,False,12.7,7.3,80.0,42.0,63.0,private,True,84.5,100.0,61.67,C,Pass
4124,female,group D,high school,standard,False,2.9,5.7,68.0,88.0,67.0,public,True,85.8,100.0,74.33,B,Pass
4125,male,group D,high school,standard,True,8.4,6.0,74.0,48.0,69.0,private,True,82.0,100.0,63.67,C,Pass
4126,female,group D,high school,standard,False,7.8,6.3,69.0,87.0,69.0,private,True,79.5,100.0,75.0,B,Pass
4127,female,group D,bachelor degree,standard,False,5.1,6.8,57.0,61.0,58.0,private,True,74.1,100.0,58.67,C,Pass
4128,female,group E,high school,standard,True,11.7,6.9,69.0,75.0,73.0,public,True,92.9,100.0,72.33,B,Pass
4129,male,group C,some college,standard,False,9.6,10.0,78.0,58.0,72.0,private,True,79.1,100.0,69.33,C,Pass
4130,male,group C,master degree,standard,False,1.5,9.1,70.0,80.0,91.0,private,True,95.4,100.0,80.33,B,Pass
4131,female,group A,high school,standard,True,7.4,9.8,80.0,71.0,68.0,private,True,82.9,100.0,73.0,B,Pass
4132,male,group D,associate degree,standard,True,0.4,7.2,95.0,72.0,50.0,private,True,83.9,100.0,72.33,B,Pass
4133,female,group A,associate degree,free/reduced,False,9.6,8.9,23.0,51.0,64.0,public,True,78.8,100.0,46.0,D,Pass
4134,female,group E,some college,standard,False,7.9,8.9,78.0,71.0,62.0,public,True,89.4,100.0,70.33,B,Pass
4135,male,group E,master degree,free/reduced,False,7.6,5.2,87.0,56.0,87.0,public,True,85.1,100.0,76.67,B,Pass
4136,male,group D,associate degree,standard,False,2.4,9.9,61.0,69.0,61.0,private,True,78.5,100.0,63.67,C,Pass
4137,female,group E,master degree,standard,False,8.6,6.3,73.0,64.0,47.0,public,True,79.3,100.0,61.33,C,Pass
4138,female,group C,high school,standard,True,9.8,7.2,71.0,60.0,77.0,public,True,84.4,100.0,69.33,C,Pass
4139,female,group E,bachelor degree,standard,False,9.6,6.4,76.0,71.0,65.0,private,True,87.6,100.0,70.67,B,Pass
4140,female,group E,some college,free/reduced,True,9.6,7.2,44.0,59.0,71.0,private,True,78.1,100.0,58.0,C,Pass
4141,male,group B,high school,free/reduced,False,3.4,8.2,64.0,55.0,77.0,private,True,84.2,100.0,65.33,C,Pass
4142,female,group D,associate degree,standard,False,11.9,7.2,94.0,86.0,50.0,public,True,93.9,100.0,76.67,B,Pass
4143,male,group D,high school,standard,False,5.5,5.4,77.0,78.0,76.0,public,True,87.7,100.0,77.0,B,Pass
4144,female,group C,high school,standard,False,6.1,3.0,70.0,47.0,61.0,international,True,80.3,100.0,59.33,C,Pass
4145,male,group C,some college,standard,False,9.6,9.0,84.0,81.0,62.0,public,True,77.7,100.0,75.67,B,Pass
4146,male,group D,high school,standard,True,10.1,5.3,68.0,85.0,77.0,public,True,72.5,100.0,76.67,B,Pass
4147,female,group B,bachelor degree,free/reduced,True,5.8,6.2,74.0,64.0,76.0,private,True,85.5,100.0,71.33,B,Pass
4148,female,group C,some college,standard,False,3.2,5.7,62.0,69.0,69.0,international,True,81.2,100.0,66.67,C,Pass
4149,female,group B,associate degree,standard,False,7.4,9.8,50.0,59.0,55.0,public,True,74.3,100.0,54.67,D,Pass
4150,female,group B,associate degree,standard,False,4.5,6.4,64.0,66.0,73.0,public,True,83.3,100.0,67.67,C,Pass
4151,female,group B,high school,standard,True,9.6,6.4,66.0,79.0,55.0,public,True,81.4,100.0,66.67,C,Pass
4152,female,group D,high school,standard,False,4.9,6.1,70.0,66.0,40.0,international,True,84.1,100.0,58.67,C,Pass
4153,male,group E,some college,standard,False,9.4,7.1,74.0,96.0,70.0,public,True,87.4,100.0,80.0,B,Pass
4154,male,group C,bachelor degree,standard,True,5.6,9.5,73.0,72.0,57.0,private,True,78.2,100.0,67.33,C,Pass
4155,male,group B,bachelor degree,free/reduced,True,10.3,9.5,71.0,72.0,84.0,public,True,90.2,100.0,75.67,B,Pass
4156,male,group C,high school,standard,False,7.8,4.8,100.0,48.0,45.0,public,True,79.6,100.0,64.33,C,Pass
4157,female,group A,bachelor degree,standard,True,2.9,7.8,63.0,43.0,77.0,public,True,82.0,100.0,61.0,C,Pass
4158,male,group E,some college,free/reduced,True,15.6,6.4,67.0,72.0,74.0,private,True,81.0,100.0,71.0,B,Pass
4159,female,group E,some college,free/reduced,True,0.0,3.6,66.0,68.0,95.0,public,True,82.3,100.0,76.33,B,Pass
4160,female,group C,high school,free/reduced,False,10.3,5.8,70.0,77.0,83.0,public,True,86.1,100.0,76.67,B,Pass
4161,female,group E,associate degree,standard,False,10.3,10.0,73.0,71.0,72.0,private,False,83.7,100.0,72.0,B,Pass
4162,male,group D,master degree,standard,True,12.9,7.0,83.0,71.0,86.0,public,True,89.4,100.0,80.0,B,Pass
4163,male,group C,high school,standard,False,7.5,7.1,78.0,62.0,64.0,public,True,80.9,100.0,68.0,C,Pass
4164,male,group E,associate degree,standard,False,5.9,8.3,62.0,72.0,87.0,public,True,75.3,100.0,73.67,B,Pass
4165,male,group C,high school,standard,False,7.9,6.2,83.0,81.0,75.0,international,True,84.7,100.0,79.67,B,Pass
4166,female,group A,master degree,standard,False,16.7,7.6,84.0,85.0,68.0,international,True,90.6,100.0,79.0,B,Pass
4167,female,group E,associate degree,standard,False,20.2,5.4,53.0,38.0,83.0,public,True,76.7,100.0,58.0,C,Pass
4168,male,group C,high school,standard,False,9.4,7.6,53.0,64.0,63.0,public,True,77.8,100.0,60.0,C,Pass
4169,male,group C,associate degree,standard,True,9.9,6.2,71.0,84.0,72.0,private,True,90.2,100.0,75.67,B,Pass
4170,female,group C,some college,standard,True,10.8,8.1,68.0,91.0,46.0,public,True,78.8,100.0,68.33,C,Pass
4171,male,group A,associate degree,standard,False,0.9,9.3,96.0,86.0,73.0,public,True,81.3,100.0,85.0,A,Pass
4172,male,group C,associate degree,standard,False,9.6,6.5,53.0,62.0,64.0,international,False,78.1,100.0,59.67,C,Pass
4173,male,group C,bachelor degree,standard,False,9.5,6.9,75.0,89.0,88.0,public,True,86.2,100.0,84.0,B,Pass
4174,male,group C,bachelor degree,standard,False,13.9,7.4,89.0,55.0,52.0,private,True,76.3,100.0,65.33,C,Pass
4175,female,group A,bachelor degree,free/reduced,True,1.2,9.4,89.0,66.0,65.0,public,True,83.5,100.0,73.33,B,Pass
4176,female,group E,associate degree,standard,False,17.4,6.4,84.0,84.0,92.0,private,False,92.1,100.0,86.67,A,Pass
4177,female,group E,bachelor degree,standard,True,13.8,8.7,94.0,58.0,87.0,private,True,86.8,100.0,79.67,B,Pass
4178,female,group E,high school,standard,False,5.8,10.5,86.0,89.0,46.0,public,True,86.0,100.0,73.67,B,Pass
4179,male,group B,associate degree,standard,False,9.6,6.6,59.0,71.0,94.0,public,True,93.8,100.0,74.67,B,Pass
4180,male,group C,bachelor degree,standard,False,13.8,6.8,82.0,74.0,94.0,public,True,86.6,100.0,83.33,B,Pass
4181,female,group D,some college,standard,False,9.0,4.4,100.0,59.0,78.0,public,True,88.0,100.0,79.0,B,Pass
4182,female,group C,master degree,free/reduced,True,9.6,6.9,69.0,88.0,69.0,public,True,82.6,100.0,75.33,B,Pass
4183,male,group B,master degree,free/reduced,False,9.7,5.1,48.0,97.0,80.0,public,True,80.8,100.0,75.0,B,Pass
4184,female,group C,high school,standard,False,9.6,6.8,53.0,97.0,72.0,private,True,81.7,100.0,74.0,B,Pass
4185,male,group D,some college,standard,False,10.5,6.6,59.0,68.0,62.0,public,True,77.8,100.0,63.0,C,Pass
4186,male,group B,high school,standard,True,9.5,7.4,25.0,63.0,77.0,public,True,78.8,100.0,55.0,C,Pass
4187,male,group A,high school,standard,True,10.5,4.6,70.0,71.0,87.0,public,True,97.0,100.0,76.0,B,Pass
4188,female,group D,high school,standard,False,7.5,6.2,77.0,100.0,66.0,public,True,83.8,100.0,81.0,B,Pass
4189,female,group D,master degree,free/reduced,False,17.5,6.3,68.0,55.0,84.0,private,False,80.5,100.0,69.0,C,Pass
4190,male,group C,associate degree,standard,True,9.6,6.6,66.0,54.0,87.0,public,True,82.3,100.0,69.0,C,Pass
4191,male,group C,high school,free/reduced,True,6.5,4.6,48.0,66.0,82.0,public,True,83.1,100.0,65.33,C,Pass
4192,male,group C,associate degree,standard,True,6.0,7.3,69.0,74.0,53.0,international,True,82.5,100.0,65.33,C,Pass
4193,female,group E,bachelor degree,standard,True,10.2,7.4,60.0,53.0,76.0,public,True,86.6,100.0,63.0,C,Pass
4194,female,group D,bachelor degree,standard,False,9.5,6.6,75.0,71.0,73.0,public,True,71.9,100.0,73.0,B,Pass
4195,female,group B,high school,standard,True,6.8,7.8,66.0,65.0,88.0,private,True,72.3,100.0,73.0,B,Pass
4196,female,group D,high school,standard,False,8.6,7.2,78.0,86.0,76.0,private,True,84.5,100.0,80.0,B,Pass
4197,female,group D,high school,standard,False,10.5,7.8,60.0,56.0,65.0,private,True,84.6,100.0,60.33,C,Pass
4198,male,group B,associate degree,standard,False,9.6,7.2,51.0,85.0,68.0,private,True,74.4,100.0,68.0,C,Pass
4199,male,group D,associate degree,free/reduced,False,13.2,8.2,88.0,88.0,55.0,public,True,70.8,100.0,77.0,B,Pass
4200,female,group B,some college,standard,True,12.4,9.2,55.0,46.0,76.0,public,True,81.5,100.0,59.0,C,Pass
4201,male,group A,high school,standard,True,4.2,6.5,66.0,75.0,83.0,public,True,86.1,100.0,74.67,B,Pass
4202,female,group C,associate degree,free/reduced,False,13.6,4.4,56.0,79.0,85.0,international,False,78.9,100.0,73.33,B,Pass
4203,female,group C,high school,free/reduced,True,12.1,6.0,98.0,72.0,95.0,public,True,85.4,100.0,88.33,A,Pass
4204,male,group C,master degree,standard,False,6.0,7.3,57.0,93.0,90.0,public,True,82.2,100.0,80.0,B,Pass
4205,male,group B,high school,standard,False,10.8,7.2,84.0,82.0,90.0,public,True,89.7,100.0,85.33,A,Pass
4206,female,group C,high school,standard,True,9.2,5.6,34.0,83.0,51.0,private,False,74.3,100.0,56.0,C,Pass
4207,female,group D,high school,standard,False,7.3,7.4,66.0,68.0,79.0,private,False,85.9,100.0,71.0,B,Pass
4208,female,group C,high school,standard,True,8.4,5.5,63.0,71.0,47.0,private,True,64.7,100.0,60.33,C,Pass
4209,male,group C,some college,free/reduced,False,1.4,7.4,88.0,67.0,100.0,public,True,84.7,100.0,85.0,A,Pass
4210,female,group B,high school,standard,True,19.7,7.2,73.0,79.0,73.0,private,True,79.4,100.0,75.0,B,Pass
4211,female,group B,high school,free/reduced,False,0.0,8.3,55.0,62.0,61.0,public,True,77.5,100.0,59.33,C,Pass
4212,female,group E,some college,free/reduced,True,11.7,5.4,53.0,70.0,67.0,public,True,77.6,100.0,63.33,C,Pass
4213,female,group B,some college,free/reduced,True,5.5,7.4,71.0,60.0,75.0,private,True,86.5,100.0,68.67,C,Pass
4214,male,group B,high school,standard,False,5.9,8.3,64.0,71.0,73.0,public,True,73.3,100.0,69.33,C,Pass
4215,male,group E,master degree,free/reduced,False,8.2,8.4,67.0,100.0,81.0,international,True,88.3,100.0,82.67,B,Pass
4216,male,group B,high school,standard,False,13.2,9.6,46.0,65.0,58.0,international,True,80.3,100.0,56.33,C,Pass
4217,female,group A,some college,free/reduced,False,7.4,8.5,64.0,72.0,60.0,public,True,90.4,100.0,65.33,C,Pass
4218,male,group A,some college,standard,False,15.7,4.6,54.0,61.0,75.0,public,False,77.9,100.0,63.33,C,Pass
4219,female,group C,high school,standard,False,6.6,7.6,88.0,67.0,85.0,public,True,88.6,100.0,80.0,B,Pass
4220,female,group D,high school,free/reduced,True,10.5,6.2,87.0,71.0,70.0,public,False,76.2,100.0,76.0,B,Pass
4221,male,group C,some college,standard,True,12.7,7.9,63.0,90.0,83.0,public,True,74.5,100.0,78.67,B,Pass
4222,female,group B,high school,standard,False,9.6,7.2,90.0,74.0,76.0,public,True,91.2,100.0,80.0,B,Pass
4223,male,group D,high school,standard,False,6.9,10.3,61.0,62.0,100.0,private,True,84.7,100.0,74.33,B,Pass
4224,male,group D,master degree,standard,False,15.2,7.6,100.0,55.0,100.0,international,True,94.9,100.0,85.0,A,Pass
4225,male,group C,some college,standard,False,9.6,8.2,63.0,72.0,50.0,public,True,72.8,100.0,61.67,C,Pass
4226,male,group B,high school,free/reduced,False,13.0,6.3,74.0,57.0,100.0,public,True,88.4,100.0,77.0,B,Pass
4227,female,group D,high school,standard,False,12.0,7.9,43.0,57.0,65.0,public,True,86.3,100.0,55.0,C,Pass
4228,male,group C,master degree,standard,True,10.5,5.7,84.0,87.0,100.0,public,True,93.2,100.0,90.33,A,Pass
4229,male,group C,some college,standard,True,7.8,9.5,53.0,57.0,61.0,private,True,79.2,100.0,57.0,C,Pass
4230,male,group C,high school,standard,False,12.7,8.4,53.0,97.0,83.0,public,True,86.1,100.0,77.67,B,Pass
4231,female,group A,high school,standard,False,1.8,8.5,77.0,50.0,79.0,private,True,74.6,100.0,68.67,C,Pass
4232,male,group D,high school,standard,False,3.1,6.5,77.0,76.0,79.0,public,True,92.7,100.0,77.33,B,Pass
4233,female,group C,high school,standard,True,15.3,7.7,73.0,98.0,84.0,public,True,85.9,100.0,85.0,A,Pass
4234,female,group B,some college,standard,False,14.9,6.7,62.0,43.0,100.0,public,True,84.9,100.0,68.33,C,Pass
4235,female,group C,some college,free/reduced,False,13.2,8.9,69.0,75.0,75.0,private,True,76.4,100.0,73.0,B,Pass
4236,male,group D,high school,standard,True,2.9,8.0,81.0,49.0,62.0,private,True,74.7,100.0,64.0,C,Pass
4237,male,group B,some college,free/reduced,True,12.3,6.9,51.0,52.0,74.0,international,True,85.8,100.0,59.0,C,Pass
4238,female,group D,some college,standard,False,5.8,7.7,80.0,45.0,71.0,public,True,79.3,100.0,65.33,C,Pass
4239,female,group E,some college,free/reduced,False,3.9,7.8,77.0,85.0,55.0,public,True,91.2,100.0,72.33,B,Pass
4240,male,group B,high school,standard,False,10.7,7.2,58.0,77.0,84.0,public,False,83.8,100.0,73.0,B,Pass
4241,female,group E,some college,standard,False,12.4,10.3,36.0,48.0,52.0,private,True,63.9,100.0,45.33,D,Pass
4242,female,group D,bachelor degree,standard,False,1.0,8.6,79.0,66.0,79.0,public,True,89.3,100.0,74.67,B,Pass
4243,male,group B,high school,standard,False,12.5,7.5,90.0,82.0,68.0,public,False,84.1,100.0,80.0,B,Pass
4244,female,group C,high school,standard,False,18.2,7.5,83.0,76.0,59.0,public,True,87.6,100.0,72.67,B,Pass
4245,male,group E,high school,standard,False,11.7,7.2,72.0,71.0,53.0,public,True,81.1,100.0,65.33,C,Pass
4246,female,group C,bachelor degree,standard,False,13.8,6.8,80.0,79.0,70.0,public,True,77.8,100.0,76.33,B,Pass
4247,male,group A,associate degree,free/reduced,False,11.1,7.2,70.0,71.0,46.0,public,True,80.6,100.0,62.33,C,Pass
4248,female,group A,bachelor degree,standard,True,0.3,8.8,70.0,96.0,73.0,international,True,97.8,100.0,79.67,B,Pass
4249,male,group C,high school,standard,False,15.9,7.2,73.0,67.0,71.0,public,True,85.6,100.0,70.33,B,Pass
4250,male,group C,some college,standard,False,7.3,7.5,49.0,57.0,49.0,public,False,75.4,100.0,51.67,D,Pass
4251,male,group C,some college,standard,False,9.0,6.6,60.0,76.0,78.0,international,True,88.9,100.0,71.33,B,Pass
4252,female,group C,some college,standard,True,12.5,6.0,63.0,63.0,58.0,public,False,80.6,100.0,61.33,C,Pass
4253,female,group B,high school,standard,False,13.3,7.7,84.0,88.0,76.0,public,True,89.1,100.0,82.67,B,Pass
4254,female,group C,bachelor degree,standard,False,9.9,7.5,74.0,60.0,78.0,private,True,77.8,100.0,70.67,B,Pass
4255,male,group B,master degree,free/reduced,False,8.1,8.9,74.0,39.0,67.0,private,True,80.2,100.0,60.0,C,Pass
4256,female,group A,bachelor degree,free/reduced,False,14.3,8.5,71.0,59.0,51.0,public,True,84.3,100.0,60.33,C,Pass
4257,male,group E,high school,free/reduced,False,6.1,6.7,63.0,96.0,69.0,private,True,81.2,100.0,76.0,B,Pass
4258,male,group E,bachelor degree,standard,True,4.3,7.5,66.0,70.0,87.0,public,True,91.9,100.0,74.33,B,Pass
4259,female,group B,high school,standard,False,12.4,8.6,85.0,65.0,48.0,public,False,80.9,100.0,66.0,C,Pass
4260,female,group C,associate degree,free/reduced,True,11.2,8.4,81.0,86.0,71.0,public,True,82.2,100.0,79.33,B,Pass
4261,male,group B,high school,standard,True,9.6,7.7,62.0,75.0,59.0,public,True,86.1,100.0,65.33,C,Pass
4262,female,group E,associate degree,free/reduced,True,12.9,9.3,88.0,71.0,49.0,private,True,81.3,100.0,69.33,C,Pass
4263,male,group A,high school,standard,False,13.2,8.5,53.0,73.0,55.0,public,True,82.9,100.0,60.33,C,Pass
4264,male,group C,master degree,standard,False,3.6,5.2,76.0,63.0,53.0,public,True,79.1,100.0,64.0,C,Pass
4265,female,group E,bachelor degree,standard,False,13.7,5.9,72.0,67.0,91.0,public,True,85.4,100.0,76.67,B,Pass
4266,male,group A,bachelor degree,standard,False,1.8,7.2,78.0,71.0,65.0,international,True,85.9,100.0,71.33,B,Pass
4267,female,group B,high school,standard,False,11.8,6.3,97.0,86.0,89.0,public,True,92.7,100.0,90.67,A,Pass
4268,male,group D,associate degree,standard,False,15.0,5.6,98.0,71.0,52.0,public,True,74.4,100.0,73.67,B,Pass
4269,female,group C,some college,free/reduced,False,14.2,5.2,97.0,67.0,49.0,private,True,77.8,100.0,71.0,B,Pass
4270,male,group C,high school,standard,False,1.0,5.8,51.0,93.0,70.0,public,True,88.2,100.0,71.33,B,Pass
4271,male,group C,bachelor degree,free/reduced,True,9.8,8.3,56.0,70.0,100.0,public,True,84.5,100.0,75.33,B,Pass
4272,female,group B,bachelor degree,free/reduced,True,8.5,6.5,67.0,84.0,53.0,private,False,79.6,100.0,68.0,C,Pass
4273,male,group C,high school,free/reduced,True,4.3,7.2,70.0,83.0,83.0,public,True,79.7,100.0,78.67,B,Pass
4274,male,group C,associate degree,standard,False,8.3,8.0,85.0,71.0,71.0,public,True,79.7,100.0,75.67,B,Pass
4275,female,group C,high school,standard,True,0.0,9.2,97.0,77.0,72.0,private,True,77.7,100.0,82.0,B,Pass
4276,male,group D,some college,standard,True,8.1,8.0,78.0,83.0,54.0,international,False,83.2,100.0,71.67,B,Pass
4277,male,group B,bachelor degree,standard,False,8.6,8.8,63.0,69.0,86.0,international,True,81.1,100.0,72.67,B,Pass
4278,female,group A,bachelor degree,free/reduced,False,3.3,10.4,72.0,85.0,56.0,public,True,78.6,100.0,71.0,B,Pass
4279,male,group E,bachelor degree,standard,False,16.5,8.8,83.0,76.0,69.0,public,True,85.1,100.0,76.0,B,Pass
4280,male,group E,high school,standard,True,18.0,7.1,83.0,80.0,77.0,public,True,88.8,100.0,80.0,B,Pass
4281,male,group A,some college,standard,True,13.1,6.4,83.0,66.0,63.0,public,True,93.7,100.0,70.67,B,Pass
4282,male,group B,some college,free/reduced,False,0.0,7.9,79.0,55.0,92.0,public,True,77.6,100.0,75.33,B,Pass
4283,male,group D,high school,standard,False,8.2,5.4,66.0,78.0,57.0,public,True,87.6,100.0,67.0,C,Pass
4284,male,group C,high school,free/reduced,False,15.9,7.2,50.0,62.0,73.0,international,True,84.5,100.0,61.67,C,Pass
4285,female,group B,master degree,standard,False,12.1,7.7,70.0,70.0,78.0,public,False,80.2,100.0,72.67,B,Pass
4286,male,group B,some college,standard,False,16.8,7.2,63.0,62.0,72.0,public,True,82.3,100.0,65.67,C,Pass
4287,female,group C,high school,standard,False,15.8,8.8,82.0,77.0,71.0,public,True,83.4,100.0,76.67,B,Pass
4288,female,group C,bachelor degree,standard,True,11.2,5.8,70.0,74.0,52.0,public,True,82.1,100.0,65.33,C,Pass
4289,male,group B,high school,free/reduced,True,13.0,8.8,75.0,69.0,60.0,private,True,89.7,100.0,68.0,C,Pass
4290,male,group C,bachelor degree,standard,True,14.8,7.0,80.0,69.0,67.0,private,True,86.8,100.0,72.0,B,Pass
4291,female,group A,high school,standard,True,7.8,5.1,63.0,92.0,66.0,public,True,87.0,100.0,73.67,B,Pass
4292,female,group E,some college,standard,True,7.9,9.4,67.0,89.0,92.0,public,True,85.9,100.0,82.67,B,Pass
4293,male,group C,some college,standard,False,14.6,5.5,52.0,54.0,80.0,public,True,72.4,100.0,62.0,C,Pass
4294,male,group D,high school,free/reduced,True,7.6,4.5,77.0,88.0,70.0,private,False,85.3,100.0,78.33,B,Pass
4295,female,group B,master degree,standard,False,14.6,7.7,85.0,87.0,59.0,public,True,91.8,100.0,77.0,B,Pass
4296,male,group E,some college,standard,True,5.9,7.6,49.0,76.0,64.0,public,True,72.6,100.0,63.0,C,Pass
4297,male,group A,some college,standard,True,18.7,4.1,63.0,85.0,71.0,public,True,78.9,100.0,73.0,B,Pass
4298,male,group D,some college,standard,True,9.5,7.1,70.0,77.0,77.0,public,True,85.5,100.0,74.67,B,Pass
4299,female,group E,high school,standard,True,5.2,7.2,53.0,78.0,78.0,private,True,77.9,100.0,69.67,C,Pass
4300,female,group A,high school,standard,False,19.9,6.9,64.0,66.0,52.0,private,True,75.3,100.0,60.67,C,Pass
4301,female,group B,high school,standard,True,5.3,4.7,61.0,84.0,69.0,public,True,81.4,100.0,71.33,B,Pass
4302,male,group B,bachelor degree,standard,True,5.7,7.6,49.0,72.0,82.0,public,True,75.2,100.0,67.67,C,Pass
4303,female,group C,bachelor degree,standard,False,10.7,8.6,40.0,74.0,59.0,public,False,73.2,100.0,57.67,C,Pass
4304,female,group C,high school,free/reduced,True,15.2,7.3,90.0,90.0,62.0,public,True,90.8,100.0,80.67,B,Pass
4305,male,group C,high school,standard,True,7.5,6.2,69.0,81.0,95.0,public,False,81.1,100.0,81.67,B,Pass
4306,female,group C,associate degree,standard,False,9.6,7.2,53.0,39.0,65.0,public,False,67.9,100.0,52.33,D,Pass
4307,male,group C,high school,standard,True,6.1,9.6,66.0,77.0,71.0,public,True,80.2,100.0,71.33,B,Pass
4308,female,group C,high school,standard,False,8.5,6.0,61.0,53.0,84.0,public,True,85.1,100.0,66.0,C,Pass
4309,female,group D,some college,free/reduced,True,16.1,7.9,91.0,80.0,82.0,public,True,87.7,100.0,84.33,B,Pass
4310,female,group D,bachelor degree,free/reduced,True,18.2,6.5,73.0,73.0,67.0,international,True,81.1,100.0,71.0,B,Pass
4311,male,group D,high school,standard,False,14.8,8.7,74.0,71.0,69.0,public,True,83.8,100.0,71.33,B,Pass
4312,male,group B,high school,free/reduced,True,6.4,5.5,82.0,70.0,71.0,public,True,75.9,100.0,74.33,B,Pass
4313,male,group D,master degree,free/reduced,True,1.3,7.7,74.0,58.0,71.0,public,True,84.5,100.0,67.67,C,Pass
4314,male,group B,associate degree,standard,True,11.3,7.0,61.0,95.0,71.0,private,True,87.2,100.0,75.67,B,Pass
4315,female,group D,some college,standard,False,15.7,8.3,75.0,70.0,52.0,public,True,79.2,100.0,65.67,C,Pass
4316,female,group D,high school,free/reduced,False,9.6,8.0,78.0,66.0,56.0,public,True,86.7,100.0,66.67,C,Pass
4317,male,group B,bachelor degree,standard,False,9.7,6.8,74.0,64.0,72.0,private,True,77.4,100.0,70.0,B,Pass
4318,female,group E,bachelor degree,standard,False,0.0,7.2,84.0,53.0,75.0,public,True,88.9,100.0,70.67,B,Pass
4319,female,group E,associate degree,standard,False,9.4,7.3,70.0,65.0,55.0,public,True,81.1,100.0,63.33,C,Pass
4320,female,group C,some college,free/reduced,True,0.5,7.8,72.0,71.0,55.0,private,True,79.7,100.0,66.0,C,Pass
4321,male,group E,associate degree,free/reduced,True,13.9,7.1,76.0,66.0,74.0,private,True,83.7,100.0,72.0,B,Pass
4322,male,group C,associate degree,standard,False,6.0,5.8,75.0,48.0,93.0,public,True,83.3,100.0,72.0,B,Pass
4323,male,group C,some college,standard,False,11.2,9.1,80.0,71.0,80.0,international,True,91.8,100.0,77.0,B,Pass
4324,female,group A,high school,standard,False,10.3,8.1,100.0,71.0,52.0,public,False,79.2,100.0,74.33,B,Pass
4325,female,group C,high school,standard,True,9.6,6.4,75.0,53.0,68.0,private,True,77.3,100.0,65.33,C,Pass
4326,female,group E,some college,standard,True,5.7,8.2,60.0,49.0,88.0,public,True,86.4,100.0,65.67,C,Pass
4327,female,group C,high school,standard,False,1.0,6.4,100.0,75.0,55.0,public,True,82.7,100.0,76.67,B,Pass
4328,male,group A,master degree,standard,False,10.8,7.7,73.0,84.0,78.0,public,True,90.8,100.0,78.33,B,Pass
4329,female,group D,some college,standard,True,16.0,7.0,77.0,81.0,44.0,public,False,90.4,100.0,67.33,C,Pass
4330,male,group E,high school,standard,True,8.9,7.7,65.0,69.0,46.0,private,True,77.0,100.0,60.0,C,Pass
4331,male,group B,high school,standard,True,14.8,8.8,63.0,75.0,98.0,public,False,89.9,100.0,78.67,B,Pass
4332,male,group E,some college,standard,False,9.4,8.7,90.0,83.0,73.0,public,False,82.0,100.0,82.0,B,Pass
4333,female,group E,master degree,standard,False,10.5,8.7,64.0,91.0,50.0,public,True,86.1,100.0,68.33,C,Pass
4334,female,group C,bachelor degree,free/reduced,False,2.4,7.2,64.0,74.0,92.0,public,True,86.7,100.0,76.67,B,Pass
4335,male,group A,high school,standard,False,4.8,6.5,54.0,78.0,75.0,public,True,85.0,100.0,69.0,C,Pass
4336,male,group D,some college,standard,True,8.0,7.8,64.0,42.0,64.0,public,True,74.4,100.0,56.67,C,Pass
4337,male,group B,high school,standard,False,9.6,4.8,67.0,54.0,61.0,public,False,71.0,100.0,60.67,C,Pass
4338,female,group E,high school,free/reduced,False,2.5,7.2,71.0,93.0,82.0,private,True,90.3,100.0,82.0,B,Pass
4339,male,group C,some college,standard,True,14.4,6.9,66.0,69.0,86.0,international,True,74.1,100.0,73.67,B,Pass
4340,male,group E,high school,standard,False,6.0,7.1,40.0,72.0,57.0,private,True,75.9,100.0,56.33,C,Pass
4341,female,group D,associate degree,standard,True,2.9,6.9,75.0,80.0,73.0,public,True,90.1,100.0,76.0,B,Pass
4342,female,group B,high school,free/reduced,False,12.6,10.8,75.0,70.0,51.0,public,True,82.1,100.0,65.33,C,Pass
4343,male,group D,bachelor degree,free/reduced,True,11.7,6.7,97.0,69.0,62.0,public,False,95.1,100.0,76.0,B,Pass
4344,male,group B,some college,standard,False,15.0,5.3,93.0,52.0,80.0,private,True,90.1,100.0,75.0,B,Pass
4345,female,group C,high school,free/reduced,True,17.7,7.2,50.0,63.0,65.0,public,True,75.5,100.0,59.33,C,Pass
4346,female,group B,high school,standard,True,6.7,6.9,80.0,73.0,74.0,public,True,85.4,100.0,75.67,B,Pass
4347,female,group D,high school,standard,False,6.7,5.9,83.0,67.0,59.0,public,True,82.6,100.0,69.67,C,Pass
4348,female,group C,associate degree,standard,True,9.5,7.0,83.0,71.0,69.0,private,True,76.7,100.0,74.33,B,Pass
4349,female,group D,some college,free/reduced,False,9.3,6.2,75.0,68.0,94.0,private,False,81.9,100.0,79.0,B,Pass
4350,male,group B,associate degree,standard,False,8.2,7.5,80.0,71.0,60.0,public,True,80.2,100.0,70.33,B,Pass
4351,male,group C,bachelor degree,free/reduced,False,8.0,5.2,66.0,71.0,70.0,public,True,72.3,100.0,69.0,C,Pass
4352,female,group A,some college,standard,True,12.3,5.9,83.0,82.0,78.0,private,True,87.6,100.0,81.0,B,Pass
4353,male,group C,master degree,standard,False,5.4,8.0,69.0,71.0,86.0,private,True,83.8,100.0,75.33,B,Pass
4354,male,group E,bachelor degree,standard,False,13.5,7.3,98.0,66.0,61.0,public,True,76.6,100.0,75.0,B,Pass
4355,male,group C,master degree,standard,False,3.5,9.0,85.0,76.0,91.0,public,True,90.6,100.0,84.0,B,Pass
4356,female,group A,high school,standard,True,7.5,6.6,69.0,65.0,91.0,international,True,88.6,100.0,75.0,B,Pass
4357,female,group C,bachelor degree,standard,True,9.7,8.4,72.0,55.0,33.0,public,False,77.5,100.0,53.33,D,Pass
4358,female,group C,high school,standard,False,1.5,8.4,50.0,64.0,85.0,private,True,79.9,100.0,66.33,C,Pass
4359,female,group C,some college,standard,False,11.9,7.5,86.0,46.0,66.0,private,True,84.4,100.0,66.0,C,Pass
4360,male,group D,master degree,standard,True,16.2,6.3,90.0,95.0,74.0,private,True,92.9,100.0,86.33,A,Pass
4361,male,group C,high school,standard,True,15.3,6.5,68.0,70.0,79.0,public,True,85.5,100.0,72.33,B,Pass
4362,male,group E,high school,standard,False,5.0,10.0,71.0,71.0,57.0,private,True,77.3,100.0,66.33,C,Pass
4363,female,group C,bachelor degree,free/reduced,True,17.9,9.0,67.0,46.0,50.0,public,True,78.1,100.0,54.33,D,Pass
4364,female,group B,high school,free/reduced,False,14.4,5.5,69.0,61.0,59.0,private,True,86.2,100.0,63.0,C,Pass
4365,female,group C,high school,free/reduced,False,16.7,7.4,75.0,66.0,100.0,public,True,84.2,100.0,80.33,B,Pass
4366,female,group C,high school,standard,False,13.1,8.1,44.0,83.0,70.0,public,True,91.8,100.0,65.67,C,Pass
4367,male,group E,bachelor degree,standard,True,12.4,5.8,77.0,71.0,84.0,public,True,83.2,100.0,77.33,B,Pass
4368,female,group C,associate degree,standard,False,13.9,7.2,55.0,61.0,69.0,public,False,79.8,100.0,61.67,C,Pass
4369,female,group D,associate degree,standard,True,0.0,5.3,43.0,59.0,56.0,public,True,72.7,100.0,52.67,D,Pass
4370,male,group E,some college,free/reduced,False,15.5,8.7,92.0,81.0,71.0,public,True,88.6,100.0,81.33,B,Pass
4371,male,group E,high school,standard,True,1.4,6.8,56.0,89.0,99.0,public,True,78.8,100.0,81.33,B,Pass
4372,male,group C,high school,free/reduced,False,12.1,8.3,87.0,64.0,61.0,public,True,80.5,100.0,70.67,B,Pass
4373,female,group D,some college,standard,False,10.9,8.2,79.0,85.0,64.0,public,True,79.9,100.0,76.0,B,Pass
4374,male,group E,high school,standard,False,2.1,4.5,80.0,75.0,100.0,private,True,89.7,100.0,85.0,A,Pass
4375,male,group B,associate degree,standard,True,10.3,6.0,90.0,79.0,61.0,public,True,90.6,100.0,76.67,B,Pass
4376,male,group B,associate degree,standard,True,7.1,5.1,58.0,71.0,88.0,public,True,87.0,100.0,72.33,B,Pass
4377,male,group E,high school,free/reduced,False,12.9,6.1,78.0,73.0,80.0,private,True,73.9,100.0,77.0,B,Pass
4378,male,group A,associate degree,standard,True,3.0,7.1,70.0,75.0,74.0,public,True,94.4,100.0,73.0,B,Pass
4379,female,group C,bachelor degree,standard,False,8.8,4.6,58.0,53.0,81.0,public,True,82.1,100.0,64.0,C,Pass
4380,male,group D,master degree,free/reduced,True,11.7,7.1,79.0,54.0,75.0,public,True,78.9,100.0,69.33,C,Pass
4381,male,group C,bachelor degree,standard,False,5.2,9.7,66.0,62.0,74.0,private,True,82.7,100.0,67.33,C,Pass
4382,female,group E,high school,standard,False,11.9,7.4,63.0,77.0,56.0,public,True,82.0,100.0,65.33,C,Pass
4383,female,group B,some college,standard,False,11.3,7.0,66.0,67.0,73.0,public,False,79.1,100.0,68.67,C,Pass
4384,male,group C,some college,standard,True,22.8,6.7,44.0,81.0,64.0,international,True,81.2,100.0,63.0,C,Pass
4385,male,group A,associate degree,standard,False,11.4,7.1,85.0,65.0,64.0,public,True,80.5,100.0,71.33,B,Pass
4386,male,group E,master degree,standard,False,11.4,6.1,100.0,78.0,60.0,public,True,84.7,100.0,79.33,B,Pass
4387,male,group C,master degree,free/reduced,False,9.6,8.2,49.0,97.0,74.0,private,True,80.9,100.0,73.33,B,Pass
4388,female,group D,associate degree,standard,False,9.9,4.2,83.0,67.0,100.0,private,True,81.2,100.0,83.33,B,Pass
4389,male,group D,associate degree,standard,False,8.8,5.8,63.0,81.0,60.0,public,False,82.9,100.0,68.0,C,Pass
4390,female,group D,master degree,standard,False,0.0,8.0,63.0,72.0,74.0,public,True,85.8,100.0,69.67,C,Pass
4391,male,group B,some college,free/reduced,False,10.9,5.2,84.0,65.0,63.0,public,True,85.8,100.0,70.67,B,Pass
4392,female,group D,high school,standard,True,3.5,5.9,91.0,82.0,65.0,private,True,90.8,100.0,79.33,B,Pass
4393,male,group D,master degree,standard,True,10.6,6.2,60.0,92.0,76.0,private,False,87.0,100.0,76.0,B,Pass
4394,female,group D,bachelor degree,standard,False,16.6,7.5,47.0,93.0,91.0,international,True,83.1,100.0,77.0,B,Pass
4395,male,group C,some college,standard,True,10.3,6.1,64.0,85.0,68.0,public,True,88.1,100.0,72.33,B,Pass
4396,female,group E,high school,free/reduced,False,7.3,9.2,67.0,69.0,77.0,public,True,76.6,100.0,71.0,B,Pass
4397,female,group C,high school,standard,False,0.0,8.2,90.0,76.0,62.0,public,False,80.9,100.0,76.0,B,Pass
4398,male,group E,some college,standard,False,11.2,7.3,95.0,85.0,70.0,private,True,83.5,100.0,83.33,B,Pass
4399,male,group B,high school,standard,False,8.6,7.2,77.0,53.0,67.0,public,False,86.7,100.0,65.67,C,Pass
4400,male,group C,associate degree,standard,False,18.0,6.3,70.0,82.0,82.0,public,True,90.9,100.0,78.0,B,Pass
4401,female,group C,high school,free/reduced,True,18.1,6.5,81.0,69.0,71.0,public,True,86.9,100.0,73.67,B,Pass
4402,male,group E,high school,standard,False,5.1,8.3,56.0,56.0,89.0,public,True,87.2,100.0,67.0,C,Pass
4403,female,group E,high school,free/reduced,False,11.1,10.6,50.0,81.0,90.0,public,True,80.1,100.0,73.67,B,Pass
4404,male,group D,master degree,standard,True,14.9,7.1,65.0,90.0,74.0,public,True,87.3,100.0,76.33,B,Pass
4405,female,group B,master degree,standard,False,9.6,6.7,80.0,58.0,75.0,public,True,82.8,100.0,71.0,B,Pass
4406,female,group B,bachelor degree,standard,False,9.6,6.7,76.0,75.0,90.0,international,True,91.4,100.0,80.33,B,Pass
4407,male,group B,associate degree,standard,True,9.6,9.6,56.0,77.0,78.0,public,True,82.6,100.0,70.33,B,Pass
4408,male,group E,high school,free/reduced,True,0.0,5.8,82.0,66.0,67.0,public,True,81.7,100.0,71.67,B,Pass
4409,female,group B,high school,standard,False,9.6,7.1,71.0,72.0,64.0,public,True,85.3,100.0,69.0,C,Pass
4410,female,group C,associate degree,standard,True,12.4,6.7,75.0,91.0,82.0,private,True,92.4,100.0,82.67,B,Pass
4411,female,group E,some college,free/reduced,False,7.8,5.8,47.0,79.0,56.0,public,True,75.9,100.0,60.67,C,Pass
4412,female,group D,some college,standard,True,9.6,9.2,48.0,65.0,80.0,public,True,80.4,100.0,64.33,C,Pass
4413,male,group E,some college,free/reduced,True,5.2,7.2,92.0,69.0,66.0,private,True,80.0,100.0,75.67,B,Pass
4414,female,group A,high school,standard,False,13.6,8.2,71.0,36.0,83.0,public,True,67.8,100.0,63.33,C,Pass
4415,female,group B,high school,standard,True,17.8,6.7,70.0,69.0,81.0,public,True,85.3,100.0,73.33,B,Pass
4416,female,group A,high school,standard,True,1.7,7.2,59.0,65.0,59.0,public,True,82.4,100.0,61.0,C,Pass
4417,male,group D,some college,standard,False,4.8,5.9,67.0,88.0,72.0,public,True,86.6,100.0,75.67,B,Pass
4418,female,group C,high school,standard,False,10.0,6.8,78.0,42.0,71.0,private,True,70.7,100.0,63.67,C,Pass
4419,male,group A,high school,standard,True,15.2,8.0,93.0,58.0,40.0,public,True,78.7,100.0,63.67,C,Pass
4420,male,group B,master degree,standard,False,16.7,5.8,81.0,51.0,56.0,public,True,69.0,100.0,62.67,C,Pass
4421,female,group D,high school,standard,False,0.0,7.7,59.0,72.0,71.0,private,True,88.8,100.0,67.33,C,Pass
4422,female,group E,high school,standard,True,8.1,7.3,70.0,83.0,59.0,public,True,77.8,100.0,70.67,B,Pass
4423,female,group A,high school,standard,True,11.1,6.4,78.0,83.0,86.0,public,True,94.2,100.0,82.33,B,Pass
4424,female,group C,some college,standard,False,4.7,11.0,82.0,71.0,79.0,public,True,90.5,100.0,77.33,B,Pass
4425,female,group C,high school,standard,False,10.5,7.3,64.0,28.0,57.0,private,True,70.4,100.0,49.67,D,Pass
4426,female,group D,high school,standard,True,8.0,7.0,65.0,82.0,71.0,public,True,78.3,100.0,72.67,B,Pass
4427,male,group B,some college,standard,False,16.9,6.4,82.0,78.0,28.0,public,True,81.8,100.0,62.67,C,Pass
4428,female,group C,associate degree,standard,False,12.5,9.2,89.0,65.0,75.0,public,True,81.3,100.0,76.33,B,Pass
4429,female,group C,some college,standard,False,2.3,7.8,64.0,46.0,86.0,public,True,81.6,100.0,65.33,C,Pass
4430,female,group C,high school,standard,False,17.9,8.8,88.0,75.0,63.0,private,True,82.7,100.0,75.33,B,Pass
4431,female,group E,associate degree,standard,True,9.9,6.8,50.0,84.0,63.0,public,True,72.4,100.0,65.67,C,Pass
4432,female,group D,high school,free/reduced,False,3.4,8.4,84.0,57.0,70.0,public,True,72.0,100.0,70.33,B,Pass
4433,male,group C,some college,standard,False,13.7,7.2,72.0,60.0,79.0,public,True,84.3,100.0,70.33,B,Pass
4434,female,group B,associate degree,standard,False,17.4,5.9,76.0,89.0,100.0,public,True,87.5,100.0,88.33,A,Pass
4435,male,group E,high school,standard,False,10.2,7.3,62.0,59.0,69.0,public,True,77.6,100.0,63.33,C,Pass
4436,female,group B,some college,standard,False,6.3,6.6,65.0,66.0,71.0,public,True,85.3,100.0,67.33,C,Pass
4437,female,group C,high school,standard,False,9.6,8.2,51.0,70.0,75.0,private,True,87.0,100.0,65.33,C,Pass
4438,male,group B,high school,standard,True,13.8,6.7,42.0,49.0,60.0,international,True,73.8,100.0,50.33,D,Pass
4439,male,group C,some college,standard,True,11.7,5.3,96.0,55.0,51.0,public,True,80.2,100.0,67.33,C,Pass
4440,female,group E,bachelor degree,standard,True,9.6,6.1,74.0,58.0,61.0,private,True,83.2,100.0,64.33,C,Pass
4441,female,group E,bachelor degree,free/reduced,True,11.0,7.4,65.0,83.0,71.0,public,True,77.4,100.0,73.0,B,Pass
4442,female,group E,some college,standard,False,12.9,5.4,70.0,74.0,48.0,public,False,81.7,100.0,64.0,C,Pass
4443,female,group D,high school,free/reduced,False,9.9,6.5,57.0,71.0,72.0,international,True,84.3,100.0,66.67,C,Pass
4444,male,group A,bachelor degree,standard,True,9.8,8.3,87.0,71.0,81.0,international,True,90.3,100.0,79.67,B,Pass
4445,female,group A,high school,standard,True,15.2,6.6,36.0,65.0,82.0,private,False,69.7,100.0,61.0,C,Pass
4446,female,group D,some college,standard,True,14.1,5.2,80.0,56.0,75.0,public,True,79.3,100.0,70.33,B,Pass
4447,female,group D,some college,standard,False,9.6,7.3,79.0,93.0,68.0,private,True,82.6,100.0,80.0,B,Pass
4448,female,group D,high school,standard,False,0.1,7.5,41.0,80.0,67.0,private,True,80.6,100.0,62.67,C,Pass
4449,female,group C,associate degree,standard,True,6.3,6.5,74.0,67.0,81.0,public,True,87.0,100.0,74.0,B,Pass
4450,female,group E,associate degree,standard,True,13.7,6.6,60.0,62.0,66.0,private,True,87.6,100.0,62.67,C,Pass
4451,male,group A,associate degree,standard,True,3.4,7.2,87.0,64.0,57.0,public,True,80.3,100.0,69.33,C,Pass
4452,male,group E,associate degree,free/reduced,False,7.4,6.4,71.0,83.0,71.0,public,True,82.5,100.0,75.0,B,Pass
4453,male,group B,bachelor degree,free/reduced,True,9.4,6.5,63.0,56.0,78.0,public,True,87.0,100.0,65.67,C,Pass
4454,female,group A,some college,standard,False,6.7,8.3,73.0,52.0,100.0,private,True,86.5,100.0,75.0,B,Pass
4455,female,group C,associate degree,standard,False,1.9,6.6,66.0,67.0,62.0,public,True,87.3,100.0,65.0,C,Pass
4456,male,group E,bachelor degree,free/reduced,True,8.0,7.2,77.0,31.0,86.0,public,True,82.3,100.0,64.67,C,Pass
4457,female,group D,associate degree,free/reduced,False,15.1,6.9,68.0,94.0,52.0,public,True,77.7,100.0,71.33,B,Pass
4458,female,group C,associate degree,standard,True,14.5,9.1,66.0,63.0,67.0,public,True,74.5,100.0,65.33,C,Pass
4459,female,group D,some college,standard,False,12.4,5.8,82.0,66.0,84.0,public,True,78.2,100.0,77.33,B,Pass
4460,female,group B,high school,free/reduced,True,10.6,6.9,53.0,71.0,89.0,public,True,86.6,100.0,71.0,B,Pass
4461,female,group A,bachelor degree,free/reduced,True,10.7,6.5,59.0,70.0,55.0,public,True,85.5,100.0,61.33,C,Pass
4462,female,group B,some college,free/reduced,True,4.7,4.9,54.0,67.0,50.0,public,True,87.0,100.0,57.0,C,Pass
4463,female,group E,bachelor degree,free/reduced,False,9.8,7.6,51.0,53.0,73.0,public,True,82.8,100.0,59.0,C,Pass
4464,male,group C,bachelor degree,standard,False,9.6,8.5,97.0,38.0,68.0,public,True,87.9,100.0,67.67,C,Pass
4465,male,group B,high school,standard,False,10.2,8.1,95.0,73.0,76.0,public,True,84.6,100.0,81.33,B,Pass
4466,female,group C,bachelor degree,standard,False,7.8,9.6,70.0,57.0,49.0,public,True,72.7,100.0,58.67,C,Pass
4467,female,group C,some college,standard,False,16.3,6.1,72.0,53.0,78.0,private,True,86.3,100.0,67.67,C,Pass
4468,male,group C,high school,free/reduced,False,19.3,7.0,60.0,69.0,71.0,private,True,83.6,100.0,66.67,C,Pass
4469,female,group D,bachelor degree,standard,False,4.4,8.9,70.0,67.0,67.0,public,True,82.7,100.0,68.0,C,Pass
4470,female,group A,associate degree,free/reduced,True,10.0,6.6,67.0,85.0,69.0,private,True,86.4,100.0,73.67,B,Pass
4471,female,group B,some college,standard,False,8.9,6.7,44.0,77.0,60.0,public,True,80.7,100.0,60.33,C,Pass
4472,female,group D,associate degree,standard,True,0.0,4.1,100.0,69.0,64.0,public,True,92.5,100.0,77.67,B,Pass
4473,female,group B,high school,standard,False,9.6,9.0,69.0,67.0,55.0,public,True,86.9,100.0,63.67,C,Pass
4474,female,group E,master degree,standard,True,10.3,7.6,69.0,70.0,87.0,public,True,87.9,100.0,75.33,B,Pass
4475,male,group E,associate degree,standard,True,7.2,4.9,69.0,64.0,72.0,public,True,86.6,100.0,68.33,C,Pass
4476,female,group D,high school,standard,True,3.9,7.2,64.0,64.0,72.0,public,True,84.2,100.0,66.67,C,Pass
4477,male,group D,bachelor degree,standard,True,7.2,8.0,83.0,84.0,91.0,private,True,87.1,100.0,86.0,A,Pass
4478,male,group B,high school,standard,False,7.8,5.7,66.0,77.0,96.0,international,False,90.6,100.0,79.67,B,Pass
4479,female,group E,associate degree,standard,True,8.8,6.7,62.0,44.0,70.0,public,True,71.5,100.0,58.67,C,Pass
4480,male,group A,master degree,free/reduced,False,11.4,7.2,82.0,59.0,61.0,public,True,87.2,100.0,67.33,C,Pass
4481,female,group A,master degree,standard,True,1.9,8.7,81.0,78.0,71.0,public,True,79.6,100.0,76.67,B,Pass
4482,female,group B,high school,free/reduced,False,5.4,7.6,55.0,84.0,84.0,public,True,86.2,100.0,74.33,B,Pass
4483,female,group E,bachelor degree,standard,False,8.7,5.9,84.0,96.0,70.0,public,False,84.1,100.0,83.33,B,Pass
4484,male,group A,high school,standard,False,9.6,5.5,88.0,61.0,79.0,international,True,88.2,100.0,76.0,B,Pass
4485,male,group A,bachelor degree,free/reduced,True,6.8,8.2,66.0,100.0,84.0,private,True,88.2,100.0,83.33,B,Pass
4486,male,group B,some college,free/reduced,False,7.7,8.6,81.0,91.0,53.0,public,True,77.0,100.0,75.0,B,Pass
4487,male,group B,some college,free/reduced,True,10.3,7.4,68.0,71.0,65.0,international,False,84.3,100.0,68.0,C,Pass
4488,male,group E,some college,standard,False,14.7,6.5,67.0,42.0,91.0,private,True,78.8,100.0,66.67,C,Pass
4489,female,group D,high school,standard,True,18.5,8.8,69.0,51.0,98.0,public,False,88.5,100.0,72.67,B,Pass
4490,male,group E,some college,standard,True,6.1,6.8,81.0,68.0,70.0,private,True,84.2,100.0,73.0,B,Pass
4491,male,group B,bachelor degree,standard,False,7.2,8.0,55.0,93.0,61.0,international,True,84.8,100.0,69.67,C,Pass
4492,male,group E,some college,standard,False,17.6,8.0,67.0,79.0,76.0,public,True,79.8,100.0,74.0,B,Pass
4493,male,group D,associate degree,standard,False,13.4,5.8,86.0,66.0,72.0,public,True,81.9,100.0,74.67,B,Pass
4494,male,group C,associate degree,free/reduced,False,4.7,6.3,62.0,54.0,79.0,private,True,78.7,100.0,65.0,C,Pass
4495,male,group A,high school,standard,False,10.7,6.6,92.0,71.0,63.0,private,True,89.3,100.0,75.33,B,Pass
4496,female,group B,high school,free/reduced,False,14.2,5.9,69.0,52.0,62.0,private,True,87.8,100.0,61.0,C,Pass
4497,female,group B,master degree,free/reduced,False,14.8,7.8,87.0,55.0,81.0,public,False,80.7,100.0,74.33,B,Pass
4498,male,group E,high school,standard,True,13.0,5.3,82.0,68.0,39.0,public,True,85.6,100.0,63.0,C,Pass
4499,female,group B,high school,standard,True,7.7,4.7,56.0,71.0,92.0,private,True,73.2,100.0,73.0,B,Pass
4500,female,group C,high school,standard,False,3.8,7.2,77.0,73.0,47.0,public,True,75.3,100.0,65.67,C,Pass
4501,female,group D,associate degree,standard,True,13.4,5.2,78.0,73.0,73.0,public,True,80.1,100.0,74.67,B,Pass
4502,female,group A,high school,free/reduced,True,6.3,9.0,83.0,80.0,91.0,public,True,82.1,100.0,84.67,B,Pass
4503,female,group C,high school,standard,False,9.6,5.5,97.0,53.0,52.0,public,True,74.0,100.0,67.33,C,Pass
4504,female,group E,high school,free/reduced,True,10.8,7.2,72.0,79.0,69.0,private,True,86.4,100.0,73.33,B,Pass
4505,female,group B,some college,standard,False,17.6,7.9,100.0,50.0,64.0,international,True,82.5,100.0,71.33,B,Pass
4506,female,group D,high school,free/reduced,True,7.2,6.7,52.0,71.0,73.0,private,True,83.0,100.0,65.33,C,Pass
4507,male,group E,bachelor degree,standard,False,3.8,9.7,53.0,88.0,75.0,private,False,87.3,100.0,72.0,B,Pass
4508,female,group B,associate degree,free/reduced,True,6.9,7.2,73.0,63.0,59.0,private,True,82.3,100.0,65.0,C,Pass
4509,female,group E,some college,free/reduced,False,16.4,7.7,72.0,55.0,64.0,public,True,83.8,100.0,63.67,C,Pass
4510,female,group E,bachelor degree,standard,True,9.9,7.3,81.0,75.0,60.0,public,True,83.5,100.0,72.0,B,Pass
4511,male,group C,high school,free/reduced,True,7.3,8.6,49.0,71.0,59.0,public,True,72.8,100.0,59.67,C,Pass
4512,female,group E,high school,free/reduced,True,11.4,7.3,56.0,94.0,78.0,public,True,90.7,100.0,76.0,B,Pass
4513,male,group B,master degree,standard,True,9.0,6.4,64.0,79.0,71.0,public,False,80.5,100.0,71.33,B,Pass
4514,female,group E,master degree,standard,True,5.6,7.0,64.0,86.0,52.0,public,True,77.3,100.0,67.33,C,Pass
4515,female,group D,master degree,free/reduced,False,9.3,6.3,70.0,71.0,91.0,public,True,84.9,100.0,77.33,B,Pass
4516,male,group A,associate degree,standard,True,9.6,7.2,50.0,82.0,64.0,public,True,76.6,100.0,65.33,C,Pass
4517,female,group D,some college,free/reduced,False,9.6,8.3,36.0,71.0,98.0,public,True,80.1,100.0,68.33,C,Pass
4518,female,group B,high school,standard,True,4.4,8.6,72.0,63.0,92.0,public,True,87.0,100.0,75.67,B,Pass
4519,female,group C,high school,standard,True,12.0,7.2,76.0,75.0,78.0,public,True,87.3,100.0,76.33,B,Pass
4520,male,group C,some college,standard,False,9.6,7.3,81.0,96.0,79.0,public,True,84.6,100.0,85.33,A,Pass
4521,male,group E,high school,standard,True,12.6,7.2,68.0,87.0,56.0,public,True,80.7,100.0,70.33,B,Pass
4522,male,group C,some college,standard,False,10.7,7.8,60.0,58.0,55.0,public,True,83.4,100.0,57.67,C,Pass
4523,female,group A,some college,standard,False,14.1,9.4,56.0,75.0,54.0,public,True,82.1,100.0,61.67,C,Pass
4524,male,group C,bachelor degree,standard,True,8.2,6.0,83.0,57.0,56.0,public,True,91.5,100.0,65.33,C,Pass
4525,male,group D,high school,standard,True,5.0,7.2,85.0,53.0,74.0,international,False,89.2,100.0,70.67,B,Pass
4526,female,group E,some college,free/reduced,True,5.6,5.4,81.0,59.0,61.0,public,True,87.5,100.0,67.0,C,Pass
4527,female,group B,master degree,free/reduced,False,7.7,6.9,74.0,59.0,66.0,private,True,74.6,100.0,66.33,C,Pass
4528,male,group A,associate degree,standard,True,5.7,6.1,61.0,62.0,52.0,private,False,82.2,100.0,58.33,C,Pass
4529,female,group C,associate degree,standard,False,4.6,7.8,51.0,56.0,80.0,public,True,79.7,100.0,62.33,C,Pass
4530,female,group C,high school,free/reduced,False,11.1,7.1,76.0,79.0,82.0,public,True,83.8,100.0,79.0,B,Pass
4531,female,group C,high school,standard,True,13.2,5.3,59.0,70.0,71.0,private,True,82.4,100.0,66.67,C,Pass
4532,male,group B,high school,free/reduced,False,9.3,9.3,70.0,81.0,88.0,public,True,91.6,100.0,79.67,B,Pass
4533,female,group D,high school,standard,True,12.5,7.3,49.0,62.0,58.0,public,True,80.0,100.0,56.33,C,Pass
4534,male,group C,bachelor degree,free/reduced,False,4.3,8.5,56.0,87.0,86.0,public,True,81.1,100.0,76.33,B,Pass
4535,male,group D,some college,free/reduced,False,9.5,8.4,69.0,71.0,79.0,public,False,87.8,100.0,73.0,B,Pass
4536,female,group A,high school,standard,False,6.5,6.9,52.0,53.0,82.0,public,True,76.7,100.0,62.33,C,Pass
4537,male,group B,associate degree,standard,False,7.5,6.0,83.0,71.0,58.0,international,True,84.4,100.0,70.67,B,Pass
4538,female,group B,high school,standard,False,3.2,8.1,52.0,55.0,64.0,private,True,76.3,100.0,57.0,C,Pass
4539,male,group B,bachelor degree,standard,True,13.3,3.5,55.0,79.0,81.0,public,True,82.6,100.0,71.67,B,Pass
4540,male,group E,master degree,standard,True,11.1,8.1,40.0,82.0,77.0,public,True,85.4,100.0,66.33,C,Pass
4541,male,group E,bachelor degree,standard,True,7.0,5.8,68.0,77.0,84.0,international,True,80.3,100.0,76.33,B,Pass
4542,female,group B,bachelor degree,standard,False,12.9,8.0,61.0,62.0,57.0,private,True,88.7,100.0,60.0,C,Pass
4543,female,group D,some college,standard,True,14.3,5.4,70.0,91.0,90.0,public,False,79.4,100.0,83.67,B,Pass
4544,female,group A,high school,standard,True,4.9,6.4,73.0,84.0,100.0,private,True,86.3,100.0,85.67,A,Pass
4545,female,group E,high school,standard,False,1.7,5.5,91.0,63.0,73.0,public,False,87.1,100.0,75.67,B,Pass
4546,male,group C,associate degree,standard,False,5.4,7.2,79.0,64.0,65.0,public,True,85.7,100.0,69.33,C,Pass
4547,female,group E,some college,standard,True,7.4,5.8,83.0,85.0,75.0,public,False,86.9,100.0,81.0,B,Pass
4548,female,group C,master degree,standard,True,5.7,7.2,97.0,100.0,56.0,public,True,88.4,100.0,84.33,B,Pass
4549,male,group B,bachelor degree,free/reduced,False,14.7,5.1,51.0,65.0,86.0,public,True,84.0,100.0,67.33,C,Pass
4550,female,group E,some college,free/reduced,False,3.7,7.1,61.0,100.0,23.0,public,True,78.4,100.0,61.33,C,Pass
4551,male,group B,high school,standard,True,0.0,9.7,78.0,62.0,81.0,public,True,91.4,100.0,73.67,B,Pass
4552,male,group C,high school,standard,True,9.8,5.9,80.0,48.0,64.0,international,False,84.8,100.0,64.0,C,Pass
4553,female,group D,some college,standard,True,7.2,6.5,38.0,96.0,59.0,public,True,85.1,100.0,64.33,C,Pass
4554,female,group D,high school,free/reduced,True,5.5,7.8,63.0,84.0,77.0,public,True,80.0,100.0,74.67,B,Pass
4555,female,group A,bachelor degree,standard,False,7.5,7.1,57.0,72.0,63.0,private,True,80.2,100.0,64.0,C,Pass
4556,male,group E,associate degree,standard,True,16.3,6.5,69.0,61.0,46.0,international,False,77.0,100.0,58.67,C,Pass
4557,female,group E,bachelor degree,standard,True,1.3,7.8,84.0,59.0,60.0,public,True,77.0,100.0,67.67,C,Pass
4558,female,group C,associate degree,standard,False,10.2,8.2,80.0,85.0,56.0,public,True,86.3,100.0,73.67,B,Pass
4559,female,group C,bachelor degree,standard,True,9.6,7.2,64.0,67.0,45.0,private,True,75.8,100.0,58.67,C,Pass
4560,male,group D,high school,free/reduced,True,8.4,7.6,78.0,76.0,40.0,public,True,84.1,100.0,64.67,C,Pass
4561,male,group B,high school,standard,False,4.4,8.6,69.0,69.0,69.0,public,True,77.2,100.0,69.0,C,Pass
4562,female,group B,high school,free/reduced,False,5.3,8.8,50.0,87.0,54.0,public,True,89.1,100.0,63.67,C,Pass
4563,female,group A,bachelor degree,free/reduced,False,15.3,7.1,77.0,72.0,65.0,public,True,79.1,100.0,71.33,B,Pass
4564,female,group D,bachelor degree,standard,False,5.6,7.2,75.0,42.0,49.0,public,True,78.2,100.0,55.33,C,Pass
4565,female,group D,high school,free/reduced,False,9.4,7.2,61.0,98.0,86.0,public,True,91.6,100.0,81.67,B,Pass
4566,female,group E,high school,free/reduced,False,11.2,6.8,81.0,43.0,68.0,private,True,77.7,100.0,64.0,C,Pass
4567,female,group C,associate degree,standard,False,8.8,8.2,59.0,70.0,71.0,private,False,85.9,100.0,66.67,C,Pass
4568,female,group C,associate degree,standard,True,12.2,6.5,68.0,67.0,87.0,public,True,78.5,100.0,74.0,B,Pass
4569,male,group E,master degree,standard,False,0.0,8.0,60.0,75.0,51.0,international,True,87.1,100.0,62.0,C,Pass
4570,female,group B,some college,standard,True,0.0,6.2,49.0,73.0,68.0,public,True,80.4,100.0,63.33,C,Pass
4571,female,group C,bachelor degree,standard,True,9.3,9.6,39.0,61.0,68.0,public,True,74.4,100.0,56.0,C,Pass
4572,male,group C,high school,standard,False,12.2,8.2,56.0,59.0,59.0,public,True,76.7,100.0,58.0,C,Pass
4573,male,group E,bachelor degree,standard,True,9.8,6.1,49.0,77.0,76.0,public,True,86.0,100.0,67.33,C,Pass
4574,female,group C,some college,standard,True,7.5,9.3,65.0,66.0,72.0,public,True,79.1,100.0,67.67,C,Pass
4575,male,group B,associate degree,standard,True,5.2,6.4,89.0,70.0,84.0,public,False,83.7,100.0,81.0,B,Pass
4576,female,group E,associate degree,standard,False,4.9,7.0,52.0,55.0,73.0,private,True,77.9,100.0,60.0,C,Pass
4577,male,group B,associate degree,standard,False,8.3,7.2,77.0,77.0,79.0,public,False,80.2,100.0,77.67,B,Pass
4578,female,group C,some college,free/reduced,True,13.6,8.9,58.0,86.0,70.0,public,True,92.6,100.0,71.33,B,Pass
4579,female,group C,associate degree,free/reduced,False,6.2,6.0,76.0,64.0,97.0,public,True,83.8,100.0,79.0,B,Pass
4580,male,group E,high school,free/reduced,True,6.6,6.3,79.0,81.0,79.0,private,True,91.0,100.0,79.67,B,Pass
4581,female,group D,some college,standard,False,19.2,7.3,80.0,56.0,74.0,public,True,84.0,100.0,70.0,B,Pass
4582,female,group B,bachelor degree,standard,True,12.2,6.7,80.0,62.0,74.0,public,False,78.9,100.0,72.0,B,Pass
4583,male,group A,high school,standard,False,5.9,5.5,53.0,48.0,84.0,public,True,79.6,100.0,61.67,C,Pass
4584,male,group E,high school,standard,False,6.0,8.4,77.0,92.0,73.0,private,True,91.2,100.0,80.67,B,Pass
4585,female,group C,associate degree,free/reduced,False,12.4,6.0,75.0,41.0,70.0,public,True,78.9,100.0,62.0,C,Pass
4586,female,group E,bachelor degree,standard,False,6.2,6.5,96.0,50.0,71.0,public,True,89.9,100.0,72.33,B,Pass
4587,female,group D,master degree,free/reduced,False,8.8,7.7,63.0,49.0,86.0,public,True,86.5,100.0,66.0,C,Pass
4588,female,group C,master degree,standard,True,8.3,6.5,58.0,58.0,78.0,private,True,85.5,100.0,64.67,C,Pass
4589,male,group A,some college,standard,False,10.6,7.6,69.0,100.0,80.0,international,True,85.9,100.0,83.0,B,Pass
4590,female,group D,high school,free/reduced,False,10.4,6.2,96.0,48.0,53.0,public,True,75.9,100.0,65.67,C,Pass
4591,male,group A,high school,free/reduced,False,16.7,10.1,52.0,99.0,59.0,public,True,79.9,100.0,70.0,B,Pass
4592,male,group D,high school,standard,False,12.5,7.3,96.0,78.0,57.0,public,True,86.8,100.0,77.0,B,Pass
4593,female,group C,associate degree,standard,False,10.6,10.6,74.0,71.0,82.0,public,True,88.0,100.0,75.67,B,Pass
4594,male,group C,associate degree,free/reduced,True,11.0,5.2,79.0,81.0,77.0,public,True,75.7,100.0,79.0,B,Pass
4595,male,group E,high school,standard,False,9.6,6.9,67.0,66.0,73.0,public,True,82.4,100.0,68.67,C,Pass
4596,female,group A,bachelor degree,standard,False,11.4,6.3,66.0,55.0,38.0,public,False,77.0,100.0,53.0,D,Pass
4597,male,group B,bachelor degree,standard,False,2.6,7.1,83.0,74.0,72.0,public,True,84.1,100.0,76.33,B,Pass
4598,female,group D,some college,standard,True,19.8,8.1,67.0,58.0,79.0,public,True,88.7,100.0,68.0,C,Pass
4599,female,group E,high school,standard,False,9.6,9.1,73.0,70.0,59.0,public,True,84.0,100.0,67.33,C,Pass
4600,female,group D,some college,standard,True,8.1,8.1,61.0,76.0,75.0,public,True,89.8,100.0,70.67,B,Pass
4601,male,group D,associate degree,standard,False,12.8,7.2,64.0,64.0,59.0,public,True,78.9,100.0,62.33,C,Pass
4602,male,group C,bachelor degree,standard,True,7.5,10.0,81.0,51.0,72.0,public,True,86.9,100.0,68.0,C,Pass
4603,male,group A,high school,standard,False,11.4,7.5,53.0,74.0,75.0,private,True,90.1,100.0,67.33,C,Pass
4604,female,group D,high school,standard,False,14.0,5.2,62.0,63.0,67.0,private,False,87.2,100.0,64.0,C,Pass
4605,female,group C,bachelor degree,standard,True,2.0,7.2,76.0,61.0,71.0,public,True,77.3,100.0,69.33,C,Pass
4606,male,group E,master degree,standard,True,3.6,4.8,80.0,50.0,55.0,public,False,78.4,100.0,61.67,C,Pass
4607,male,group E,master degree,standard,True,1.7,6.8,92.0,79.0,71.0,private,True,85.5,100.0,80.67,B,Pass
4608,female,group C,master degree,free/reduced,False,9.3,5.4,58.0,91.0,80.0,public,True,88.0,100.0,76.33,B,Pass
4609,male,group A,high school,free/reduced,False,7.2,6.5,100.0,47.0,85.0,public,True,89.4,100.0,77.33,B,Pass
4610,male,group C,master degree,free/reduced,False,3.2,8.1,62.0,77.0,59.0,public,True,77.2,100.0,66.0,C,Pass
4611,male,group D,high school,standard,True,12.9,8.9,48.0,93.0,89.0,public,True,86.0,100.0,76.67,B,Pass
4612,female,group A,bachelor degree,standard,True,10.3,8.8,78.0,70.0,62.0,private,True,72.9,100.0,70.0,B,Pass
4613,male,group C,high school,standard,False,12.2,7.6,93.0,44.0,43.0,private,True,86.2,100.0,60.0,C,Pass
4614,male,group A,high school,standard,False,10.2,4.9,83.0,78.0,58.0,public,True,81.6,100.0,73.0,B,Pass
4615,female,group D,some college,free/reduced,True,11.4,8.5,54.0,78.0,54.0,public,True,80.1,100.0,62.0,C,Pass
4616,female,group C,associate degree,standard,False,8.4,6.5,52.0,96.0,64.0,international,True,81.7,100.0,70.67,B,Pass
4617,male,group C,associate degree,free/reduced,False,6.5,9.4,74.0,82.0,58.0,public,True,89.3,100.0,71.33,B,Pass
4618,male,group B,master degree,free/reduced,False,12.5,9.8,60.0,61.0,71.0,public,True,66.3,100.0,64.0,C,Pass
4619,male,group A,high school,standard,False,8.5,7.9,73.0,98.0,56.0,public,True,85.2,100.0,75.67,B,Pass
4620,male,group B,bachelor degree,free/reduced,True,9.6,6.5,80.0,63.0,51.0,public,True,80.3,100.0,64.67,C,Pass
4621,female,group A,associate degree,standard,False,9.0,7.5,80.0,59.0,75.0,public,True,81.3,100.0,71.33,B,Pass
4622,male,group C,some college,standard,False,8.4,7.9,89.0,69.0,78.0,public,True,95.1,100.0,78.67,B,Pass
4623,male,group C,associate degree,free/reduced,False,6.8,7.9,58.0,54.0,55.0,public,True,72.8,100.0,55.67,C,Pass
4624,female,group E,high school,free/reduced,True,13.4,8.3,66.0,67.0,82.0,public,True,87.5,100.0,71.67,B,Pass
4625,male,group B,high school,free/reduced,False,18.0,6.3,100.0,84.0,44.0,public,True,87.2,100.0,76.0,B,Pass
4626,female,group E,some college,standard,False,4.1,6.7,72.0,83.0,57.0,international,True,89.6,100.0,70.67,B,Pass
4627,male,group B,high school,standard,False,9.9,8.8,68.0,75.0,84.0,public,True,81.9,100.0,75.67,B,Pass
4628,male,group B,high school,standard,False,11.9,8.7,89.0,78.0,86.0,public,True,85.1,100.0,84.33,B,Pass
4629,female,group B,some college,standard,False,12.4,7.2,86.0,57.0,63.0,public,True,87.9,100.0,68.67,C,Pass
4630,female,group B,high school,free/reduced,True,12.8,7.2,93.0,71.0,37.0,public,True,83.8,100.0,67.0,C,Pass
4631,female,group E,master degree,standard,False,11.9,6.7,65.0,75.0,68.0,private,True,75.0,100.0,69.33,C,Pass
4632,female,group B,bachelor degree,standard,True,13.9,7.1,64.0,71.0,78.0,public,True,80.7,100.0,71.0,B,Pass
4633,female,group B,some college,free/reduced,True,10.9,6.9,81.0,77.0,84.0,private,True,89.2,100.0,80.67,B,Pass
4634,male,group B,high school,standard,False,11.6,8.3,61.0,45.0,77.0,public,True,83.6,100.0,61.0,C,Pass
4635,female,group A,some college,free/reduced,False,16.4,9.0,97.0,87.0,85.0,private,True,87.5,100.0,89.67,A,Pass
4636,male,group B,high school,standard,True,16.5,6.7,87.0,69.0,100.0,public,True,74.6,100.0,85.33,A,Pass
4637,male,group A,high school,free/reduced,False,9.6,7.1,67.0,77.0,66.0,public,False,85.6,100.0,70.0,B,Pass
4638,male,group B,bachelor degree,standard,False,11.9,5.8,70.0,50.0,64.0,public,True,73.4,100.0,61.33,C,Pass
4639,male,group D,some college,free/reduced,True,20.9,5.8,59.0,51.0,54.0,private,True,66.8,100.0,54.67,D,Pass
4640,male,group C,high school,standard,True,4.9,8.0,49.0,72.0,64.0,private,True,65.5,100.0,61.67,C,Pass
4641,female,group B,high school,standard,False,12.3,5.9,75.0,24.0,59.0,public,True,80.1,100.0,52.67,D,Pass
4642,female,group C,some college,standard,False,4.9,8.3,72.0,80.0,44.0,public,True,81.8,100.0,65.33,C,Pass
4643,male,group C,high school,standard,True,15.7,7.7,50.0,70.0,67.0,public,True,78.8,100.0,62.33,C,Pass
4644,female,group E,bachelor degree,standard,True,16.0,9.5,76.0,71.0,70.0,private,True,90.7,100.0,72.33,B,Pass
4645,male,group E,associate degree,standard,False,14.2,6.2,66.0,87.0,83.0,public,True,89.7,100.0,78.67,B,Pass
4646,female,group E,some college,standard,False,9.6,8.1,67.0,63.0,64.0,public,True,88.9,100.0,64.67,C,Pass
4647,male,group D,high school,standard,False,4.5,7.9,71.0,59.0,37.0,public,True,70.3,100.0,55.67,C,Pass
4648,male,group B,some college,standard,True,9.6,7.7,59.0,80.0,43.0,public,True,79.1,100.0,60.67,C,Pass
4649,male,group C,bachelor degree,standard,False,1.0,7.2,59.0,50.0,51.0,international,True,68.2,100.0,53.33,D,Pass
4650,female,group C,high school,standard,True,12.0,7.2,84.0,72.0,71.0,private,True,84.0,100.0,75.67,B,Pass
4651,female,group B,bachelor degree,standard,False,15.3,8.7,68.0,80.0,87.0,private,True,85.1,100.0,78.33,B,Pass
4652,female,group D,high school,standard,False,3.2,9.4,93.0,71.0,100.0,international,False,93.2,100.0,88.0,A,Pass
4653,male,group A,associate degree,free/reduced,True,13.6,8.3,68.0,78.0,60.0,public,True,82.7,100.0,68.67,C,Pass
4654,female,group D,high school,standard,True,8.4,7.6,85.0,100.0,73.0,private,True,92.5,100.0,86.0,A,Pass
4655,female,group D,some college,standard,True,8.6,6.6,60.0,60.0,66.0,public,True,83.3,100.0,62.0,C,Pass
4656,female,group A,associate degree,free/reduced,True,6.5,6.7,47.0,66.0,65.0,international,True,89.5,100.0,59.33,C,Pass
4657,female,group A,bachelor degree,standard,True,14.6,7.6,72.0,62.0,57.0,public,True,78.9,100.0,63.67,C,Pass
4658,male,group C,bachelor degree,standard,True,15.0,7.7,65.0,54.0,67.0,international,True,75.1,100.0,62.0,C,Pass
4659,male,group D,associate degree,free/reduced,False,13.9,8.5,72.0,76.0,42.0,public,True,81.6,100.0,63.33,C,Pass
4660,male,group C,high school,standard,False,7.4,9.5,54.0,67.0,84.0,public,True,78.3,100.0,68.33,C,Pass
4661,female,group D,high school,free/reduced,False,8.4,7.1,62.0,78.0,51.0,international,True,87.9,100.0,63.67,C,Pass
4662,female,group D,bachelor degree,standard,True,10.5,5.8,76.0,69.0,82.0,public,True,83.9,100.0,75.67,B,Pass
4663,male,group E,associate degree,standard,False,0.0,6.8,59.0,76.0,54.0,public,True,77.4,100.0,63.0,C,Pass
4664,male,group C,master degree,free/reduced,False,3.9,8.5,85.0,70.0,68.0,public,True,82.4,100.0,74.33,B,Pass
4665,male,group E,master degree,standard,False,14.9,8.0,71.0,79.0,54.0,public,True,85.8,100.0,68.0,C,Pass
4666,male,group E,high school,standard,True,5.4,5.4,50.0,90.0,66.0,public,True,81.7,100.0,68.67,C,Pass
4667,male,group C,high school,free/reduced,False,6.8,7.7,40.0,63.0,57.0,private,True,73.1,100.0,53.33,D,Pass
4668,female,group E,high school,standard,True,3.7,8.1,77.0,42.0,74.0,private,False,89.1,100.0,64.33,C,Pass
4669,female,group B,some college,standard,False,8.9,7.9,99.0,78.0,45.0,international,True,80.3,100.0,74.0,B,Pass
4670,female,group D,associate degree,free/reduced,True,6.7,7.2,53.0,69.0,70.0,public,True,80.8,100.0,64.0,C,Pass
4671,male,group B,some college,free/reduced,False,9.6,6.6,65.0,76.0,58.0,public,True,84.8,100.0,66.33,C,Pass
4672,female,group E,high school,free/reduced,False,9.1,8.7,64.0,89.0,73.0,private,True,77.0,100.0,75.33,B,Pass
4673,female,group B,some college,free/reduced,False,9.6,7.4,57.0,85.0,70.0,public,True,85.7,100.0,70.67,B,Pass
4674,male,group E,some college,standard,False,6.3,8.4,92.0,71.0,78.0,public,True,81.9,100.0,80.33,B,Pass
4675,male,group B,bachelor degree,standard,True,10.5,6.4,66.0,76.0,63.0,international,True,86.4,100.0,68.33,C,Pass
4676,male,group B,high school,standard,False,25.2,7.7,40.0,76.0,67.0,public,True,74.6,100.0,61.0,C,Pass
4677,male,group C,high school,standard,False,13.3,6.8,63.0,55.0,68.0,international,True,83.3,100.0,62.0,C,Pass
4678,male,group C,bachelor degree,free/reduced,True,2.4,6.6,61.0,60.0,50.0,public,True,83.3,100.0,57.0,C,Pass
4679,female,group B,master degree,free/reduced,False,6.0,7.4,79.0,48.0,53.0,public,False,83.3,100.0,60.0,C,Pass
4680,male,group B,high school,standard,True,7.6,5.7,100.0,88.0,61.0,private,True,89.5,100.0,83.0,B,Pass
4681,female,group E,high school,free/reduced,True,3.4,6.1,76.0,81.0,66.0,public,True,83.6,100.0,74.33,B,Pass
4682,male,group C,some college,standard,True,9.0,7.2,65.0,92.0,78.0,public,False,83.5,100.0,78.33,B,Pass
4683,male,group B,high school,standard,False,14.0,7.0,58.0,60.0,64.0,private,True,86.6,100.0,60.67,C,Pass
4684,female,group D,high school,free/reduced,False,7.8,5.2,65.0,60.0,88.0,private,True,79.9,100.0,71.0,B,Pass
4685,female,group E,some college,standard,True,11.8,6.7,34.0,62.0,76.0,public,True,72.7,100.0,57.33,C,Pass
4686,female,group B,bachelor degree,free/reduced,True,0.4,7.6,38.0,54.0,55.0,public,True,77.9,100.0,49.0,D,Pass
4687,male,group B,high school,standard,False,10.0,5.0,75.0,84.0,35.0,public,True,76.9,100.0,64.67,C,Pass
4688,female,group C,associate degree,standard,True,6.4,7.2,82.0,75.0,81.0,international,True,82.0,100.0,79.33,B,Pass
4689,female,group C,high school,standard,False,9.4,7.0,56.0,76.0,70.0,public,True,74.7,100.0,67.33,C,Pass
4690,female,group C,some college,standard,False,16.1,6.9,64.0,84.0,81.0,public,True,83.1,100.0,76.33,B,Pass
4691,female,group B,associate degree,free/reduced,False,9.5,7.0,57.0,80.0,62.0,private,True,81.1,100.0,66.33,C,Pass
4692,male,group C,bachelor degree,standard,True,9.6,8.5,84.0,80.0,71.0,international,False,87.4,100.0,78.33,B,Pass
4693,male,group A,associate degree,standard,False,9.9,7.9,78.0,84.0,76.0,private,True,91.5,100.0,79.33,B,Pass
4694,female,group E,high school,standard,True,9.8,9.3,59.0,50.0,81.0,private,True,83.0,100.0,63.33,C,Pass
4695,female,group C,bachelor degree,standard,True,0.6,6.4,66.0,71.0,100.0,public,True,85.5,100.0,79.0,B,Pass
4696,male,group C,associate degree,free/reduced,False,12.5,8.1,65.0,45.0,91.0,public,True,80.8,100.0,67.0,C,Pass
4697,female,group B,bachelor degree,standard,False,2.3,8.3,55.0,47.0,48.0,private,True,77.6,100.0,50.0,D,Pass
4698,male,group B,associate degree,standard,False,10.6,8.0,78.0,89.0,53.0,public,True,90.7,100.0,73.33,B,Pass
4699,female,group E,some college,standard,False,7.8,4.8,44.0,81.0,85.0,public,True,83.6,100.0,70.0,B,Pass
4700,male,group D,high school,standard,False,4.4,7.6,65.0,80.0,70.0,international,True,81.3,100.0,71.67,B,Pass
4701,female,group D,master degree,standard,True,15.8,6.2,84.0,66.0,56.0,private,True,77.5,100.0,68.67,C,Pass
4702,female,group C,some college,free/reduced,True,12.2,7.9,89.0,59.0,67.0,public,True,76.4,100.0,71.67,B,Pass
4703,male,group B,high school,standard,True,4.0,7.1,82.0,60.0,62.0,public,True,85.5,100.0,68.0,C,Pass
4704,female,group B,high school,free/reduced,False,10.0,8.0,70.0,88.0,80.0,public,True,89.6,100.0,79.33,B,Pass
4705,male,group D,high school,standard,True,15.5,7.6,67.0,84.0,71.0,international,True,87.4,100.0,74.0,B,Pass
4706,male,group A,associate degree,free/reduced,True,6.7,5.8,71.0,97.0,59.0,private,True,84.6,100.0,75.67,B,Pass
4707,female,group B,high school,standard,False,9.6,7.0,68.0,84.0,83.0,international,True,93.4,100.0,78.33,B,Pass
4708,male,group A,high school,free/reduced,False,8.8,7.3,61.0,60.0,94.0,public,True,81.2,100.0,71.67,B,Pass
4709,male,group E,bachelor degree,free/reduced,True,14.8,8.6,100.0,68.0,62.0,public,True,90.4,100.0,76.67,B,Pass
4710,male,group D,high school,standard,True,15.3,7.3,50.0,84.0,55.0,public,True,80.0,100.0,63.0,C,Pass
4711,male,group A,associate degree,standard,False,19.2,6.6,78.0,60.0,87.0,public,True,82.0,100.0,75.0,B,Pass
4712,female,group D,high school,standard,False,10.4,7.3,69.0,51.0,89.0,international,True,85.8,100.0,69.67,C,Pass
4713,female,group E,master degree,standard,False,11.6,7.2,79.0,67.0,64.0,international,True,85.0,100.0,70.0,B,Pass
4714,female,group C,master degree,free/reduced,False,12.8,9.0,58.0,93.0,62.0,private,True,85.2,100.0,71.0,B,Pass
4715,female,group C,master degree,standard,False,3.5,6.1,68.0,65.0,67.0,public,True,82.1,100.0,66.67,C,Pass
4716,male,group C,some college,free/reduced,True,18.9,6.8,68.0,67.0,84.0,public,True,84.0,100.0,73.0,B,Pass
4717,female,group D,high school,standard,False,11.0,3.9,76.0,79.0,66.0,international,True,96.4,100.0,73.67,B,Pass
4718,male,group A,high school,standard,False,8.5,6.4,61.0,76.0,81.0,public,True,90.0,100.0,72.67,B,Pass
4719,female,group C,bachelor degree,standard,False,10.8,7.2,81.0,69.0,60.0,public,True,86.6,100.0,70.0,B,Pass
4720,male,group E,associate degree,free/reduced,False,9.6,4.9,92.0,59.0,92.0,public,True,88.0,100.0,81.0,B,Pass
4721,male,group B,associate degree,standard,True,7.1,5.4,80.0,69.0,68.0,international,True,89.0,100.0,72.33,B,Pass
4722,female,group B,high school,free/reduced,False,1.5,9.2,65.0,85.0,54.0,public,True,84.8,100.0,68.0,C,Pass
4723,female,group A,high school,standard,True,9.6,8.0,87.0,83.0,100.0,public,True,91.1,100.0,90.0,A,Pass
4724,male,group B,master degree,free/reduced,True,9.6,3.3,58.0,76.0,73.0,international,True,81.1,100.0,69.0,C,Pass
4725,male,group B,some college,free/reduced,False,2.6,6.1,69.0,71.0,81.0,private,True,83.9,100.0,73.67,B,Pass
4726,female,group A,bachelor degree,standard,True,9.1,9.2,82.0,44.0,66.0,public,True,64.7,100.0,64.0,C,Pass
4727,female,group E,bachelor degree,standard,True,4.9,5.3,78.0,31.0,81.0,public,True,81.4,100.0,63.33,C,Pass
4728,male,group A,associate degree,standard,False,0.5,6.4,73.0,61.0,60.0,public,True,78.4,100.0,64.67,C,Pass
4729,female,group B,high school,standard,True,13.0,6.8,88.0,71.0,64.0,public,True,92.6,100.0,74.33,B,Pass
4730,female,group C,associate degree,standard,True,7.8,8.9,55.0,60.0,43.0,public,True,76.2,100.0,52.67,D,Pass
4731,male,group E,bachelor degree,standard,True,5.9,6.8,59.0,71.0,48.0,public,True,72.7,100.0,59.33,C,Pass
4732,male,group C,bachelor degree,standard,False,13.7,6.0,70.0,46.0,62.0,public,True,78.5,100.0,59.33,C,Pass
4733,male,group D,bachelor degree,standard,True,14.3,6.7,81.0,71.0,74.0,public,True,79.9,100.0,75.33,B,Pass
4734,male,group B,associate degree,standard,True,2.6,7.8,94.0,86.0,79.0,private,True,91.9,100.0,86.33,A,Pass
4735,male,group D,some college,standard,True,14.3,8.1,65.0,91.0,51.0,public,True,84.1,100.0,69.0,C,Pass
4736,male,group D,bachelor degree,standard,False,9.3,6.0,73.0,67.0,71.0,public,True,87.8,100.0,70.33,B,Pass
4737,male,group D,associate degree,standard,False,10.7,8.0,56.0,74.0,41.0,private,False,73.8,100.0,57.0,C,Pass
4738,male,group B,master degree,standard,True,7.3,6.0,52.0,68.0,43.0,public,False,76.9,100.0,54.33,D,Pass
4739,male,group C,some college,standard,True,14.8,6.9,52.0,65.0,99.0,public,True,77.0,100.0,72.0,B,Pass
4740,female,group E,master degree,free/reduced,False,3.4,7.6,68.0,52.0,68.0,public,False,83.6,100.0,62.67,C,Pass
4741,male,group E,high school,free/reduced,True,7.6,6.5,39.0,63.0,87.0,public,True,82.8,100.0,63.0,C,Pass
4742,female,group C,some college,free/reduced,False,9.6,9.8,71.0,51.0,79.0,public,True,84.3,100.0,67.0,C,Pass
4743,female,group B,associate degree,standard,False,12.4,8.1,93.0,49.0,64.0,private,True,82.5,100.0,68.67,C,Pass
4744,female,group C,associate degree,standard,True,16.9,5.6,78.0,59.0,73.0,public,True,85.1,100.0,70.0,B,Pass
4745,female,group D,bachelor degree,free/reduced,False,11.2,7.5,65.0,72.0,44.0,public,True,87.2,100.0,60.33,C,Pass
4746,male,group E,master degree,standard,False,19.6,6.8,77.0,65.0,69.0,private,True,81.7,100.0,70.33,B,Pass
4747,female,group B,bachelor degree,free/reduced,False,3.1,7.2,61.0,90.0,60.0,public,True,83.8,100.0,70.33,B,Pass
4748,male,group B,associate degree,standard,True,5.5,6.8,59.0,57.0,72.0,public,True,74.6,100.0,62.67,C,Pass
4749,male,group B,some college,free/reduced,False,12.9,8.0,87.0,44.0,68.0,public,True,77.2,100.0,66.33,C,Pass
4750,male,group B,bachelor degree,free/reduced,True,0.6,7.2,49.0,71.0,64.0,international,True,79.9,100.0,61.33,C,Pass
4751,male,group C,some college,standard,False,14.1,6.2,71.0,74.0,55.0,international,False,87.2,100.0,66.67,C,Pass
4752,male,group D,high school,free/reduced,False,8.6,5.5,63.0,71.0,71.0,public,True,80.9,100.0,68.33,C,Pass
4753,male,group E,bachelor degree,standard,False,7.2,8.3,57.0,71.0,89.0,public,True,82.6,100.0,72.33,B,Pass
4754,male,group E,high school,standard,False,8.7,7.2,78.0,77.0,31.0,international,True,77.8,100.0,62.0,C,Pass
4755,male,group A,bachelor degree,standard,False,8.9,7.6,79.0,71.0,64.0,public,False,80.7,100.0,71.33,B,Pass
4756,male,group C,master degree,free/reduced,False,6.5,7.2,64.0,83.0,73.0,public,True,85.8,100.0,73.33,B,Pass
4757,female,group C,some college,standard,False,9.7,7.7,61.0,81.0,65.0,international,True,75.1,100.0,69.0,C,Pass
4758,male,group D,bachelor degree,standard,False,10.5,7.2,81.0,50.0,72.0,private,True,88.5,100.0,67.67,C,Pass
4759,female,group C,bachelor degree,standard,True,16.1,6.5,61.0,71.0,81.0,public,True,79.9,100.0,71.0,B,Pass
4760,male,group B,associate degree,standard,False,4.1,8.5,64.0,61.0,55.0,public,True,82.6,100.0,60.0,C,Pass
4761,male,group B,high school,standard,False,9.6,4.4,70.0,56.0,63.0,public,True,73.9,100.0,63.0,C,Pass
4762,female,group E,high school,free/reduced,True,9.6,5.1,69.0,83.0,64.0,public,True,87.1,100.0,72.0,B,Pass
4763,male,group B,bachelor degree,standard,True,11.2,6.1,82.0,49.0,75.0,public,True,85.8,100.0,68.67,C,Pass
4764,male,group C,some college,free/reduced,False,9.6,6.4,58.0,66.0,69.0,public,True,82.7,100.0,64.33,C,Pass
4765,male,group E,bachelor degree,standard,False,7.2,6.1,44.0,81.0,55.0,private,False,74.0,100.0,60.0,C,Pass
4766,male,group C,some college,standard,False,13.1,4.7,68.0,71.0,66.0,international,True,83.4,100.0,68.33,C,Pass
4767,male,group B,high school,standard,True,9.6,7.2,100.0,63.0,53.0,public,True,77.9,100.0,72.0,B,Pass
4768,male,group E,high school,standard,True,7.7,6.9,58.0,62.0,51.0,private,False,76.5,100.0,57.0,C,Pass
4769,female,group C,high school,standard,True,14.9,8.3,54.0,66.0,45.0,public,True,82.1,100.0,55.0,C,Pass
4770,male,group C,high school,standard,True,10.6,6.7,87.0,83.0,65.0,public,True,90.3,100.0,78.33,B,Pass
4771,male,group D,bachelor degree,free/reduced,False,12.9,7.2,52.0,71.0,64.0,private,True,79.9,100.0,62.33,C,Pass
4772,male,group B,associate degree,free/reduced,False,8.6,5.2,53.0,91.0,73.0,international,True,79.1,100.0,72.33,B,Pass
4773,female,group B,high school,standard,True,10.9,7.2,69.0,78.0,72.0,international,True,87.4,100.0,73.0,B,Pass
4774,female,group C,high school,standard,False,17.5,7.0,84.0,82.0,57.0,private,True,84.8,100.0,74.33,B,Pass
4775,male,group E,high school,standard,False,8.3,9.7,64.0,72.0,51.0,public,True,68.3,100.0,62.33,C,Pass
4776,male,group C,some college,free/reduced,True,3.5,6.1,52.0,87.0,41.0,private,True,82.9,100.0,60.0,C,Pass
4777,female,group B,some college,free/reduced,True,10.8,6.9,51.0,67.0,84.0,public,True,81.8,100.0,67.33,C,Pass
4778,female,group C,high school,standard,True,10.1,6.4,87.0,78.0,54.0,public,True,90.2,100.0,73.0,B,Pass
4779,female,group C,bachelor degree,standard,True,9.9,8.9,72.0,47.0,86.0,international,True,76.9,100.0,68.33,C,Pass
4780,female,group B,high school,standard,False,2.6,3.6,51.0,82.0,66.0,public,True,65.6,100.0,66.33,C,Pass
4781,female,group B,high school,standard,True,11.2,7.8,72.0,76.0,77.0,public,True,86.4,100.0,75.0,B,Pass
4782,male,group B,bachelor degree,standard,True,0.0,7.2,53.0,88.0,50.0,public,True,81.9,100.0,63.67,C,Pass
4783,male,group A,some college,free/reduced,False,10.4,6.2,77.0,71.0,62.0,public,True,74.4,100.0,70.0,B,Pass
4784,male,group D,high school,free/reduced,False,5.9,7.2,73.0,79.0,71.0,public,True,79.8,100.0,74.33,B,Pass
4785,male,group E,associate degree,standard,True,10.4,7.9,64.0,69.0,69.0,public,True,95.7,100.0,67.33,C,Pass
4786,female,group D,high school,free/reduced,False,19.8,6.6,77.0,71.0,46.0,public,True,79.2,100.0,64.67,C,Pass
4787,female,group C,high school,free/reduced,False,9.9,7.4,73.0,55.0,74.0,public,True,85.6,100.0,67.33,C,Pass
4788,male,group D,high school,standard,False,10.1,6.1,80.0,80.0,67.0,private,True,82.0,100.0,75.67,B,Pass
4789,male,group B,high school,standard,True,11.2,7.8,47.0,85.0,64.0,public,True,70.7,100.0,65.33,C,Pass
4790,male,group E,high school,standard,True,4.3,6.3,77.0,66.0,85.0,public,True,84.5,100.0,76.0,B,Pass
4791,female,group B,associate degree,standard,True,15.7,8.9,50.0,73.0,53.0,public,True,77.1,100.0,58.67,C,Pass
4792,male,group D,high school,standard,False,13.4,4.8,80.0,50.0,56.0,international,True,77.8,100.0,62.0,C,Pass
4793,female,group E,bachelor degree,standard,False,8.4,5.0,84.0,38.0,93.0,public,True,83.1,100.0,71.67,B,Pass
4794,male,group C,some college,standard,False,9.6,7.7,64.0,22.0,49.0,public,True,74.3,100.0,45.0,D,Pass
4795,male,group E,bachelor degree,standard,False,4.6,6.0,64.0,85.0,97.0,public,True,87.0,100.0,82.0,B,Pass
4796,female,group B,high school,standard,False,3.5,5.7,88.0,64.0,71.0,private,True,78.4,100.0,74.33,B,Pass
4797,male,group C,associate degree,standard,False,12.5,6.2,59.0,55.0,44.0,private,True,78.5,100.0,52.67,D,Pass
4798,male,group D,bachelor degree,free/reduced,False,2.1,8.4,94.0,70.0,60.0,public,True,75.1,100.0,74.67,B,Pass
4799,female,group D,some college,standard,True,9.7,8.4,96.0,46.0,74.0,public,True,73.5,100.0,72.0,B,Pass
4800,male,group A,associate degree,standard,True,7.9,8.9,49.0,88.0,63.0,public,True,85.4,100.0,66.67,C,Pass
4801,female,group C,high school,standard,False,11.4,6.7,49.0,66.0,80.0,public,True,83.5,100.0,65.0,C,Pass
4802,female,group C,bachelor degree,standard,True,11.4,6.8,80.0,76.0,72.0,public,True,85.1,100.0,76.0,B,Pass
4803,male,group A,bachelor degree,standard,False,11.4,7.1,43.0,55.0,55.0,public,True,68.4,100.0,51.0,D,Pass
4804,female,group B,high school,free/reduced,False,7.2,5.8,46.0,71.0,68.0,public,True,76.0,100.0,61.67,C,Pass
4805,female,group B,high school,standard,True,2.3,7.2,51.0,77.0,79.0,public,True,81.3,100.0,69.0,C,Pass
4806,male,group D,high school,free/reduced,True,13.4,4.5,67.0,71.0,92.0,public,True,77.6,100.0,76.67,B,Pass
4807,male,group D,high school,standard,False,11.3,6.0,77.0,91.0,77.0,private,True,84.0,100.0,81.67,B,Pass
4808,female,group E,high school,standard,True,7.3,8.8,56.0,69.0,73.0,public,True,84.7,100.0,66.0,C,Pass
4809,male,group D,some college,free/reduced,False,6.1,6.4,68.0,74.0,81.0,public,True,91.9,100.0,74.33,B,Pass
4810,female,group E,bachelor degree,standard,True,14.5,6.9,75.0,63.0,78.0,public,True,81.7,100.0,72.0,B,Pass
4811,male,group B,bachelor degree,standard,False,10.8,8.3,87.0,90.0,68.0,public,False,91.4,100.0,81.67,B,Pass
4812,male,group D,some college,standard,True,14.7,8.9,82.0,76.0,84.0,public,True,77.7,100.0,80.67,B,Pass
4813,male,group C,associate degree,standard,False,9.4,7.9,74.0,79.0,88.0,public,True,90.4,100.0,80.33,B,Pass
4814,male,group C,associate degree,standard,False,6.6,8.8,65.0,84.0,80.0,public,True,81.5,100.0,76.33,B,Pass
4815,female,group B,some college,free/reduced,True,0.0,9.8,67.0,88.0,71.0,public,True,86.7,100.0,75.33,B,Pass
4816,male,group E,high school,standard,False,9.9,5.8,58.0,75.0,90.0,private,True,83.5,100.0,74.33,B,Pass
4817,female,group D,high school,free/reduced,False,16.3,7.2,92.0,87.0,55.0,public,True,92.8,100.0,78.0,B,Pass
4818,male,group C,master degree,standard,True,4.0,9.2,68.0,87.0,44.0,public,True,77.2,100.0,66.33,C,Pass
4819,female,group C,high school,standard,True,11.6,5.3,94.0,75.0,66.0,private,True,89.5,100.0,78.33,B,Pass
4820,male,group A,high school,standard,True,10.6,9.5,59.0,81.0,67.0,public,True,81.2,100.0,69.0,C,Pass
4821,female,group B,some college,free/reduced,True,5.2,9.1,67.0,49.0,68.0,international,True,78.7,100.0,61.33,C,Pass
4822,male,group C,bachelor degree,standard,True,14.4,6.6,47.0,65.0,73.0,public,False,78.7,100.0,61.67,C,Pass
4823,female,group C,high school,standard,False,3.5,7.6,57.0,67.0,85.0,public,True,78.6,100.0,69.67,C,Pass
4824,female,group A,high school,free/reduced,False,20.4,7.2,65.0,75.0,64.0,public,True,82.1,100.0,68.0,C,Pass
4825,female,group D,high school,free/reduced,True,3.9,8.6,81.0,79.0,64.0,public,True,84.6,100.0,74.67,B,Pass
4826,female,group C,master degree,standard,False,10.9,6.0,84.0,66.0,80.0,public,False,86.9,100.0,76.67,B,Pass
4827,male,group B,bachelor degree,standard,True,9.6,6.0,59.0,77.0,82.0,public,True,84.5,100.0,72.67,B,Pass
4828,female,group B,associate degree,standard,True,11.5,8.0,72.0,59.0,90.0,private,False,88.5,100.0,73.67,B,Pass
4829,male,group C,high school,standard,True,13.5,9.5,81.0,68.0,70.0,public,True,88.8,100.0,73.0,B,Pass
4830,female,group B,associate degree,standard,False,14.5,7.2,91.0,99.0,76.0,public,False,85.2,100.0,88.67,A,Pass
4831,male,group B,bachelor degree,standard,False,6.2,7.9,80.0,63.0,60.0,public,True,86.4,100.0,67.67,C,Pass
4832,male,group D,high school,standard,False,8.8,8.6,50.0,69.0,64.0,public,True,73.5,100.0,61.0,C,Pass
4833,female,group D,associate degree,free/reduced,False,13.2,6.3,57.0,71.0,75.0,private,True,85.0,100.0,67.67,C,Pass
4834,female,group D,high school,free/reduced,True,7.7,6.1,36.0,94.0,64.0,private,True,84.0,100.0,64.67,C,Pass
4835,female,group A,high school,standard,True,8.9,6.5,73.0,47.0,58.0,public,True,69.2,100.0,59.33,C,Pass
4836,female,group A,some college,standard,False,11.8,9.0,61.0,54.0,54.0,public,True,78.0,100.0,56.33,C,Pass
4837,female,group E,master degree,standard,True,11.0,6.8,78.0,95.0,72.0,private,True,85.3,100.0,81.67,B,Pass
4838,female,group E,some college,standard,False,14.4,7.5,75.0,90.0,55.0,international,True,80.5,100.0,73.33,B,Pass
4839,female,group E,some college,free/reduced,True,6.2,6.5,67.0,66.0,71.0,public,True,89.0,100.0,68.0,C,Pass
4840,male,group C,bachelor degree,standard,True,0.0,4.6,72.0,43.0,73.0,public,False,76.8,100.0,62.67,C,Pass
4841,male,group A,high school,standard,True,8.6,9.2,69.0,75.0,77.0,private,True,80.4,100.0,73.67,B,Pass
4842,male,group C,associate degree,standard,False,12.8,7.0,60.0,60.0,57.0,public,True,79.0,100.0,59.0,C,Pass
4843,female,group C,some college,standard,False,3.6,7.7,96.0,60.0,61.0,public,True,87.4,100.0,72.33,B,Pass
4844,female,group E,associate degree,standard,True,10.9,9.4,73.0,65.0,85.0,international,True,84.0,100.0,74.33,B,Pass
4845,male,group B,associate degree,free/reduced,False,9.6,8.4,63.0,76.0,90.0,public,False,91.4,100.0,76.33,B,Pass
4846,female,group D,bachelor degree,standard,True,14.2,7.1,61.0,91.0,84.0,public,False,89.1,100.0,78.67,B,Pass
4847,female,group A,associate degree,standard,True,0.0,6.1,77.0,65.0,45.0,private,True,69.0,100.0,62.33,C,Pass
4848,female,group E,bachelor degree,free/reduced,False,5.9,7.2,100.0,67.0,75.0,private,True,84.6,100.0,80.67,B,Pass
4849,male,group A,high school,free/reduced,True,12.2,6.8,71.0,59.0,64.0,international,True,78.1,100.0,64.67,C,Pass
4850,male,group D,bachelor degree,free/reduced,False,7.0,4.8,70.0,67.0,64.0,private,True,84.2,100.0,67.0,C,Pass
4851,female,group B,high school,standard,True,9.6,6.3,68.0,59.0,93.0,international,True,71.2,100.0,73.33,B,Pass
4852,male,group B,high school,standard,False,10.8,7.0,71.0,44.0,84.0,private,True,94.3,100.0,66.33,C,Pass
4853,male,group A,bachelor degree,standard,False,4.0,7.2,73.0,97.0,49.0,public,True,86.9,100.0,73.0,B,Pass
4854,female,group A,associate degree,free/reduced,False,10.6,5.5,56.0,61.0,79.0,private,True,81.9,100.0,65.33,C,Pass
4855,male,group D,some college,free/reduced,False,9.2,8.6,70.0,89.0,90.0,public,True,94.1,100.0,83.0,B,Pass
4856,female,group E,associate degree,standard,False,15.0,7.2,61.0,75.0,95.0,public,True,97.5,100.0,77.0,B,Pass
4857,male,group A,some college,standard,True,11.1,4.4,76.0,82.0,77.0,public,True,90.7,100.0,78.33,B,Pass
4858,male,group C,master degree,free/reduced,False,6.7,8.5,57.0,59.0,62.0,private,True,83.5,100.0,59.33,C,Pass
4859,female,group D,some college,standard,True,4.9,5.8,76.0,65.0,70.0,public,False,83.8,100.0,70.33,B,Pass
4860,male,group D,high school,standard,True,9.9,6.8,60.0,81.0,65.0,public,True,81.8,100.0,68.67,C,Pass
4861,male,group C,bachelor degree,standard,True,14.6,5.9,87.0,63.0,69.0,private,True,81.8,100.0,73.0,B,Pass
4862,male,group D,high school,standard,True,5.8,7.8,75.0,75.0,42.0,private,True,76.5,100.0,64.0,C,Pass
4863,male,group B,bachelor degree,standard,True,7.0,5.7,56.0,62.0,75.0,international,False,77.3,100.0,64.33,C,Pass
4864,female,group D,some college,standard,False,19.1,4.6,79.0,63.0,75.0,public,False,77.2,100.0,72.33,B,Pass
4865,female,group E,high school,free/reduced,True,9.7,8.9,49.0,84.0,89.0,public,True,84.2,100.0,74.0,B,Pass
4866,female,group C,associate degree,free/reduced,False,14.9,3.3,77.0,87.0,47.0,private,True,74.7,100.0,70.33,B,Pass
4867,female,group B,high school,standard,False,17.0,6.9,59.0,77.0,57.0,public,True,81.7,100.0,64.33,C,Pass
4868,male,group B,some college,standard,False,10.5,7.9,71.0,72.0,88.0,public,True,85.6,100.0,77.0,B,Pass
4869,male,group C,master degree,standard,False,6.3,8.8,89.0,71.0,79.0,public,True,87.6,100.0,79.67,B,Pass
4870,male,group A,high school,standard,True,0.0,5.4,88.0,100.0,79.0,international,False,88.0,100.0,89.0,A,Pass
4871,male,group A,high school,standard,False,13.4,6.9,65.0,63.0,63.0,public,True,95.9,100.0,63.67,C,Pass
4872,female,group C,high school,standard,True,0.3,5.6,60.0,75.0,70.0,public,True,89.1,100.0,68.33,C,Pass
4873,female,group A,high school,standard,True,7.4,6.1,70.0,62.0,62.0,public,True,74.6,100.0,64.67,C,Pass
4874,male,group C,bachelor degree,free/reduced,False,2.2,9.2,85.0,55.0,49.0,public,True,81.4,100.0,63.0,C,Pass
4875,female,group E,high school,free/reduced,False,10.9,9.4,56.0,58.0,79.0,international,True,77.7,100.0,64.33,C,Pass
4876,male,group E,high school,standard,True,11.3,5.4,74.0,85.0,61.0,public,True,79.3,100.0,73.33,B,Pass
4877,female,group D,high school,standard,True,11.7,7.0,59.0,63.0,83.0,private,True,75.6,100.0,68.33,C,Pass
4878,male,group C,some college,free/reduced,True,10.5,7.4,73.0,57.0,57.0,public,False,82.1,100.0,62.33,C,Pass
4879,male,group E,bachelor degree,free/reduced,False,1.1,6.7,63.0,82.0,70.0,international,True,80.3,100.0,71.67,B,Pass
4880,male,group B,some college,standard,True,4.4,4.5,81.0,83.0,79.0,private,True,92.2,100.0,81.0,B,Pass
4881,male,group D,bachelor degree,free/reduced,True,14.4,7.7,78.0,74.0,67.0,public,True,89.2,100.0,73.0,B,Pass
4882,female,group D,high school,standard,True,1.9,9.0,60.0,86.0,86.0,public,True,92.8,100.0,77.33,B,Pass
4883,male,group B,high school,standard,False,3.2,7.2,81.0,74.0,75.0,private,True,81.4,100.0,76.67,B,Pass
4884,male,group D,master degree,standard,True,11.7,4.4,71.0,72.0,79.0,public,True,87.0,100.0,74.0,B,Pass
4885,female,group C,associate degree,standard,False,12.3,7.2,63.0,79.0,76.0,public,True,87.2,100.0,72.67,B,Pass
4886,male,group B,bachelor degree,standard,True,12.7,7.4,59.0,73.0,59.0,public,True,78.1,100.0,63.67,C,Pass
4887,male,group A,associate degree,standard,True,13.0,9.4,93.0,63.0,77.0,public,True,82.2,100.0,77.67,B,Pass
4888,female,group B,associate degree,free/reduced,False,2.3,6.3,88.0,80.0,50.0,public,True,92.1,100.0,72.67,B,Pass
4889,female,group B,associate degree,standard,False,9.5,8.6,76.0,100.0,59.0,public,True,87.5,100.0,78.33,B,Pass
4890,male,group C,associate degree,standard,True,8.5,6.3,48.0,71.0,83.0,private,True,85.0,100.0,67.33,C,Pass
4891,male,group D,some college,standard,False,4.4,6.1,61.0,68.0,41.0,public,True,73.6,100.0,56.67,C,Pass
4892,male,group C,high school,standard,False,14.1,6.8,52.0,78.0,77.0,public,True,76.5,100.0,69.0,C,Pass
4893,female,group B,bachelor degree,standard,True,1.8,7.2,67.0,71.0,73.0,private,True,80.3,100.0,70.33,B,Pass
4894,female,group A,some college,free/reduced,True,8.9,7.9,42.0,65.0,84.0,international,True,79.8,100.0,63.67,C,Pass
4895,male,group C,bachelor degree,standard,True,14.9,6.4,54.0,82.0,64.0,public,True,76.3,100.0,66.67,C,Pass
4896,female,group B,bachelor degree,free/reduced,True,8.1,6.3,72.0,55.0,72.0,public,True,81.5,100.0,66.33,C,Pass
4897,male,group E,bachelor degree,free/reduced,True,12.6,8.2,64.0,69.0,72.0,public,True,73.9,100.0,68.33,C,Pass
4898,female,group B,bachelor degree,standard,True,5.7,6.3,50.0,71.0,85.0,international,True,76.7,100.0,68.67,C,Pass
4899,male,group C,bachelor degree,standard,True,6.1,6.7,63.0,63.0,72.0,public,True,84.8,100.0,66.0,C,Pass
4900,male,group A,some college,standard,False,9.6,7.3,75.0,62.0,59.0,public,True,84.2,100.0,65.33,C,Pass
4901,female,group B,associate degree,free/reduced,True,2.9,5.8,94.0,60.0,78.0,public,True,84.0,100.0,77.33,B,Pass
4902,male,group E,bachelor degree,standard,False,4.9,6.0,83.0,58.0,57.0,international,True,76.3,100.0,66.0,C,Pass
4903,female,group D,high school,standard,True,10.6,8.8,57.0,81.0,76.0,international,True,78.4,100.0,71.33,B,Pass
4904,female,group A,associate degree,standard,True,15.6,8.6,77.0,92.0,60.0,public,True,83.7,100.0,76.33,B,Pass
4905,male,group B,high school,standard,False,2.7,6.1,56.0,61.0,45.0,international,True,79.8,100.0,54.0,D,Pass
4906,male,group E,associate degree,free/reduced,True,9.6,8.4,63.0,83.0,68.0,public,True,88.2,100.0,71.33,B,Pass
4907,male,group C,high school,free/reduced,True,16.1,6.1,59.0,82.0,79.0,public,True,81.9,100.0,73.33,B,Pass
4908,female,group D,associate degree,standard,False,15.5,3.9,67.0,72.0,68.0,private,True,76.8,100.0,69.0,C,Pass
4909,female,group E,some college,free/reduced,False,0.0,6.8,68.0,79.0,63.0,public,True,84.3,100.0,70.0,B,Pass
4910,male,group E,high school,standard,False,12.8,6.1,65.0,66.0,66.0,private,True,77.1,100.0,65.67,C,Pass
4911,male,group D,high school,standard,True,12.7,7.2,72.0,82.0,73.0,public,True,82.7,100.0,75.67,B,Pass
4912,male,group B,high school,standard,True,8.5,6.8,63.0,58.0,53.0,public,True,84.8,100.0,58.0,C,Pass
4913,female,group D,bachelor degree,standard,False,18.7,9.3,76.0,70.0,65.0,private,True,87.3,100.0,70.33,B,Pass
4914,female,group B,associate degree,free/reduced,True,8.9,6.5,64.0,69.0,58.0,public,True,81.3,100.0,63.67,C,Pass
4915,female,group A,high school,standard,True,18.2,5.1,36.0,68.0,79.0,public,True,73.0,100.0,61.0,C,Pass
4916,male,group C,associate degree,standard,True,6.6,5.2,68.0,76.0,51.0,private,True,82.1,100.0,65.0,C,Pass
4917,male,group E,some college,standard,False,9.0,9.8,53.0,75.0,78.0,public,True,87.8,100.0,68.67,C,Pass
4918,male,group C,associate degree,free/reduced,True,3.3,5.7,53.0,68.0,64.0,public,True,77.8,100.0,61.67,C,Pass
4919,female,group D,bachelor degree,standard,False,0.0,6.6,80.0,66.0,95.0,public,True,93.9,100.0,80.33,B,Pass
4920,female,group E,some college,free/reduced,False,12.6,7.4,65.0,81.0,54.0,public,True,88.1,100.0,66.67,C,Pass
4921,male,group E,high school,free/reduced,False,7.7,7.2,92.0,67.0,74.0,public,True,94.4,100.0,77.67,B,Pass
4922,male,group E,high school,free/reduced,True,10.5,8.1,100.0,76.0,97.0,public,True,92.9,100.0,91.0,A,Pass
4923,male,group C,high school,standard,False,9.6,6.3,95.0,76.0,84.0,public,True,91.9,100.0,85.0,A,Pass
4924,male,group D,some college,free/reduced,False,16.5,7.1,66.0,68.0,85.0,international,True,91.3,100.0,73.0,B,Pass
4925,male,group D,high school,free/reduced,True,12.6,9.1,83.0,67.0,80.0,public,True,87.9,100.0,76.67,B,Pass
4926,male,group C,high school,free/reduced,False,5.2,7.7,72.0,74.0,53.0,private,True,79.0,100.0,66.33,C,Pass
4927,female,group E,master degree,standard,True,9.2,7.4,71.0,91.0,71.0,public,False,83.7,100.0,77.67,B,Pass
4928,male,group B,some college,standard,False,2.9,7.2,66.0,80.0,74.0,public,True,85.5,100.0,73.33,B,Pass
4929,male,group B,high school,free/reduced,False,9.5,6.3,55.0,86.0,59.0,public,True,75.2,100.0,66.67,C,Pass
4930,male,group D,bachelor degree,standard,True,15.4,9.8,76.0,82.0,81.0,public,True,86.2,100.0,79.67,B,Pass
4931,female,group B,bachelor degree,standard,True,5.9,8.0,55.0,52.0,52.0,public,False,81.7,100.0,53.0,D,Pass
4932,female,group D,bachelor degree,standard,False,12.4,4.5,76.0,83.0,78.0,public,False,75.6,100.0,79.0,B,Pass
4933,male,group D,some college,standard,False,1.3,6.8,41.0,67.0,67.0,public,True,86.0,100.0,58.33,C,Pass
4934,male,group E,master degree,free/reduced,True,13.1,4.6,69.0,85.0,71.0,public,True,90.5,100.0,75.0,B,Pass
4935,female,group A,high school,standard,False,9.6,7.2,75.0,71.0,100.0,public,True,85.4,100.0,82.0,B,Pass
4936,male,group C,high school,standard,True,11.0,7.7,50.0,45.0,66.0,private,True,79.2,100.0,53.67,D,Pass
4937,female,group B,bachelor degree,standard,False,7.9,8.8,50.0,71.0,62.0,public,True,79.3,100.0,61.0,C,Pass
4938,male,group B,some college,standard,True,6.3,7.3,67.0,56.0,61.0,public,False,85.7,100.0,61.33,C,Pass
4939,male,group E,high school,standard,True,10.7,6.8,68.0,53.0,58.0,private,True,83.8,100.0,59.67,C,Pass
4940,male,group E,bachelor degree,standard,False,9.1,7.2,86.0,71.0,78.0,public,True,79.2,100.0,78.33,B,Pass
4941,male,group D,high school,standard,False,9.0,6.1,60.0,71.0,57.0,public,True,83.0,100.0,62.67,C,Pass
4942,female,group A,high school,free/reduced,False,6.8,7.2,55.0,100.0,61.0,public,False,82.8,100.0,72.0,B,Pass
4943,male,group A,high school,free/reduced,True,15.8,9.0,93.0,75.0,81.0,private,True,88.6,100.0,83.0,B,Pass
4944,male,group B,high school,standard,False,15.1,6.2,47.0,65.0,74.0,public,True,76.2,100.0,62.0,C,Pass
4945,female,group C,bachelor degree,standard,False,19.1,4.1,70.0,85.0,65.0,public,True,93.1,100.0,73.33,B,Pass
4946,female,group E,associate degree,standard,False,10.1,7.4,79.0,81.0,63.0,public,True,89.9,100.0,74.33,B,Pass
4947,female,group D,some college,standard,False,17.4,6.3,50.0,74.0,68.0,public,True,76.9,100.0,64.0,C,Pass
4948,male,group C,high school,standard,False,10.8,7.4,73.0,67.0,43.0,private,False,72.7,100.0,61.0,C,Pass
4949,male,group A,associate degree,free/reduced,True,10.3,7.2,72.0,67.0,57.0,private,True,79.2,100.0,65.33,C,Pass
4950,male,group C,associate degree,standard,True,2.4,8.2,73.0,69.0,71.0,public,True,85.6,100.0,71.0,B,Pass
4951,female,group B,high school,standard,True,14.2,6.9,63.0,85.0,82.0,public,False,86.9,100.0,76.67,B,Pass
4952,male,group B,high school,standard,True,14.0,7.2,79.0,67.0,76.0,public,True,90.9,100.0,74.0,B,Pass
4953,male,group C,high school,standard,True,8.9,8.7,69.0,60.0,60.0,private,True,84.1,100.0,63.0,C,Pass
4954,male,group D,high school,standard,True,10.7,9.0,88.0,79.0,64.0,public,True,90.6,100.0,77.0,B,Pass
4955,female,group E,bachelor degree,standard,False,11.1,7.3,65.0,51.0,100.0,public,True,85.4,100.0,72.0,B,Pass
4956,male,group D,master degree,standard,False,3.9,7.2,78.0,71.0,71.0,private,True,77.1,100.0,73.33,B,Pass
4957,female,group C,high school,free/reduced,False,4.0,6.3,76.0,67.0,75.0,international,True,83.1,100.0,72.67,B,Pass
4958,female,group A,some college,standard,True,6.2,5.9,65.0,43.0,67.0,private,True,83.6,100.0,58.33,C,Pass
4959,male,group C,bachelor degree,standard,False,9.6,7.9,51.0,92.0,62.0,private,True,82.1,100.0,68.33,C,Pass
4960,male,group B,associate degree,free/reduced,True,8.6,9.4,67.0,61.0,69.0,public,True,83.8,100.0,65.67,C,Pass
4961,female,group C,associate degree,free/reduced,True,12.4,8.4,100.0,71.0,90.0,international,True,88.2,100.0,87.0,A,Pass
4962,female,group A,master degree,free/reduced,True,2.9,5.6,88.0,66.0,86.0,international,True,81.9,100.0,80.0,B,Pass
4963,female,group B,some college,standard,True,18.2,9.6,87.0,49.0,41.0,public,True,78.0,100.0,59.0,C,Pass
4964,male,group B,high school,standard,True,7.3,5.1,45.0,79.0,94.0,public,True,85.6,100.0,72.67,B,Pass
4965,male,group A,some college,standard,False,9.6,7.1,71.0,73.0,70.0,public,True,80.3,100.0,71.33,B,Pass
4966,female,group D,high school,free/reduced,False,9.0,8.9,71.0,71.0,74.0,public,True,82.5,100.0,72.0,B,Pass
4967,female,group B,bachelor degree,standard,False,11.7,7.2,97.0,93.0,92.0,private,True,87.9,100.0,94.0,A,Pass
4968,female,group E,high school,standard,False,11.4,7.9,65.0,87.0,47.0,public,True,87.1,100.0,66.33,C,Pass
4969,female,group C,bachelor degree,standard,False,0.0,5.4,55.0,68.0,100.0,public,True,83.3,100.0,74.33,B,Pass
4970,female,group C,bachelor degree,standard,False,9.1,9.3,65.0,93.0,89.0,international,True,95.2,100.0,82.33,B,Pass
4971,female,group B,some college,standard,False,17.7,5.6,56.0,64.0,58.0,public,True,86.4,100.0,59.33,C,Pass
4972,male,group A,master degree,free/reduced,False,10.0,4.8,73.0,83.0,75.0,public,True,85.4,100.0,77.0,B,Pass
4973,female,group C,bachelor degree,standard,True,11.1,5.6,77.0,100.0,61.0,public,False,81.7,100.0,79.33,B,Pass
4974,male,group B,associate degree,free/reduced,False,10.0,7.8,73.0,85.0,64.0,public,True,74.2,100.0,74.0,B,Pass
4975,female,group E,some college,free/reduced,False,15.6,9.5,75.0,71.0,53.0,public,True,74.0,100.0,66.33,C,Pass
4976,male,group B,some college,standard,True,7.1,9.3,53.0,70.0,79.0,public,True,75.1,100.0,67.33,C,Pass
4977,male,group E,some college,standard,False,0.6,4.1,79.0,60.0,72.0,public,True,90.0,100.0,70.33,B,Pass
4978,female,group C,bachelor degree,standard,False,11.2,7.1,54.0,100.0,73.0,private,True,85.8,100.0,75.67,B,Pass
4979,male,group E,some college,standard,False,15.5,9.1,67.0,58.0,90.0,public,True,85.6,100.0,71.67,B,Pass
4980,female,group C,bachelor degree,standard,False,13.7,6.9,64.0,74.0,62.0,private,True,70.6,100.0,66.67,C,Pass
4981,male,group E,high school,standard,False,15.0,7.8,79.0,79.0,66.0,public,True,78.9,100.0,74.67,B,Pass
4982,female,group B,master degree,standard,True,7.2,8.2,92.0,80.0,84.0,international,True,93.6,100.0,85.33,A,Pass
4983,female,group B,bachelor degree,standard,True,9.0,7.7,81.0,85.0,61.0,public,True,86.7,100.0,75.67,B,Pass
4984,male,group C,associate degree,free/reduced,False,12.5,9.7,57.0,70.0,74.0,private,True,81.1,100.0,67.0,C,Pass
4985,male,group A,some college,free/reduced,False,11.2,6.8,74.0,71.0,69.0,public,True,86.2,100.0,71.33,B,Pass
4986,male,group C,some college,free/reduced,False,3.4,5.9,77.0,83.0,79.0,private,False,95.0,100.0,79.67,B,Pass
4987,female,group B,some college,free/reduced,False,5.3,7.2,84.0,79.0,73.0,public,True,85.4,100.0,78.67,B,Pass
4988,female,group C,high school,free/reduced,True,12.2,7.0,100.0,86.0,36.0,public,True,84.9,100.0,74.0,B,Pass
4989,female,group E,some college,free/reduced,False,7.6,6.1,67.0,60.0,66.0,public,True,81.7,100.0,64.33,C,Pass
4990,male,group C,high school,standard,False,7.5,6.8,71.0,53.0,76.0,public,True,93.6,100.0,66.67,C,Pass
4991,female,group A,high school,free/reduced,False,8.4,6.2,73.0,80.0,68.0,international,True,74.0,100.0,73.67,B,Pass
4992,female,group D,high school,standard,False,5.7,5.4,64.0,72.0,77.0,private,True,86.8,100.0,71.0,B,Pass
4993,female,group E,high school,standard,False,5.4,9.6,67.0,66.0,52.0,public,True,79.1,100.0,61.67,C,Pass
4994,male,group E,associate degree,standard,True,8.4,9.5,50.0,75.0,78.0,public,True,84.9,100.0,67.67,C,Pass
4995,female,group D,high school,standard,False,13.5,7.2,69.0,72.0,82.0,private,False,81.4,100.0,74.33,B,Pass
4996,female,group D,bachelor degree,standard,False,13.4,7.3,78.0,78.0,60.0,public,True,83.6,100.0,72.0,B,Pass
4997,female,group A,master degree,standard,True,3.8,6.5,64.0,52.0,75.0,public,True,84.0,100.0,63.67,C,Pass
4998,female,group E,master degree,free/reduced,True,5.1,6.8,60.0,80.0,71.0,public,True,98.6,100.0,70.33,B,Pass
4999,male,group D,high school,standard,False,10.0,7.1,78.0,74.0,67.0,public,True,88.2,100.0,73.0,B,Pass
5000,male,group E,associate degree,free/reduced,False,7.5,6.6,76.0,83.0,34.0,private,True,76.5,100.0,64.33,C,Pass
5001,female,group E,high school,free/reduced,True,12.2,7.2,69.0,42.0,66.0,public,True,76.5,100.0,59.0,C,Pass
5002,male,group D,high school,free/reduced,True,9.3,8.8,61.0,74.0,71.0,public,True,80.2,100.0,68.67,C,Pass
5003,male,group A,associate degree,free/reduced,False,11.1,5.6,68.0,86.0,71.0,public,True,75.9,100.0,75.0,B,Pass
5004,male,group A,associate degree,free/reduced,True,11.4,7.0,55.0,70.0,68.0,public,True,79.1,100.0,64.33,C,Pass
5005,female,group E,bachelor degree,standard,False,6.8,7.1,63.0,63.0,99.0,public,False,88.7,100.0,75.0,B,Pass
5006,female,group D,some college,standard,False,9.9,7.2,65.0,71.0,80.0,public,True,77.3,100.0,72.0,B,Pass
5007,female,group C,associate degree,standard,False,13.0,7.0,95.0,80.0,73.0,public,True,93.3,100.0,82.67,B,Pass
5008,male,group C,some college,standard,False,13.8,6.7,85.0,76.0,69.0,public,False,88.1,100.0,76.67,B,Pass
5009,female,group C,high school,standard,True,8.0,6.7,75.0,74.0,53.0,private,True,78.3,100.0,67.33,C,Pass
5010,female,group B,associate degree,standard,False,9.6,7.8,43.0,53.0,93.0,international,True,79.5,100.0,63.0,C,Pass
5011,female,group D,bachelor degree,standard,False,8.8,6.9,82.0,55.0,66.0,international,True,90.1,100.0,67.67,C,Pass
5012,male,group E,high school,standard,True,8.7,5.9,90.0,95.0,73.0,public,True,93.1,100.0,86.0,A,Pass
5013,female,group A,bachelor degree,free/reduced,True,11.4,8.7,57.0,64.0,93.0,public,False,83.6,100.0,71.33,B,Pass
5014,male,group E,high school,standard,True,12.0,7.4,77.0,47.0,71.0,public,True,79.7,100.0,65.0,C,Pass
5015,male,group A,bachelor degree,standard,False,22.2,7.7,59.0,63.0,67.0,public,True,80.6,100.0,63.0,C,Pass
5016,female,group C,associate degree,free/reduced,True,2.9,5.7,37.0,65.0,91.0,public,True,78.2,100.0,64.33,C,Pass
5017,male,group B,some college,free/reduced,True,5.9,7.5,61.0,74.0,54.0,public,True,69.7,100.0,63.0,C,Pass
5018,female,group B,bachelor degree,standard,False,5.6,7.9,69.0,67.0,48.0,public,True,89.7,100.0,61.33,C,Pass
5019,female,group D,master degree,standard,True,13.0,6.5,76.0,71.0,78.0,public,True,85.8,100.0,75.0,B,Pass
5020,female,group E,high school,standard,True,12.9,7.2,77.0,65.0,77.0,private,True,86.2,100.0,73.0,B,Pass
5021,male,group B,bachelor degree,standard,False,14.6,6.5,100.0,49.0,100.0,private,True,87.9,100.0,83.0,B,Pass
5022,male,group B,high school,standard,False,4.0,6.8,63.0,86.0,100.0,public,True,84.5,100.0,83.0,B,Pass
5023,male,group E,high school,free/reduced,True,5.8,7.2,53.0,74.0,66.0,public,True,79.8,100.0,64.33,C,Pass
5024,male,group D,bachelor degree,standard,False,11.6,6.2,72.0,71.0,88.0,public,True,77.7,100.0,77.0,B,Pass
5025,male,group D,master degree,standard,False,8.1,7.7,71.0,83.0,83.0,public,False,98.0,100.0,79.0,B,Pass
5026,male,group C,some college,standard,True,10.0,8.2,64.0,74.0,87.0,public,False,78.8,100.0,75.0,B,Pass
5027,female,group C,master degree,standard,True,9.6,7.7,79.0,93.0,82.0,public,True,83.7,100.0,84.67,B,Pass
5028,male,group C,high school,free/reduced,False,18.4,8.7,55.0,47.0,82.0,private,True,77.3,100.0,61.33,C,Pass
5029,female,group E,some college,standard,True,11.0,6.5,73.0,77.0,50.0,public,False,88.1,100.0,66.67,C,Pass
5030,male,group A,bachelor degree,standard,True,10.5,8.5,96.0,54.0,52.0,public,True,82.0,100.0,67.33,C,Pass
5031,male,group D,some college,free/reduced,True,12.3,7.2,91.0,75.0,77.0,public,True,81.2,100.0,81.0,B,Pass
5032,female,group C,bachelor degree,standard,False,9.6,7.3,96.0,66.0,47.0,public,True,89.1,100.0,69.67,C,Pass
5033,female,group B,high school,standard,False,17.9,7.1,84.0,48.0,73.0,private,True,86.0,100.0,68.33,C,Pass
5034,male,group C,bachelor degree,free/reduced,False,6.5,6.8,89.0,84.0,79.0,private,True,91.3,100.0,84.0,B,Pass
5035,male,group E,bachelor degree,free/reduced,False,2.2,6.2,75.0,37.0,83.0,public,True,84.6,100.0,65.0,C,Pass
5036,female,group B,some college,standard,False,9.6,7.0,95.0,67.0,76.0,public,True,98.7,100.0,79.33,B,Pass
5037,female,group B,some college,free/reduced,True,11.6,10.6,50.0,64.0,65.0,international,False,89.8,100.0,59.67,C,Pass
5038,female,group C,high school,standard,True,9.6,7.1,44.0,77.0,53.0,public,True,74.8,100.0,58.0,C,Pass
5039,male,group D,associate degree,free/reduced,True,5.6,8.8,89.0,74.0,76.0,public,True,95.0,100.0,79.67,B,Pass
5040,male,group B,high school,standard,False,2.3,5.9,59.0,71.0,76.0,public,True,84.2,100.0,68.67,C,Pass
5041,male,group D,high school,standard,True,9.1,7.4,71.0,67.0,63.0,public,True,84.3,100.0,67.0,C,Pass
5042,female,group B,high school,standard,True,13.5,7.1,71.0,69.0,77.0,public,True,75.5,100.0,72.33,B,Pass
5043,male,group A,master degree,standard,True,4.7,10.0,85.0,79.0,75.0,public,True,86.0,100.0,79.67,B,Pass
5044,male,group C,bachelor degree,standard,False,12.6,7.3,61.0,68.0,84.0,private,True,79.3,100.0,71.0,B,Pass
5045,male,group D,associate degree,free/reduced,False,8.5,8.2,56.0,73.0,70.0,public,False,85.7,100.0,66.33,C,Pass
5046,male,group B,high school,free/reduced,True,2.4,6.4,78.0,88.0,51.0,public,True,89.3,100.0,72.33,B,Pass
5047,male,group D,some college,standard,False,9.6,6.4,97.0,84.0,82.0,private,True,79.7,100.0,87.67,A,Pass
5048,male,group C,some college,standard,False,9.3,4.8,65.0,64.0,86.0,public,True,83.6,100.0,71.67,B,Pass
5049,female,group C,high school,free/reduced,False,11.7,7.6,82.0,82.0,79.0,public,False,93.0,100.0,81.0,B,Pass
5050,female,group B,high school,standard,True,10.7,5.1,82.0,71.0,88.0,public,True,86.1,100.0,80.33,B,Pass
5051,male,group A,bachelor degree,free/reduced,False,6.2,9.2,75.0,73.0,71.0,international,True,87.7,100.0,73.0,B,Pass
5052,male,group B,high school,free/reduced,False,8.4,6.8,68.0,75.0,52.0,private,True,82.8,100.0,65.0,C,Pass
5053,female,group E,some college,free/reduced,True,8.9,6.5,50.0,68.0,74.0,private,True,82.3,100.0,64.0,C,Pass
5054,male,group D,bachelor degree,standard,False,9.6,7.7,61.0,71.0,98.0,private,True,84.3,100.0,76.67,B,Pass
5055,male,group E,high school,standard,True,14.4,8.2,95.0,64.0,76.0,international,True,80.3,100.0,78.33,B,Pass
5056,female,group A,high school,standard,True,9.4,7.0,64.0,70.0,68.0,private,True,76.3,100.0,67.33,C,Pass
5057,female,group E,high school,free/reduced,True,0.9,6.1,93.0,79.0,78.0,private,True,91.9,100.0,83.33,B,Pass
5058,male,group E,high school,standard,True,8.6,8.5,84.0,56.0,58.0,public,False,81.5,100.0,66.0,C,Pass
5059,male,group A,bachelor degree,standard,True,3.3,6.0,76.0,39.0,80.0,public,True,80.3,100.0,65.0,C,Pass
5060,male,group E,associate degree,standard,True,8.8,7.5,100.0,83.0,84.0,private,True,88.5,100.0,89.0,A,Pass
5061,female,group B,high school,standard,False,8.4,6.5,51.0,69.0,70.0,public,True,78.8,100.0,63.33,C,Pass
5062,female,group B,bachelor degree,standard,True,1.7,9.3,86.0,71.0,100.0,public,True,94.5,100.0,85.67,A,Pass
5063,male,group D,bachelor degree,free/reduced,True,5.4,7.4,84.0,72.0,56.0,public,False,81.6,100.0,70.67,B,Pass
5064,female,group D,high school,free/reduced,False,10.5,7.5,71.0,70.0,47.0,public,True,73.4,100.0,62.67,C,Pass
5065,male,group E,master degree,standard,False,7.0,6.8,76.0,78.0,73.0,public,True,89.0,100.0,75.67,B,Pass
5066,male,group A,bachelor degree,free/reduced,False,6.9,8.0,79.0,62.0,73.0,public,True,82.5,100.0,71.33,B,Pass
5067,female,group E,some college,standard,False,8.2,6.4,93.0,71.0,92.0,public,True,89.2,100.0,85.33,A,Pass
5068,female,group D,high school,free/reduced,True,6.7,7.8,71.0,63.0,83.0,public,True,92.0,100.0,72.33,B,Pass
5069,male,group D,high school,standard,True,9.1,7.6,64.0,74.0,59.0,public,True,81.2,100.0,65.67,C,Pass
5070,female,group A,associate degree,standard,False,6.7,8.8,56.0,100.0,59.0,international,True,85.1,100.0,71.67,B,Pass
5071,male,group B,some college,standard,False,9.6,6.8,74.0,93.0,79.0,private,True,81.9,100.0,82.0,B,Pass
5072,female,group A,bachelor degree,standard,True,10.4,8.4,100.0,69.0,58.0,private,True,84.2,100.0,75.67,B,Pass
5073,female,group B,some college,standard,False,12.1,7.2,68.0,96.0,52.0,public,False,86.8,100.0,72.0,B,Pass
5074,male,group C,high school,free/reduced,True,2.1,9.3,62.0,71.0,38.0,public,False,70.0,100.0,57.0,C,Pass
5075,female,group D,bachelor degree,free/reduced,False,9.6,7.7,74.0,77.0,66.0,private,True,84.9,100.0,72.33,B,Pass
5076,male,group D,some college,standard,False,8.5,5.8,65.0,43.0,69.0,public,True,79.1,100.0,59.0,C,Pass
5077,female,group C,bachelor degree,free/reduced,True,11.7,7.7,40.0,86.0,80.0,public,True,82.7,100.0,68.67,C,Pass
5078,male,group D,some college,free/reduced,True,10.4,8.7,65.0,88.0,68.0,public,True,89.7,100.0,73.67,B,Pass
5079,female,group C,some college,standard,True,11.9,7.2,66.0,74.0,53.0,public,True,82.4,100.0,64.33,C,Pass
5080,female,group A,bachelor degree,standard,False,11.3,6.0,77.0,64.0,77.0,public,True,91.5,100.0,72.67,B,Pass
5081,male,group A,high school,standard,False,9.6,5.7,69.0,62.0,71.0,public,True,76.8,100.0,67.33,C,Pass
5082,male,group E,associate degree,free/reduced,False,2.3,6.4,88.0,71.0,85.0,international,True,88.1,100.0,81.33,B,Pass
5083,female,group E,high school,free/reduced,False,16.7,7.0,54.0,88.0,71.0,public,True,83.7,100.0,71.0,B,Pass
5084,female,group D,associate degree,standard,True,11.1,6.6,72.0,78.0,94.0,public,True,82.2,100.0,81.33,B,Pass
5085,female,group B,some college,standard,False,11.3,6.4,80.0,81.0,59.0,public,True,89.1,100.0,73.33,B,Pass
5086,female,group C,high school,standard,True,12.0,5.3,49.0,60.0,54.0,public,True,88.4,100.0,54.33,D,Pass
5087,female,group C,bachelor degree,standard,True,13.3,7.3,100.0,75.0,74.0,public,True,88.1,100.0,83.0,B,Pass
5088,female,group B,master degree,free/reduced,False,7.5,8.7,75.0,65.0,34.0,private,True,80.7,100.0,58.0,C,Pass
5089,female,group E,high school,standard,False,11.6,6.1,71.0,81.0,68.0,public,True,84.8,100.0,73.33,B,Pass
5090,female,group E,high school,standard,True,9.8,7.2,55.0,46.0,60.0,public,True,72.9,100.0,53.67,D,Pass
5091,female,group C,associate degree,free/reduced,False,15.2,8.6,58.0,74.0,74.0,public,True,73.4,100.0,68.67,C,Pass
5092,male,group D,associate degree,standard,True,7.4,6.2,83.0,80.0,71.0,private,True,82.5,100.0,78.0,B,Pass
5093,male,group D,high school,free/reduced,True,11.7,7.1,56.0,93.0,63.0,public,True,76.3,100.0,70.67,B,Pass
5094,female,group C,some college,free/reduced,True,3.7,5.4,63.0,71.0,72.0,public,True,90.9,100.0,68.67,C,Pass
5095,female,group C,high school,standard,False,9.6,7.2,83.0,42.0,82.0,private,True,82.0,100.0,69.0,C,Pass
5096,female,group C,high school,free/reduced,False,10.4,7.6,90.0,81.0,96.0,public,False,88.9,100.0,89.0,A,Pass
5097,female,group B,bachelor degree,standard,False,6.0,5.4,100.0,100.0,67.0,international,True,95.0,100.0,89.0,A,Pass
5098,female,group C,high school,standard,False,7.5,5.8,62.0,63.0,86.0,public,True,77.5,100.0,70.33,B,Pass
5099,female,group A,some college,free/reduced,False,11.2,7.7,88.0,72.0,73.0,international,True,82.2,100.0,77.67,B,Pass
5100,male,group E,high school,standard,False,9.4,6.7,63.0,79.0,66.0,public,True,83.1,100.0,69.33,C,Pass
5101,male,group C,bachelor degree,standard,False,0.5,7.2,76.0,66.0,80.0,international,True,89.7,100.0,74.0,B,Pass
5102,male,group C,associate degree,standard,False,4.1,6.8,70.0,81.0,43.0,private,True,83.4,100.0,64.67,C,Pass
5103,female,group C,high school,free/reduced,False,7.9,5.6,74.0,58.0,80.0,private,True,84.5,100.0,70.67,B,Pass
5104,female,group D,high school,free/reduced,False,18.8,8.0,73.0,68.0,68.0,public,True,83.3,100.0,69.67,C,Pass
5105,female,group A,high school,standard,True,9.2,5.4,71.0,75.0,62.0,international,False,84.7,100.0,69.33,C,Pass
5106,male,group E,high school,free/reduced,True,10.4,8.9,55.0,81.0,65.0,public,True,82.8,100.0,67.0,C,Pass
5107,male,group D,high school,standard,False,13.6,7.2,57.0,85.0,64.0,international,True,77.3,100.0,68.67,C,Pass
5108,female,group B,bachelor degree,standard,True,9.6,6.1,89.0,67.0,84.0,international,True,87.2,100.0,80.0,B,Pass
5109,female,group D,master degree,free/reduced,False,8.8,5.1,66.0,87.0,72.0,public,True,79.6,100.0,75.0,B,Pass
5110,male,group B,master degree,standard,True,9.0,6.9,77.0,75.0,75.0,public,True,85.7,100.0,75.67,B,Pass
5111,male,group D,associate degree,free/reduced,False,9.8,6.1,80.0,70.0,76.0,private,True,82.7,100.0,75.33,B,Pass
5112,male,group B,some college,free/reduced,True,10.0,8.3,82.0,78.0,78.0,public,True,99.4,100.0,79.33,B,Pass
5113,male,group E,associate degree,standard,True,9.6,7.9,64.0,75.0,54.0,private,False,80.5,100.0,64.33,C,Pass
5114,male,group D,high school,standard,False,4.7,6.8,62.0,89.0,54.0,public,True,75.3,100.0,68.33,C,Pass
5115,female,group E,high school,standard,False,10.0,7.0,60.0,73.0,51.0,international,True,78.9,100.0,61.33,C,Pass
5116,male,group C,bachelor degree,standard,True,13.8,6.6,56.0,88.0,67.0,private,True,85.7,100.0,70.33,B,Pass
5117,male,group C,high school,standard,False,14.5,6.1,47.0,66.0,66.0,public,True,87.2,100.0,59.67,C,Pass
5118,male,group B,some college,standard,True,4.8,7.9,73.0,79.0,75.0,private,True,82.3,100.0,75.67,B,Pass
5119,female,group B,high school,standard,False,8.8,7.6,49.0,82.0,56.0,public,True,72.0,100.0,62.33,C,Pass
5120,male,group B,high school,standard,True,0.0,6.7,76.0,89.0,75.0,public,True,91.1,100.0,80.0,B,Pass
5121,male,group B,high school,standard,False,9.6,6.4,62.0,60.0,74.0,private,True,74.2,100.0,65.33,C,Pass
5122,male,group A,some college,free/reduced,False,8.9,9.2,59.0,49.0,80.0,public,False,77.9,100.0,62.67,C,Pass
5123,female,group D,high school,standard,True,10.1,6.0,60.0,95.0,52.0,public,True,81.3,100.0,69.0,C,Pass
5124,male,group C,high school,standard,False,11.4,7.7,78.0,79.0,71.0,public,True,84.9,100.0,76.0,B,Pass
5125,male,group C,master degree,standard,True,12.4,7.5,70.0,66.0,94.0,public,True,89.1,100.0,76.67,B,Pass
5126,male,group A,master degree,free/reduced,True,15.2,8.0,100.0,56.0,72.0,international,True,82.0,100.0,76.0,B,Pass
5127,male,group B,associate degree,standard,True,5.4,6.4,69.0,67.0,53.0,public,True,78.8,100.0,63.0,C,Pass
5128,female,group C,high school,standard,False,14.3,6.3,70.0,96.0,81.0,international,True,87.9,100.0,82.33,B,Pass
5129,male,group A,bachelor degree,standard,False,11.5,6.0,62.0,82.0,72.0,private,True,84.5,100.0,72.0,B,Pass
5130,female,group B,bachelor degree,free/reduced,True,17.4,5.4,74.0,63.0,54.0,private,True,81.0,100.0,63.67,C,Pass
5131,female,group B,master degree,standard,True,5.8,8.9,69.0,71.0,60.0,public,True,83.7,100.0,66.67,C,Pass
5132,female,group C,some college,standard,True,2.7,7.2,72.0,78.0,61.0,private,False,87.4,100.0,70.33,B,Pass
5133,female,group D,high school,standard,False,5.9,5.8,77.0,84.0,59.0,public,True,86.3,100.0,73.33,B,Pass
5134,male,group B,master degree,standard,False,9.6,6.9,56.0,75.0,85.0,private,True,86.1,100.0,72.0,B,Pass
5135,male,group B,some college,free/reduced,True,13.6,8.8,87.0,57.0,72.0,private,True,75.9,100.0,72.0,B,Pass
5136,female,group C,high school,standard,True,1.7,7.9,51.0,82.0,88.0,public,True,84.7,100.0,73.67,B,Pass
5137,female,group E,bachelor degree,standard,False,12.4,7.0,99.0,78.0,96.0,public,True,93.8,100.0,91.0,A,Pass
5138,female,group C,associate degree,standard,False,8.5,7.0,76.0,71.0,64.0,public,True,86.8,100.0,70.33,B,Pass
5139,female,group C,high school,standard,True,13.5,8.7,69.0,64.0,69.0,public,True,78.5,100.0,67.33,C,Pass
5140,male,group D,high school,standard,False,9.6,6.9,52.0,80.0,47.0,public,True,75.6,100.0,59.67,C,Pass
5141,female,group A,high school,free/reduced,False,8.3,9.9,29.0,86.0,67.0,international,True,76.4,100.0,60.67,C,Pass
5142,female,group C,some college,standard,False,9.5,8.8,90.0,73.0,66.0,public,True,88.2,100.0,76.33,B,Pass
5143,male,group B,some college,free/reduced,True,7.5,5.6,40.0,60.0,97.0,public,True,86.4,100.0,65.67,C,Pass
5144,male,group C,master degree,standard,False,10.4,5.5,75.0,67.0,100.0,public,True,85.2,100.0,80.67,B,Pass
5145,male,group A,high school,standard,True,10.4,7.0,81.0,74.0,60.0,international,True,88.2,100.0,71.67,B,Pass
5146,male,group C,associate degree,standard,False,7.0,6.5,65.0,71.0,67.0,public,True,82.6,100.0,67.67,C,Pass
5147,female,group B,associate degree,standard,True,15.6,3.4,77.0,82.0,78.0,public,True,86.0,100.0,79.0,B,Pass
5148,female,group C,bachelor degree,standard,False,19.0,8.9,94.0,64.0,57.0,private,True,82.6,100.0,71.67,B,Pass
5149,male,group C,associate degree,standard,False,10.7,8.6,63.0,57.0,77.0,international,True,85.0,100.0,65.67,C,Pass
5150,male,group C,high school,standard,True,6.2,7.5,36.0,55.0,32.0,public,True,73.0,100.0,41.0,D,Pass
5151,female,group C,high school,standard,False,7.1,8.7,88.0,83.0,63.0,international,True,97.6,100.0,78.0,B,Pass
5152,male,group E,high school,standard,False,9.6,7.2,46.0,100.0,94.0,public,False,82.7,100.0,80.0,B,Pass
5153,female,group C,master degree,standard,False,6.3,6.4,31.0,66.0,70.0,public,True,79.9,100.0,55.67,C,Pass
5154,female,group D,master degree,standard,False,7.2,6.9,82.0,58.0,87.0,public,True,82.6,100.0,75.67,B,Pass
5155,male,group A,some college,standard,True,13.8,6.6,60.0,100.0,62.0,public,False,80.3,100.0,74.0,B,Pass
5156,male,group E,bachelor degree,free/reduced,False,13.6,7.9,82.0,71.0,71.0,private,True,84.5,100.0,74.67,B,Pass
5157,female,group B,high school,standard,False,7.0,8.5,44.0,72.0,69.0,public,True,80.4,100.0,61.67,C,Pass
5158,female,group E,high school,standard,True,2.3,8.0,80.0,85.0,63.0,public,True,100.0,100.0,76.0,B,Pass
5159,female,group D,some college,free/reduced,True,16.5,3.7,87.0,83.0,45.0,public,False,82.7,100.0,71.67,B,Pass
5160,male,group C,bachelor degree,standard,False,9.1,6.9,73.0,67.0,49.0,public,False,74.5,100.0,63.0,C,Pass
5161,female,group B,high school,standard,False,4.9,7.4,53.0,91.0,87.0,international,True,87.2,100.0,77.0,B,Pass
5162,female,group B,some college,standard,False,8.3,7.2,85.0,64.0,83.0,public,True,75.6,100.0,77.33,B,Pass
5163,male,group E,some college,standard,False,8.7,5.9,41.0,72.0,76.0,public,False,79.7,100.0,63.0,C,Pass
5164,male,group C,associate degree,free/reduced,False,5.5,7.4,88.0,65.0,100.0,international,True,88.8,100.0,84.33,B,Pass
5165,female,group D,bachelor degree,free/reduced,False,15.1,7.2,63.0,86.0,70.0,international,True,88.2,100.0,73.0,B,Pass
5166,male,group B,high school,standard,False,6.9,6.1,54.0,77.0,74.0,public,True,87.2,100.0,68.33,C,Pass
5167,female,group C,bachelor degree,standard,True,7.6,6.9,76.0,53.0,82.0,public,True,80.6,100.0,70.33,B,Pass
5168,male,group E,associate degree,free/reduced,False,9.6,5.4,89.0,52.0,87.0,international,True,84.6,100.0,76.0,B,Pass
5169,male,group A,associate degree,standard,True,16.3,6.3,100.0,78.0,100.0,private,True,88.2,100.0,92.67,A,Pass
5170,male,group E,high school,free/reduced,True,11.5,4.7,83.0,71.0,78.0,public,True,80.2,100.0,77.33,B,Pass
5171,male,group C,bachelor degree,standard,True,9.5,6.4,75.0,71.0,83.0,private,False,86.9,100.0,76.33,B,Pass
5172,female,group E,some college,standard,False,9.6,5.4,74.0,77.0,66.0,international,True,77.6,100.0,72.33,B,Pass
5173,female,group D,high school,free/reduced,False,9.7,9.7,90.0,71.0,53.0,public,True,81.3,100.0,71.33,B,Pass
5174,male,group E,high school,standard,False,19.2,4.8,82.0,64.0,62.0,public,True,77.8,100.0,69.33,C,Pass
5175,male,group A,some college,free/reduced,True,13.5,7.2,84.0,71.0,96.0,public,True,91.1,100.0,83.67,B,Pass
5176,male,group B,associate degree,standard,False,0.0,7.2,58.0,79.0,87.0,public,False,93.9,100.0,74.67,B,Pass
5177,female,group D,some college,standard,False,7.6,9.6,76.0,65.0,86.0,private,False,78.8,100.0,75.67,B,Pass
5178,male,group D,some college,standard,False,7.2,7.6,90.0,71.0,100.0,public,True,80.4,100.0,87.0,A,Pass
5179,male,group B,high school,standard,False,13.5,6.4,100.0,72.0,73.0,public,True,87.0,100.0,81.67,B,Pass
5180,female,group C,master degree,free/reduced,True,9.6,9.2,52.0,68.0,60.0,public,True,79.1,100.0,60.0,C,Pass
5181,male,group D,associate degree,free/reduced,False,15.5,7.7,66.0,87.0,74.0,public,True,86.4,100.0,75.67,B,Pass
5182,female,group C,master degree,free/reduced,True,9.7,7.4,52.0,86.0,83.0,public,True,82.2,100.0,73.67,B,Pass
5183,male,group E,associate degree,standard,True,2.8,6.5,67.0,98.0,95.0,public,True,88.7,100.0,86.67,A,Pass
5184,male,group E,high school,standard,True,10.6,8.9,83.0,58.0,59.0,private,True,83.5,100.0,66.67,C,Pass
5185,female,group D,high school,free/reduced,False,0.9,7.4,81.0,44.0,88.0,public,True,88.6,100.0,71.0,B,Pass
5186,male,group E,some college,standard,False,9.9,5.8,60.0,72.0,70.0,public,True,72.2,100.0,67.33,C,Pass
5187,female,group C,associate degree,free/reduced,False,13.8,6.6,45.0,62.0,75.0,public,True,77.4,100.0,60.67,C,Pass
5188,female,group B,associate degree,standard,True,9.6,7.2,87.0,68.0,63.0,private,True,85.1,100.0,72.67,B,Pass
5189,female,group E,high school,free/reduced,True,6.8,8.0,59.0,82.0,77.0,private,True,79.5,100.0,72.67,B,Pass
5190,male,group A,some college,standard,False,6.9,9.1,86.0,58.0,67.0,public,True,91.8,100.0,70.33,B,Pass
5191,male,group A,some college,standard,False,7.9,8.0,77.0,72.0,57.0,public,True,79.3,100.0,68.67,C,Pass
5192,female,group C,master degree,free/reduced,False,4.8,7.2,59.0,42.0,63.0,public,False,76.7,100.0,54.67,D,Pass
5193,female,group D,associate degree,standard,False,11.6,6.0,71.0,66.0,43.0,public,True,81.8,100.0,60.0,C,Pass
5194,female,group E,some college,standard,True,8.6,9.3,52.0,84.0,54.0,public,False,77.4,100.0,63.33,C,Pass
5195,male,group E,some college,standard,False,9.5,7.5,59.0,59.0,65.0,public,True,70.2,100.0,61.0,C,Pass
5196,male,group B,some college,standard,False,9.6,6.5,81.0,71.0,73.0,public,True,82.7,100.0,75.0,B,Pass
5197,female,group C,associate degree,standard,False,11.4,7.7,62.0,62.0,88.0,public,False,88.4,100.0,70.67,B,Pass
5198,female,group D,associate degree,free/reduced,False,2.9,9.1,56.0,79.0,67.0,private,True,80.2,100.0,67.33,C,Pass
5199,female,group A,some college,standard,True,5.8,6.4,62.0,76.0,61.0,public,True,77.3,100.0,66.33,C,Pass
5200,female,group C,associate degree,free/reduced,True,12.7,7.1,80.0,53.0,71.0,international,True,86.7,100.0,68.0,C,Pass
5201,male,group C,high school,standard,False,14.8,6.7,94.0,73.0,60.0,public,True,83.6,100.0,75.67,B,Pass
5202,male,group E,some college,standard,False,9.6,6.2,65.0,68.0,65.0,public,True,78.8,100.0,66.0,C,Pass
5203,female,group D,some college,free/reduced,False,1.6,6.3,99.0,45.0,99.0,public,True,88.1,100.0,81.0,B,Pass
5204,male,group A,associate degree,standard,False,12.4,5.7,36.0,66.0,72.0,public,False,82.1,100.0,58.0,C,Pass
5205,female,group C,high school,standard,False,9.6,6.4,83.0,81.0,80.0,public,True,99.4,100.0,81.33,B,Pass
5206,male,group E,high school,standard,True,9.6,7.1,61.0,60.0,54.0,public,True,82.5,100.0,58.33,C,Pass
5207,male,group A,high school,standard,True,13.0,8.1,82.0,94.0,81.0,private,True,95.1,100.0,85.67,A,Pass
5208,female,group E,associate degree,standard,True,14.3,5.2,60.0,58.0,67.0,public,True,77.1,100.0,61.67,C,Pass
5209,female,group E,high school,free/reduced,False,0.0,7.4,88.0,73.0,49.0,private,True,77.9,100.0,70.0,B,Pass
5210,female,group E,some college,free/reduced,False,9.6,7.1,82.0,68.0,71.0,public,True,84.8,100.0,73.67,B,Pass
5211,female,group C,some college,free/reduced,False,16.3,7.9,80.0,64.0,70.0,public,False,84.1,100.0,71.33,B,Pass
5212,male,group D,high school,standard,False,8.0,6.0,77.0,46.0,71.0,private,True,75.3,100.0,64.67,C,Pass
5213,female,group E,some college,standard,True,7.8,8.3,71.0,85.0,71.0,public,True,84.3,100.0,75.67,B,Pass
5214,male,group A,high school,standard,True,3.9,7.2,33.0,45.0,81.0,public,True,78.2,100.0,53.0,D,Pass
5215,female,group C,some college,free/reduced,False,8.3,8.2,81.0,68.0,74.0,public,True,86.5,100.0,74.33,B,Pass
5216,male,group B,high school,free/reduced,True,9.6,7.8,79.0,67.0,63.0,public,True,85.4,100.0,69.67,C,Pass
5217,female,group B,some college,standard,False,0.3,5.3,78.0,83.0,80.0,public,True,88.6,100.0,80.33,B,Pass
5218,female,group E,high school,free/reduced,True,15.9,7.7,82.0,71.0,81.0,public,False,83.5,100.0,78.0,B,Pass
5219,male,group A,high school,standard,False,11.4,7.9,100.0,80.0,87.0,public,False,88.0,100.0,89.0,A,Pass
5220,female,group C,associate degree,standard,True,10.4,5.8,69.0,79.0,81.0,public,True,79.5,100.0,76.33,B,Pass
5221,female,group C,some college,free/reduced,False,2.9,7.4,67.0,100.0,76.0,public,True,96.3,100.0,81.0,B,Pass
5222,male,group E,associate degree,standard,False,10.2,5.5,77.0,75.0,61.0,public,True,83.5,100.0,71.0,B,Pass
5223,male,group A,master degree,standard,True,12.0,7.2,61.0,98.0,81.0,private,True,85.9,100.0,80.0,B,Pass
5224,male,group C,some college,standard,False,5.3,6.8,63.0,44.0,65.0,public,True,73.3,100.0,57.33,C,Pass
5225,female,group A,some college,free/reduced,False,11.3,7.2,100.0,75.0,91.0,public,True,100.0,100.0,88.67,A,Pass
5226,female,group C,high school,standard,True,5.7,7.2,74.0,68.0,57.0,public,True,76.2,100.0,66.33,C,Pass
5227,male,group B,associate degree,standard,False,9.6,7.2,81.0,82.0,65.0,private,True,83.3,100.0,76.0,B,Pass
5228,male,group C,some college,standard,False,0.0,7.2,89.0,71.0,78.0,public,True,88.7,100.0,79.33,B,Pass
5229,female,group C,some college,standard,False,8.8,6.8,85.0,78.0,71.0,public,True,89.1,100.0,78.0,B,Pass
5230,male,group D,high school,free/reduced,False,9.3,9.3,61.0,82.0,100.0,public,True,92.2,100.0,81.0,B,Pass
5231,female,group E,bachelor degree,standard,False,8.8,4.6,59.0,81.0,60.0,public,True,90.7,100.0,66.67,C,Pass
5232,female,group A,bachelor degree,standard,True,9.6,5.9,49.0,83.0,71.0,public,True,84.6,100.0,67.67,C,Pass
5233,female,group E,master degree,free/reduced,True,16.0,7.8,92.0,83.0,75.0,public,True,83.1,100.0,83.33,B,Pass
5234,male,group D,high school,standard,False,13.6,6.0,92.0,69.0,69.0,international,True,84.4,100.0,76.67,B,Pass
5235,male,group B,high school,standard,False,14.4,7.2,71.0,56.0,71.0,public,False,82.9,100.0,66.0,C,Pass
5236,female,group A,bachelor degree,free/reduced,True,3.1,4.7,77.0,83.0,78.0,public,True,97.1,100.0,79.33,B,Pass
5237,male,group D,associate degree,standard,True,4.2,7.2,61.0,47.0,69.0,private,True,71.6,100.0,59.0,C,Pass
5238,female,group D,high school,standard,False,7.1,6.1,83.0,97.0,63.0,public,True,93.4,100.0,81.0,B,Pass
5239,female,group C,high school,standard,True,11.7,7.6,55.0,73.0,92.0,public,True,85.2,100.0,73.33,B,Pass
5240,female,group E,high school,standard,False,17.2,9.6,98.0,74.0,53.0,private,True,89.2,100.0,75.0,B,Pass
5241,female,group D,associate degree,standard,True,12.1,8.2,53.0,80.0,76.0,public,True,82.4,100.0,69.67,C,Pass
5242,male,group B,associate degree,standard,False,10.6,7.0,85.0,73.0,76.0,public,True,82.0,100.0,78.0,B,Pass
5243,male,group C,high school,standard,False,9.6,8.6,80.0,68.0,76.0,public,False,88.6,100.0,74.67,B,Pass
5244,male,group B,high school,standard,False,2.7,8.1,54.0,59.0,56.0,private,True,80.8,100.0,56.33,C,Pass
5245,male,group C,some college,free/reduced,True,26.1,6.7,61.0,64.0,78.0,public,True,86.9,100.0,67.67,C,Pass
5246,female,group E,high school,standard,True,12.4,7.9,83.0,58.0,53.0,public,True,80.8,100.0,64.67,C,Pass
5247,female,group B,master degree,standard,True,9.6,5.1,84.0,81.0,62.0,public,True,82.3,100.0,75.67,B,Pass
5248,female,group E,high school,standard,True,9.2,7.2,66.0,94.0,72.0,private,True,78.1,100.0,77.33,B,Pass
5249,female,group C,high school,free/reduced,False,0.0,8.7,78.0,79.0,61.0,public,False,88.2,100.0,72.67,B,Pass
5250,male,group C,associate degree,free/reduced,True,10.7,8.0,56.0,86.0,42.0,public,True,81.7,100.0,61.33,C,Pass
5251,male,group D,master degree,standard,True,0.0,7.2,65.0,83.0,71.0,public,True,79.2,100.0,73.0,B,Pass
5252,male,group A,associate degree,standard,False,7.9,7.4,74.0,68.0,73.0,international,True,81.0,100.0,71.67,B,Pass
5253,male,group C,some college,standard,True,6.7,9.9,74.0,71.0,66.0,public,True,80.7,100.0,70.33,B,Pass
5254,male,group E,high school,free/reduced,False,14.8,6.8,88.0,70.0,56.0,public,True,76.1,100.0,71.33,B,Pass
5255,male,group D,bachelor degree,standard,False,10.4,7.4,51.0,71.0,84.0,international,False,78.2,100.0,68.67,C,Pass
5256,male,group C,associate degree,standard,True,9.2,7.5,72.0,73.0,94.0,private,False,81.2,100.0,79.67,B,Pass
5257,female,group B,some college,free/reduced,False,9.6,7.2,79.0,85.0,75.0,private,True,84.8,100.0,79.67,B,Pass
5258,female,group B,high school,free/reduced,False,9.6,8.7,31.0,68.0,63.0,public,True,72.9,100.0,54.0,D,Pass
5259,female,group E,some college,standard,True,14.8,3.5,75.0,66.0,76.0,public,True,75.8,100.0,72.33,B,Pass
5260,female,group E,high school,free/reduced,False,12.4,7.8,60.0,70.0,64.0,public,True,91.0,100.0,64.67,C,Pass
5261,female,group D,associate degree,standard,True,8.7,7.5,68.0,55.0,59.0,public,True,85.5,100.0,60.67,C,Pass
5262,female,group C,some college,standard,False,8.1,5.2,66.0,54.0,73.0,public,True,76.8,100.0,64.33,C,Pass
5263,female,group A,some college,standard,False,8.4,7.8,71.0,71.0,94.0,private,True,87.8,100.0,78.67,B,Pass
5264,female,group B,high school,standard,False,19.9,5.2,81.0,91.0,73.0,international,False,89.8,100.0,81.67,B,Pass
5265,male,group B,some college,standard,False,3.2,7.7,44.0,78.0,63.0,public,True,85.6,100.0,61.67,C,Pass
5266,male,group C,high school,standard,True,12.2,5.3,96.0,80.0,94.0,public,True,86.9,100.0,90.0,A,Pass
5267,male,group D,bachelor degree,standard,True,13.3,7.5,64.0,82.0,66.0,public,True,88.7,100.0,70.67,B,Pass
5268,male,group B,bachelor degree,free/reduced,False,0.4,5.6,71.0,72.0,64.0,public,True,79.9,100.0,69.0,C,Pass
5269,female,group E,bachelor degree,free/reduced,True,16.1,8.9,54.0,84.0,75.0,public,True,76.7,100.0,71.0,B,Pass
5270,female,group B,high school,standard,False,5.0,7.8,70.0,71.0,49.0,international,True,83.8,100.0,63.33,C,Pass
5271,female,group C,high school,standard,True,14.9,7.3,67.0,88.0,89.0,private,True,94.0,100.0,81.33,B,Pass
5272,male,group D,high school,free/reduced,True,1.4,7.0,50.0,37.0,71.0,public,True,89.0,100.0,52.67,D,Pass
5273,female,group C,high school,standard,False,15.7,6.4,77.0,75.0,63.0,public,True,77.7,100.0,71.67,B,Pass
5274,female,group C,some college,standard,False,11.0,7.5,48.0,69.0,73.0,public,True,83.8,100.0,63.33,C,Pass
5275,male,group B,high school,standard,False,16.0,8.8,70.0,81.0,66.0,public,False,81.9,100.0,72.33,B,Pass
5276,female,group A,some college,free/reduced,False,11.3,9.0,73.0,63.0,57.0,private,True,84.7,100.0,64.33,C,Pass
5277,female,group E,high school,free/reduced,False,5.5,5.2,89.0,66.0,56.0,public,True,75.8,100.0,70.33,B,Pass
5278,female,group B,high school,free/reduced,True,13.0,6.7,63.0,70.0,72.0,international,True,76.0,100.0,68.33,C,Pass
5279,female,group A,associate degree,free/reduced,True,5.2,5.8,55.0,71.0,62.0,private,True,76.1,100.0,62.67,C,Pass
5280,male,group E,high school,standard,False,9.6,5.9,64.0,81.0,64.0,international,True,83.3,100.0,69.67,C,Pass
5281,female,group E,bachelor degree,standard,False,11.7,7.5,55.0,83.0,57.0,public,False,77.8,100.0,65.0,C,Pass
5282,female,group B,high school,standard,False,8.4,8.6,48.0,78.0,69.0,public,True,84.3,100.0,65.0,C,Pass
5283,female,group E,some college,standard,False,14.7,7.8,48.0,75.0,79.0,public,True,87.1,100.0,67.33,C,Pass
5284,male,group E,high school,standard,False,3.2,8.0,66.0,64.0,70.0,public,True,84.7,100.0,66.67,C,Pass
5285,female,group C,bachelor degree,standard,False,13.4,6.9,86.0,61.0,57.0,private,True,90.3,100.0,68.0,C,Pass
5286,male,group B,some college,free/reduced,False,9.6,6.9,77.0,74.0,59.0,public,False,85.1,100.0,70.0,B,Pass
5287,male,group C,high school,standard,False,9.6,5.3,50.0,69.0,77.0,international,True,75.0,100.0,65.33,C,Pass
5288,male,group E,high school,standard,False,12.0,6.6,69.0,77.0,94.0,private,True,93.8,100.0,80.0,B,Pass
5289,male,group B,high school,standard,True,11.1,8.0,90.0,100.0,67.0,private,True,86.2,100.0,85.67,A,Pass
5290,female,group A,high school,standard,False,7.1,7.2,87.0,88.0,78.0,public,False,93.3,100.0,84.33,B,Pass
5291,male,group A,high school,standard,False,12.2,7.1,67.0,85.0,79.0,international,True,93.7,100.0,77.0,B,Pass
5292,male,group B,high school,standard,True,12.3,8.2,95.0,56.0,77.0,public,True,87.7,100.0,76.0,B,Pass
5293,male,group E,high school,free/reduced,False,12.6,9.1,54.0,51.0,69.0,international,True,70.7,100.0,58.0,C,Pass
5294,female,group C,high school,standard,True,9.6,7.6,97.0,52.0,80.0,private,True,80.9,100.0,76.33,B,Pass
5295,male,group A,high school,standard,False,11.7,6.8,88.0,71.0,58.0,public,True,90.4,100.0,72.33,B,Pass
5296,female,group C,associate degree,free/reduced,False,9.6,7.3,58.0,93.0,77.0,private,True,84.6,100.0,76.0,B,Pass
5297,female,group E,some college,free/reduced,True,15.9,6.0,100.0,66.0,65.0,public,True,86.2,100.0,77.0,B,Pass
5298,female,group A,bachelor degree,free/reduced,False,9.6,6.0,42.0,65.0,66.0,public,True,81.9,100.0,57.67,C,Pass
5299,male,group C,some college,standard,False,9.6,7.9,67.0,67.0,74.0,public,True,86.2,100.0,69.33,C,Pass
5300,female,group D,some college,standard,False,9.1,6.5,83.0,88.0,76.0,private,False,89.3,100.0,82.33,B,Pass
5301,female,group D,some college,standard,True,16.0,7.4,59.0,71.0,54.0,public,True,78.4,100.0,61.33,C,Pass
5302,female,group A,high school,standard,False,9.8,8.2,70.0,69.0,71.0,public,True,81.3,100.0,70.0,B,Pass
5303,female,group C,high school,free/reduced,False,15.1,6.8,85.0,81.0,45.0,public,True,87.4,100.0,70.33,B,Pass
5304,male,group A,high school,free/reduced,False,6.7,7.2,55.0,81.0,84.0,public,True,87.1,100.0,73.33,B,Pass
5305,female,group C,some college,standard,True,4.4,3.6,50.0,78.0,72.0,public,False,80.4,100.0,66.67,C,Pass
5306,male,group B,associate degree,standard,False,0.5,8.2,92.0,69.0,90.0,private,False,93.9,100.0,83.67,B,Pass
5307,male,group D,high school,standard,False,11.3,4.0,61.0,79.0,63.0,public,True,81.4,100.0,67.67,C,Pass
5308,female,group B,master degree,standard,False,11.3,7.2,75.0,91.0,70.0,public,True,82.2,100.0,78.67,B,Pass
5309,male,group C,high school,standard,False,14.8,8.5,67.0,60.0,80.0,public,True,78.8,100.0,69.0,C,Pass
5310,male,group B,associate degree,free/reduced,False,11.7,7.2,75.0,79.0,78.0,public,True,81.0,100.0,77.33,B,Pass
5311,female,group C,high school,free/reduced,True,3.1,8.0,80.0,76.0,71.0,public,True,83.9,100.0,75.67,B,Pass
5312,male,group C,some college,standard,True,10.7,7.6,46.0,85.0,48.0,public,True,85.0,100.0,59.67,C,Pass
5313,female,group B,associate degree,standard,False,22.8,10.6,81.0,50.0,46.0,private,True,74.6,100.0,59.0,C,Pass
5314,female,group A,associate degree,free/reduced,True,9.6,7.6,57.0,64.0,62.0,public,True,80.3,100.0,61.0,C,Pass
5315,male,group B,high school,standard,False,9.2,7.9,62.0,64.0,72.0,public,True,78.1,100.0,66.0,C,Pass
5316,male,group C,master degree,standard,False,7.5,4.6,79.0,72.0,78.0,private,False,84.2,100.0,76.33,B,Pass
5317,male,group C,bachelor degree,standard,False,6.6,7.8,71.0,56.0,58.0,public,True,72.1,100.0,61.67,C,Pass
5318,female,group B,high school,free/reduced,False,0.0,8.5,36.0,56.0,58.0,private,True,73.9,100.0,50.0,D,Pass
5319,male,group E,some college,free/reduced,True,13.3,7.7,69.0,80.0,68.0,public,True,83.0,100.0,72.33,B,Pass
5320,female,group D,bachelor degree,standard,False,9.6,7.2,100.0,84.0,95.0,private,True,94.9,100.0,93.0,A,Pass
5321,male,group E,some college,standard,True,9.0,10.2,60.0,64.0,85.0,private,True,84.0,100.0,69.67,C,Pass
5322,male,group C,some college,standard,False,5.5,8.5,76.0,82.0,71.0,public,True,79.4,100.0,76.33,B,Pass
5323,male,group B,some college,standard,False,12.4,7.3,44.0,80.0,91.0,private,True,89.1,100.0,71.67,B,Pass
5324,male,group C,high school,free/reduced,False,11.9,7.2,88.0,55.0,68.0,international,True,84.2,100.0,70.33,B,Pass
5325,female,group B,some college,free/reduced,False,10.7,5.1,51.0,95.0,60.0,public,True,83.5,100.0,68.67,C,Pass
5326,female,group B,bachelor degree,free/reduced,False,9.2,7.1,65.0,60.0,81.0,public,True,82.4,100.0,68.67,C,Pass
5327,female,group A,associate degree,standard,True,7.0,6.4,91.0,55.0,62.0,public,True,80.1,100.0,69.33,C,Pass
5328,female,group D,high school,standard,False,14.6,5.0,68.0,49.0,71.0,private,True,81.0,100.0,62.67,C,Pass
5329,female,group D,associate degree,standard,False,13.3,9.3,75.0,49.0,80.0,public,True,84.6,100.0,68.0,C,Pass
5330,male,group C,bachelor degree,standard,False,17.3,7.4,60.0,73.0,52.0,public,False,70.9,100.0,61.67,C,Pass
5331,male,group E,bachelor degree,standard,True,15.8,7.7,79.0,78.0,59.0,public,False,81.1,100.0,72.0,B,Pass
5332,female,group B,high school,standard,True,10.4,6.7,76.0,99.0,75.0,public,True,87.1,100.0,83.33,B,Pass
5333,female,group B,high school,standard,True,11.0,8.4,60.0,43.0,79.0,public,True,80.5,100.0,60.67,C,Pass
5334,female,group E,high school,standard,False,14.6,7.7,91.0,42.0,71.0,international,False,88.0,100.0,68.0,C,Pass
5335,male,group A,high school,standard,True,0.0,9.0,43.0,65.0,52.0,public,True,72.5,100.0,53.33,D,Pass
5336,male,group E,associate degree,standard,False,14.2,8.7,86.0,62.0,55.0,public,True,79.6,100.0,67.67,C,Pass
5337,male,group D,master degree,standard,False,12.4,7.1,81.0,71.0,58.0,private,False,80.3,100.0,70.0,B,Pass
5338,female,group A,high school,standard,False,10.6,7.9,88.0,73.0,81.0,private,True,83.3,100.0,80.67,B,Pass
5339,male,group C,some college,standard,False,6.1,6.5,63.0,100.0,86.0,public,True,86.5,100.0,83.0,B,Pass
5340,male,group B,bachelor degree,standard,False,21.7,9.6,40.0,73.0,66.0,public,True,82.7,100.0,59.67,C,Pass
5341,female,group A,associate degree,standard,True,2.7,7.2,65.0,68.0,80.0,public,True,78.1,100.0,71.0,B,Pass
5342,female,group A,high school,standard,False,13.3,10.2,64.0,57.0,77.0,public,True,83.5,100.0,66.0,C,Pass
5343,female,group C,high school,standard,False,6.1,5.8,52.0,57.0,83.0,private,True,72.1,100.0,64.0,C,Pass
5344,female,group C,associate degree,standard,False,9.6,7.6,90.0,100.0,82.0,public,True,88.5,100.0,90.67,A,Pass
5345,female,group C,high school,standard,True,12.8,7.8,68.0,71.0,63.0,public,False,80.2,100.0,67.33,C,Pass
5346,female,group B,bachelor degree,standard,False,10.4,7.3,60.0,71.0,81.0,public,True,91.5,100.0,70.67,B,Pass
5347,male,group E,some college,standard,True,3.6,6.7,38.0,60.0,61.0,public,True,74.8,100.0,53.0,D,Pass
5348,male,group B,high school,standard,False,7.5,6.7,73.0,55.0,65.0,private,True,69.7,100.0,64.33,C,Pass
5349,female,group C,master degree,standard,True,12.6,7.1,81.0,44.0,71.0,public,True,71.1,100.0,65.33,C,Pass
5350,male,group C,some college,standard,False,14.4,8.6,82.0,68.0,63.0,public,True,83.6,100.0,71.0,B,Pass
5351,male,group C,associate degree,standard,False,3.8,9.2,67.0,74.0,49.0,public,True,83.4,100.0,63.33,C,Pass
5352,male,group E,high school,standard,False,10.6,4.9,58.0,71.0,100.0,public,False,87.4,100.0,76.33,B,Pass
5353,female,group D,high school,standard,True,8.4,8.9,71.0,64.0,89.0,public,True,85.7,100.0,74.67,B,Pass
5354,male,group C,bachelor degree,standard,True,17.8,8.0,69.0,77.0,62.0,public,True,88.5,100.0,69.33,C,Pass
5355,male,group C,high school,standard,False,8.9,8.8,67.0,88.0,72.0,public,True,82.6,100.0,75.67,B,Pass
5356,male,group A,high school,free/reduced,False,6.5,5.7,85.0,71.0,85.0,public,True,91.6,100.0,80.33,B,Pass
5357,female,group D,associate degree,standard,True,9.6,8.9,46.0,82.0,77.0,public,True,74.2,100.0,68.33,C,Pass
5358,female,group C,high school,free/reduced,False,13.2,9.0,73.0,69.0,71.0,public,True,78.9,100.0,71.0,B,Pass
5359,female,group B,master degree,free/reduced,False,6.7,6.1,68.0,83.0,78.0,public,True,76.5,100.0,76.33,B,Pass
5360,female,group A,high school,standard,True,6.8,5.8,77.0,72.0,72.0,public,True,83.1,100.0,73.67,B,Pass
5361,female,group E,associate degree,standard,True,9.6,9.0,37.0,61.0,69.0,public,True,77.0,100.0,55.67,C,Pass
5362,female,group C,some college,free/reduced,False,9.6,7.8,51.0,71.0,100.0,public,True,85.0,100.0,74.0,B,Pass
5363,male,group E,high school,standard,True,9.4,7.2,55.0,80.0,48.0,public,True,79.7,100.0,61.0,C,Pass
5364,female,group C,associate degree,standard,False,10.2,7.4,60.0,82.0,81.0,public,True,80.1,100.0,74.33,B,Pass
5365,male,group E,associate degree,standard,True,11.7,10.0,55.0,76.0,85.0,public,True,82.8,100.0,72.0,B,Pass
5366,female,group C,master degree,standard,True,11.4,7.4,63.0,83.0,82.0,public,True,77.9,100.0,76.0,B,Pass
5367,male,group C,high school,standard,True,3.1,7.1,71.0,78.0,66.0,international,True,90.5,100.0,71.67,B,Pass
5368,male,group A,bachelor degree,standard,True,13.9,6.3,47.0,74.0,94.0,international,True,82.1,100.0,71.67,B,Pass
5369,male,group A,high school,standard,False,10.1,7.8,71.0,62.0,71.0,public,True,79.8,100.0,68.0,C,Pass
5370,male,group B,associate degree,standard,False,11.6,7.1,49.0,63.0,51.0,public,False,84.7,100.0,54.33,D,Pass
5371,male,group C,associate degree,standard,False,5.0,5.7,80.0,80.0,76.0,public,True,80.3,100.0,78.67,B,Pass
5372,female,group D,high school,standard,False,14.3,7.1,59.0,34.0,94.0,public,True,74.3,100.0,62.33,C,Pass
5373,female,group D,master degree,free/reduced,True,14.1,5.1,77.0,69.0,69.0,public,True,78.2,100.0,71.67,B,Pass
5374,female,group E,high school,standard,True,5.7,8.5,71.0,75.0,56.0,public,True,81.6,100.0,67.33,C,Pass
5375,male,group B,some college,free/reduced,True,0.0,7.7,63.0,100.0,78.0,public,True,89.3,100.0,80.33,B,Pass
5376,male,group C,master degree,standard,False,13.4,7.0,79.0,55.0,72.0,private,False,86.2,100.0,68.67,C,Pass
5377,male,group D,associate degree,standard,False,6.4,5.2,49.0,73.0,70.0,public,True,93.5,100.0,64.0,C,Pass
5378,male,group B,high school,standard,False,6.6,7.2,50.0,48.0,68.0,international,False,65.9,100.0,55.33,C,Pass
5379,female,group B,associate degree,standard,False,8.2,4.9,36.0,50.0,60.0,public,False,77.5,100.0,48.67,D,Pass
5380,female,group C,associate degree,standard,False,12.6,5.7,85.0,67.0,59.0,public,True,80.3,100.0,70.33,B,Pass
5381,female,group B,bachelor degree,standard,False,3.8,5.2,60.0,61.0,83.0,public,True,79.3,100.0,68.0,C,Pass
5382,female,group D,some college,standard,False,9.6,6.2,71.0,100.0,73.0,private,True,84.4,100.0,81.33,B,Pass
5383,male,group A,bachelor degree,free/reduced,True,2.4,8.8,82.0,56.0,71.0,international,True,78.2,100.0,69.67,C,Pass
5384,female,group B,some college,free/reduced,True,10.5,7.3,61.0,46.0,49.0,public,True,84.2,100.0,52.0,D,Pass
5385,female,group D,associate degree,free/reduced,False,9.6,6.7,46.0,68.0,52.0,public,True,81.3,100.0,55.33,C,Pass
5386,female,group B,high school,free/reduced,True,1.0,6.2,90.0,58.0,56.0,public,True,82.3,100.0,68.0,C,Pass
5387,female,group D,high school,standard,False,4.4,7.4,76.0,78.0,62.0,international,True,90.6,100.0,72.0,B,Pass
5388,male,group C,bachelor degree,free/reduced,True,11.0,10.3,79.0,93.0,74.0,public,True,80.2,100.0,82.0,B,Pass
5389,male,group B,high school,standard,True,4.8,8.0,60.0,54.0,68.0,public,True,72.6,100.0,60.67,C,Pass
5390,female,group B,some college,free/reduced,True,9.1,4.7,77.0,65.0,73.0,public,True,72.8,100.0,71.67,B,Pass
5391,female,group E,high school,standard,False,13.8,6.3,28.0,59.0,54.0,public,True,70.3,100.0,47.0,D,Pass
5392,male,group E,high school,standard,True,13.1,7.2,70.0,74.0,54.0,public,True,82.2,100.0,66.0,C,Pass
5393,male,group A,associate degree,standard,True,12.4,8.2,68.0,97.0,84.0,public,True,88.7,100.0,83.0,B,Pass
5394,male,group E,high school,standard,True,12.7,9.0,53.0,70.0,76.0,public,True,82.3,100.0,66.33,C,Pass
5395,male,group B,high school,standard,True,7.8,8.7,57.0,67.0,100.0,public,True,77.8,100.0,74.67,B,Pass
5396,male,group B,some college,free/reduced,True,10.7,7.5,84.0,77.0,71.0,public,True,89.8,100.0,77.33,B,Pass
5397,female,group A,high school,free/reduced,False,8.6,5.5,60.0,80.0,70.0,public,True,84.2,100.0,70.0,B,Pass
5398,female,group C,high school,standard,False,15.3,5.3,62.0,71.0,68.0,international,True,85.5,100.0,67.0,C,Pass
5399,female,group E,high school,standard,True,4.5,7.0,71.0,68.0,94.0,international,True,76.6,100.0,77.67,B,Pass
5400,male,group B,some college,standard,True,12.9,5.5,50.0,70.0,71.0,public,True,81.9,100.0,63.67,C,Pass
5401,female,group B,high school,standard,True,9.6,7.7,58.0,54.0,79.0,public,True,74.5,100.0,63.67,C,Pass
5402,male,group D,high school,standard,False,3.2,8.2,100.0,84.0,62.0,private,True,85.8,100.0,82.0,B,Pass
5403,male,group B,some college,standard,False,8.4,5.7,67.0,79.0,54.0,public,False,84.3,100.0,66.67,C,Pass
5404,female,group B,bachelor degree,standard,False,8.6,8.0,67.0,44.0,82.0,public,True,81.2,100.0,64.33,C,Pass
5405,female,group B,high school,standard,True,10.1,8.0,63.0,72.0,80.0,public,False,79.4,100.0,71.67,B,Pass
5406,female,group D,high school,standard,True,8.5,7.2,68.0,49.0,65.0,public,True,79.3,100.0,60.67,C,Pass
5407,male,group D,master degree,standard,False,9.9,7.9,87.0,62.0,62.0,public,True,75.5,100.0,70.33,B,Pass
5408,male,group D,high school,standard,False,10.2,8.0,72.0,51.0,70.0,international,True,86.5,100.0,64.33,C,Pass
5409,female,group E,some college,free/reduced,False,8.3,9.9,63.0,85.0,71.0,public,True,83.0,100.0,73.0,B,Pass
5410,male,group B,associate degree,free/reduced,True,9.8,6.1,39.0,92.0,99.0,public,True,91.3,100.0,76.67,B,Pass
5411,female,group C,associate degree,standard,False,6.6,5.9,47.0,71.0,81.0,public,True,78.8,100.0,66.33,C,Pass
5412,female,group D,associate degree,free/reduced,True,9.6,6.9,83.0,76.0,89.0,international,True,85.4,100.0,82.67,B,Pass
5413,female,group C,bachelor degree,free/reduced,False,13.1,6.5,54.0,78.0,59.0,public,False,76.6,100.0,63.67,C,Pass
5414,female,group B,master degree,standard,True,15.8,7.0,65.0,62.0,82.0,private,True,87.2,100.0,69.67,C,Pass
5415,female,group B,bachelor degree,free/reduced,True,0.1,7.2,82.0,74.0,83.0,public,True,83.3,100.0,79.67,B,Pass
5416,male,group E,associate degree,standard,False,18.5,10.0,60.0,56.0,67.0,public,True,82.6,100.0,61.0,C,Pass
5417,male,group C,high school,free/reduced,False,4.5,5.3,91.0,76.0,42.0,public,True,81.0,100.0,69.67,C,Pass
5418,male,group D,bachelor degree,standard,False,14.6,9.0,93.0,70.0,71.0,public,True,76.3,100.0,78.0,B,Pass
5419,female,group C,high school,free/reduced,False,9.6,7.3,87.0,72.0,78.0,private,True,83.7,100.0,79.0,B,Pass
5420,female,group C,some college,standard,True,0.0,6.5,78.0,100.0,71.0,public,True,82.2,100.0,83.0,B,Pass
5421,female,group A,some college,standard,True,9.6,6.5,50.0,65.0,44.0,public,True,76.4,100.0,53.0,D,Pass
5422,male,group C,associate degree,standard,True,15.9,7.2,70.0,90.0,93.0,public,True,82.8,100.0,84.33,B,Pass
5423,male,group D,some college,free/reduced,False,15.3,7.4,66.0,51.0,65.0,public,True,83.9,100.0,60.67,C,Pass
5424,male,group A,associate degree,free/reduced,False,9.6,6.4,76.0,65.0,77.0,public,False,83.6,100.0,72.67,B,Pass
5425,female,group B,high school,standard,True,16.7,6.4,72.0,85.0,82.0,public,True,86.0,100.0,79.67,B,Pass
5426,female,group C,high school,standard,False,8.9,5.7,80.0,63.0,79.0,public,True,87.9,100.0,74.0,B,Pass
5427,female,group D,some college,standard,False,4.2,5.9,78.0,78.0,61.0,private,True,88.8,100.0,72.33,B,Pass
5428,female,group B,master degree,free/reduced,False,5.2,6.6,66.0,73.0,71.0,international,True,82.9,100.0,70.0,B,Pass
5429,male,group A,high school,standard,False,10.3,9.9,75.0,84.0,83.0,public,True,83.4,100.0,80.67,B,Pass
5430,male,group D,associate degree,standard,False,18.7,6.4,66.0,65.0,84.0,public,True,74.8,100.0,71.67,B,Pass
5431,male,group E,bachelor degree,free/reduced,True,3.8,8.4,67.0,86.0,95.0,public,True,84.6,100.0,82.67,B,Pass
5432,female,group B,some college,standard,True,8.0,6.1,86.0,68.0,70.0,private,True,81.8,100.0,74.67,B,Pass
5433,female,group D,master degree,standard,True,5.5,7.2,90.0,68.0,83.0,public,True,87.7,100.0,80.33,B,Pass
5434,female,group D,master degree,free/reduced,False,5.1,7.3,68.0,65.0,52.0,public,True,77.9,100.0,61.67,C,Pass
5435,female,group C,bachelor degree,standard,True,15.8,4.8,62.0,71.0,68.0,public,True,85.1,100.0,67.0,C,Pass
5436,female,group D,high school,standard,False,6.3,6.8,31.0,80.0,68.0,international,False,75.8,100.0,59.67,C,Pass
5437,male,group D,bachelor degree,standard,True,7.9,9.8,84.0,61.0,89.0,private,True,85.9,100.0,78.0,B,Pass
5438,female,group A,high school,standard,False,5.9,5.7,77.0,74.0,56.0,public,True,88.5,100.0,69.0,C,Pass
5439,male,group D,bachelor degree,standard,False,7.2,7.7,94.0,71.0,64.0,international,True,87.1,100.0,76.33,B,Pass
5440,male,group D,bachelor degree,standard,False,10.8,5.9,68.0,71.0,27.0,public,False,76.7,100.0,55.33,C,Pass
5441,female,group E,high school,free/reduced,False,14.0,9.0,76.0,64.0,91.0,international,True,82.8,100.0,77.0,B,Pass
5442,male,group D,high school,standard,False,9.6,6.1,93.0,65.0,58.0,private,False,80.6,100.0,72.0,B,Pass
5443,male,group B,bachelor degree,free/reduced,True,7.6,7.5,36.0,62.0,79.0,private,True,74.3,100.0,59.0,C,Pass
5444,female,group D,high school,standard,True,15.9,7.5,81.0,55.0,46.0,public,True,76.6,100.0,60.67,C,Pass
5445,female,group B,high school,standard,False,12.1,8.1,73.0,73.0,74.0,public,False,88.1,100.0,73.33,B,Pass
5446,female,group B,some college,standard,False,4.5,5.3,62.0,70.0,63.0,international,True,79.9,100.0,65.0,C,Pass
5447,male,group D,some college,standard,False,9.4,6.0,100.0,96.0,71.0,public,True,83.7,100.0,89.0,A,Pass
5448,female,group C,some college,standard,True,9.7,4.7,95.0,71.0,63.0,public,False,94.4,100.0,76.33,B,Pass
5449,female,group D,some college,standard,True,5.3,8.1,51.0,92.0,79.0,public,False,86.2,100.0,74.0,B,Pass
5450,male,group E,bachelor degree,free/reduced,True,12.4,6.4,72.0,92.0,62.0,public,True,78.1,100.0,75.33,B,Pass
5451,female,group E,master degree,free/reduced,True,6.6,6.1,62.0,80.0,66.0,public,False,80.5,100.0,69.33,C,Pass
5452,female,group C,associate degree,standard,False,9.6,8.6,66.0,72.0,55.0,public,True,81.3,100.0,64.33,C,Pass
5453,male,group D,some college,standard,False,1.2,6.4,62.0,57.0,73.0,public,True,89.1,100.0,64.0,C,Pass
5454,female,group C,some college,free/reduced,True,9.6,5.5,68.0,63.0,90.0,public,True,78.9,100.0,73.67,B,Pass
5455,female,group A,some college,standard,False,16.2,7.8,81.0,65.0,82.0,public,True,90.3,100.0,76.0,B,Pass
5456,male,group E,some college,free/reduced,False,12.2,8.5,72.0,88.0,67.0,public,True,92.3,100.0,75.67,B,Pass
5457,female,group E,bachelor degree,standard,True,11.4,7.4,73.0,69.0,80.0,public,True,81.5,100.0,74.0,B,Pass
5458,male,group A,some college,standard,True,14.9,4.8,60.0,63.0,65.0,private,True,78.7,100.0,62.67,C,Pass
5459,male,group E,associate degree,standard,False,6.7,8.7,37.0,57.0,74.0,public,True,72.2,100.0,56.0,C,Pass
5460,female,group E,high school,standard,False,4.3,8.6,51.0,65.0,72.0,public,True,79.0,100.0,62.67,C,Pass
5461,male,group C,high school,standard,True,6.4,7.5,53.0,56.0,42.0,private,False,75.0,100.0,50.33,D,Pass
5462,female,group E,high school,free/reduced,False,9.6,4.5,77.0,62.0,76.0,public,True,87.0,100.0,71.67,B,Pass
5463,male,group C,high school,standard,True,10.0,6.5,42.0,78.0,62.0,public,True,84.7,100.0,60.67,C,Pass
5464,female,group D,some college,standard,False,13.0,6.6,64.0,41.0,71.0,public,True,74.7,100.0,58.67,C,Pass
5465,female,group E,bachelor degree,standard,True,10.9,6.7,81.0,100.0,61.0,private,True,77.4,100.0,80.67,B,Pass
5466,female,group A,associate degree,standard,False,7.2,8.0,83.0,64.0,84.0,public,True,85.7,100.0,77.0,B,Pass
5467,female,group C,high school,standard,False,4.0,9.6,81.0,60.0,71.0,public,True,84.7,100.0,70.67,B,Pass
5468,female,group A,high school,free/reduced,True,19.7,5.1,71.0,88.0,64.0,public,True,86.0,100.0,74.33,B,Pass
5469,female,group B,associate degree,free/reduced,True,10.4,6.7,31.0,48.0,66.0,public,True,72.7,100.0,48.33,D,Pass
5470,male,group E,some college,standard,True,20.7,8.1,68.0,85.0,50.0,public,True,82.7,100.0,67.67,C,Pass
5471,male,group E,master degree,standard,True,10.5,9.2,63.0,74.0,74.0,public,True,90.7,100.0,70.33,B,Pass
5472,female,group B,high school,standard,False,9.3,8.0,79.0,83.0,74.0,public,False,88.4,100.0,78.67,B,Pass
5473,male,group B,high school,standard,False,11.1,3.8,74.0,71.0,83.0,private,True,83.4,100.0,76.0,B,Pass
5474,female,group B,some college,standard,True,10.9,7.3,67.0,83.0,81.0,public,False,83.3,100.0,77.0,B,Pass
5475,male,group C,some college,standard,True,12.4,7.5,80.0,59.0,85.0,public,True,84.0,100.0,74.67,B,Pass
5476,male,group B,master degree,free/reduced,True,19.0,8.4,59.0,71.0,55.0,public,False,87.7,100.0,61.67,C,Pass
5477,female,group C,bachelor degree,free/reduced,False,13.2,8.5,70.0,80.0,57.0,public,True,81.7,100.0,69.0,C,Pass
5478,female,group D,bachelor degree,standard,True,16.1,8.5,54.0,74.0,71.0,public,True,81.3,100.0,66.33,C,Pass
5479,male,group C,high school,standard,True,15.1,7.6,59.0,76.0,79.0,private,True,81.1,100.0,71.33,B,Pass
5480,female,group B,high school,standard,False,9.6,9.5,38.0,61.0,88.0,private,True,85.4,100.0,62.33,C,Pass
5481,male,group C,bachelor degree,free/reduced,False,9.6,8.5,75.0,75.0,59.0,public,True,92.7,100.0,69.67,C,Pass
5482,female,group C,associate degree,standard,True,12.7,6.8,31.0,75.0,63.0,international,True,79.8,100.0,56.33,C,Pass
5483,female,group B,bachelor degree,standard,True,14.4,6.3,53.0,82.0,61.0,public,True,81.5,100.0,65.33,C,Pass
5484,male,group C,bachelor degree,standard,True,14.0,7.0,63.0,86.0,60.0,public,True,83.1,100.0,69.67,C,Pass
5485,male,group B,associate degree,standard,True,9.3,7.2,34.0,58.0,75.0,public,True,65.3,100.0,55.67,C,Pass
5486,female,group B,high school,free/reduced,False,5.2,7.2,56.0,84.0,95.0,public,True,90.1,100.0,78.33,B,Pass
5487,female,group B,bachelor degree,standard,False,21.7,8.7,59.0,82.0,60.0,private,True,82.5,100.0,67.0,C,Pass
5488,female,group E,some college,standard,False,5.8,9.8,63.0,70.0,90.0,public,False,86.9,100.0,74.33,B,Pass
5489,female,group E,some college,free/reduced,True,13.2,6.5,82.0,71.0,74.0,international,True,81.6,100.0,75.67,B,Pass
5490,male,group C,some college,standard,True,6.9,6.6,68.0,67.0,71.0,public,True,80.4,100.0,68.67,C,Pass
5491,female,group E,bachelor degree,standard,True,13.9,4.5,76.0,62.0,70.0,public,True,80.7,100.0,69.33,C,Pass
5492,male,group D,bachelor degree,standard,True,9.6,5.2,86.0,76.0,84.0,public,True,92.9,100.0,82.0,B,Pass
5493,male,group E,associate degree,standard,True,16.8,5.8,52.0,59.0,71.0,public,True,77.4,100.0,60.67,C,Pass
5494,female,group C,high school,standard,False,17.5,7.2,36.0,46.0,65.0,private,True,85.0,100.0,49.0,D,Pass
5495,female,group E,high school,free/reduced,True,6.1,7.2,87.0,79.0,84.0,public,True,90.5,100.0,83.33,B,Pass
5496,female,group B,some college,free/reduced,False,18.9,5.6,77.0,71.0,37.0,public,True,73.2,100.0,61.67,C,Pass
5497,female,group A,associate degree,free/reduced,True,9.3,7.2,56.0,75.0,71.0,private,True,81.3,100.0,67.33,C,Pass
5498,male,group A,bachelor degree,standard,True,10.3,7.1,63.0,75.0,59.0,public,True,78.0,100.0,65.67,C,Pass
5499,male,group A,high school,standard,False,6.1,5.8,100.0,75.0,71.0,public,True,76.7,100.0,82.0,B,Pass
5500,male,group B,master degree,standard,False,13.2,8.5,62.0,69.0,65.0,public,True,89.1,100.0,65.33,C,Pass
5501,female,group C,associate degree,free/reduced,True,16.3,7.2,90.0,77.0,71.0,public,True,90.2,100.0,79.33,B,Pass
5502,male,group B,some college,free/reduced,True,11.6,6.3,56.0,62.0,54.0,public,True,80.6,100.0,57.33,C,Pass
5503,female,group C,high school,standard,False,9.6,6.5,69.0,67.0,81.0,private,False,84.8,100.0,72.33,B,Pass
5504,male,group B,high school,free/reduced,False,16.5,8.3,68.0,57.0,86.0,public,True,76.2,100.0,70.33,B,Pass
5505,female,group A,master degree,standard,False,7.3,6.8,53.0,87.0,75.0,public,True,81.2,100.0,71.67,B,Pass
5506,male,group A,high school,free/reduced,False,6.7,5.0,84.0,61.0,76.0,public,True,88.7,100.0,73.67,B,Pass
5507,male,group C,bachelor degree,standard,False,11.8,8.4,62.0,50.0,78.0,public,True,75.1,100.0,63.33,C,Pass
5508,female,group C,bachelor degree,free/reduced,False,4.9,6.4,75.0,91.0,78.0,public,True,74.9,100.0,81.33,B,Pass
5509,male,group E,master degree,standard,False,8.3,7.5,75.0,86.0,100.0,public,True,88.7,100.0,87.0,A,Pass
5510,female,group C,high school,free/reduced,True,17.0,7.5,52.0,71.0,73.0,private,False,80.3,100.0,65.33,C,Pass
5511,female,group A,bachelor degree,free/reduced,False,10.8,7.1,76.0,89.0,71.0,public,True,87.0,100.0,78.67,B,Pass
5512,male,group B,high school,standard,False,9.6,8.8,75.0,79.0,75.0,public,True,89.2,100.0,76.33,B,Pass
5513,male,group C,associate degree,standard,False,4.8,6.0,70.0,75.0,45.0,public,True,83.5,100.0,63.33,C,Pass
5514,female,group B,some college,standard,True,16.7,7.7,78.0,65.0,68.0,public,True,84.4,100.0,70.33,B,Pass
5515,male,group C,some college,standard,False,9.6,7.3,41.0,77.0,85.0,public,True,88.0,100.0,67.67,C,Pass
5516,female,group C,high school,standard,True,14.1,9.0,81.0,90.0,98.0,public,True,83.3,100.0,89.67,A,Pass
5517,male,group C,associate degree,standard,True,10.7,7.6,71.0,71.0,70.0,private,True,85.7,100.0,70.67,B,Pass
5518,female,group A,some college,free/reduced,True,13.3,8.2,80.0,71.0,51.0,public,True,85.1,100.0,67.33,C,Pass
5519,male,group C,bachelor degree,free/reduced,False,2.6,8.6,66.0,76.0,54.0,public,True,74.9,100.0,65.33,C,Pass
5520,male,group B,some college,standard,True,11.4,8.3,91.0,76.0,71.0,private,False,79.1,100.0,79.33,B,Pass
5521,female,group D,high school,free/reduced,True,9.6,8.4,88.0,96.0,76.0,private,True,85.9,100.0,86.67,A,Pass
5522,female,group E,high school,standard,False,6.2,7.9,88.0,71.0,62.0,international,True,81.2,100.0,73.67,B,Pass
5523,female,group B,some college,free/reduced,False,10.1,7.7,56.0,59.0,83.0,private,True,85.2,100.0,66.0,C,Pass
5524,female,group C,high school,free/reduced,True,0.0,7.2,75.0,88.0,68.0,public,False,82.7,100.0,77.0,B,Pass
5525,male,group B,master degree,free/reduced,False,4.5,9.0,53.0,52.0,50.0,public,True,71.4,100.0,51.67,D,Pass
5526,female,group C,associate degree,free/reduced,False,8.2,9.0,71.0,63.0,65.0,private,True,78.5,100.0,66.33,C,Pass
5527,female,group C,some college,standard,True,14.4,6.1,33.0,81.0,63.0,public,True,84.2,100.0,59.0,C,Pass
5528,male,group C,some college,standard,False,9.4,6.5,100.0,75.0,82.0,public,True,89.3,100.0,85.67,A,Pass
5529,female,group B,high school,standard,False,15.2,9.1,74.0,51.0,71.0,private,True,80.1,100.0,65.33,C,Pass
5530,female,group E,bachelor degree,standard,False,9.7,7.2,81.0,85.0,84.0,public,True,87.8,100.0,83.33,B,Pass
5531,female,group B,some college,standard,False,8.1,10.7,71.0,53.0,32.0,public,True,82.3,100.0,52.0,D,Pass
5532,male,group C,high school,standard,False,14.0,6.3,79.0,77.0,71.0,public,True,81.5,100.0,75.67,B,Pass
5533,male,group B,bachelor degree,standard,False,10.3,8.7,81.0,69.0,67.0,international,True,90.5,100.0,72.33,B,Pass
5534,male,group A,high school,standard,False,8.5,8.1,77.0,58.0,100.0,public,True,87.4,100.0,78.33,B,Pass
5535,female,group E,high school,standard,True,8.7,10.5,79.0,74.0,56.0,public,True,82.1,100.0,69.67,C,Pass
5536,female,group B,high school,standard,True,12.4,8.6,79.0,99.0,77.0,public,True,100.0,100.0,85.0,A,Pass
5537,male,group A,some college,standard,False,13.1,7.6,86.0,93.0,69.0,public,True,82.8,100.0,82.67,B,Pass
5538,female,group D,high school,free/reduced,False,9.6,7.0,68.0,44.0,56.0,private,True,75.6,100.0,56.0,C,Pass
5539,female,group B,some college,standard,True,9.6,6.6,100.0,77.0,39.0,public,True,77.6,100.0,72.0,B,Pass
5540,male,group D,bachelor degree,standard,False,9.3,7.2,68.0,87.0,71.0,public,True,89.8,100.0,75.33,B,Pass
5541,male,group A,some college,standard,False,20.7,6.1,67.0,79.0,72.0,public,True,92.5,100.0,72.67,B,Pass
5542,female,group C,associate degree,standard,False,2.7,6.8,65.0,57.0,95.0,public,True,92.3,100.0,72.33,B,Pass
5543,male,group D,some college,free/reduced,True,8.9,8.7,85.0,71.0,73.0,public,True,91.5,100.0,76.33,B,Pass
5544,female,group C,some college,standard,False,18.1,7.4,59.0,63.0,77.0,private,True,80.5,100.0,66.33,C,Pass
5545,male,group C,high school,standard,True,7.6,6.5,76.0,69.0,78.0,public,True,82.9,100.0,74.33,B,Pass
5546,female,group B,some college,free/reduced,True,7.6,7.2,78.0,59.0,59.0,public,True,72.8,100.0,65.33,C,Pass
5547,female,group A,associate degree,standard,True,12.0,6.2,56.0,82.0,88.0,private,True,95.3,100.0,75.33,B,Pass
5548,female,group E,high school,standard,False,7.9,6.2,80.0,86.0,64.0,public,True,88.0,100.0,76.67,B,Pass
5549,female,group A,master degree,free/reduced,False,2.0,7.7,61.0,82.0,43.0,public,False,77.3,100.0,62.0,C,Pass
5550,female,group D,some college,free/reduced,False,9.6,6.6,95.0,58.0,84.0,public,True,93.2,100.0,79.0,B,Pass
5551,female,group D,high school,free/reduced,True,11.5,7.8,57.0,94.0,61.0,public,True,78.4,100.0,70.67,B,Pass
5552,male,group D,high school,standard,True,5.6,9.0,78.0,56.0,60.0,public,True,82.9,100.0,64.67,C,Pass
5553,male,group E,some college,standard,True,17.2,5.9,69.0,63.0,63.0,public,True,80.1,100.0,65.0,C,Pass
5554,male,group E,high school,standard,True,7.1,5.2,52.0,54.0,64.0,international,True,80.9,100.0,56.67,C,Pass
5555,female,group C,associate degree,standard,False,4.9,4.9,88.0,50.0,57.0,private,True,80.7,100.0,65.0,C,Pass
5556,male,group C,high school,standard,True,11.5,8.4,99.0,76.0,71.0,public,True,80.5,100.0,82.0,B,Pass
5557,female,group D,some college,standard,True,10.7,9.1,39.0,72.0,77.0,private,True,80.4,100.0,62.67,C,Pass
5558,male,group C,high school,free/reduced,True,9.9,5.2,82.0,87.0,100.0,private,False,96.1,100.0,89.67,A,Pass
5559,female,group B,high school,standard,True,3.5,8.5,54.0,77.0,56.0,public,True,79.8,100.0,62.33,C,Pass
5560,male,group D,master degree,free/reduced,True,11.4,4.9,65.0,78.0,63.0,private,True,86.3,100.0,68.67,C,Pass
5561,female,group D,high school,standard,False,0.0,8.4,61.0,71.0,30.0,private,True,71.2,100.0,54.0,D,Pass
5562,male,group D,high school,free/reduced,False,14.6,5.5,44.0,82.0,74.0,public,True,81.5,100.0,66.67,C,Pass
5563,male,group B,associate degree,free/reduced,True,1.6,6.8,63.0,78.0,92.0,public,True,82.9,100.0,77.67,B,Pass
5564,male,group D,bachelor degree,standard,True,6.3,7.2,73.0,49.0,64.0,public,True,83.5,100.0,62.0,C,Pass
5565,male,group C,master degree,free/reduced,True,6.7,8.5,57.0,54.0,60.0,private,True,78.0,100.0,57.0,C,Pass
5566,female,group C,master degree,standard,False,10.3,9.1,86.0,66.0,60.0,private,True,86.7,100.0,70.67,B,Pass
5567,male,group C,high school,standard,False,5.0,9.7,63.0,71.0,81.0,public,True,89.0,100.0,71.67,B,Pass
5568,male,group E,high school,free/reduced,False,9.5,7.5,67.0,89.0,71.0,international,True,88.6,100.0,75.67,B,Pass
5569,female,group D,associate degree,free/reduced,True,6.0,7.5,65.0,43.0,71.0,public,False,80.1,100.0,59.67,C,Pass
5570,female,group B,high school,standard,True,3.8,8.7,91.0,72.0,88.0,private,True,83.5,100.0,83.67,B,Pass
5571,male,group D,high school,standard,False,5.3,6.8,80.0,39.0,76.0,public,True,81.0,100.0,65.0,C,Pass
5572,male,group C,associate degree,standard,True,4.7,9.6,57.0,60.0,68.0,public,True,77.0,100.0,61.67,C,Pass
5573,male,group E,associate degree,free/reduced,False,15.6,8.1,78.0,76.0,60.0,public,False,81.8,100.0,71.33,B,Pass
5574,male,group A,associate degree,standard,True,7.9,6.3,72.0,73.0,77.0,public,True,82.7,100.0,74.0,B,Pass
5575,female,group B,high school,standard,True,3.2,7.4,100.0,61.0,84.0,public,True,82.8,100.0,81.67,B,Pass
5576,female,group D,high school,free/reduced,True,10.4,6.7,42.0,63.0,71.0,international,True,68.5,100.0,58.67,C,Pass
5577,female,group D,high school,standard,False,12.9,6.6,80.0,80.0,47.0,private,True,79.3,100.0,69.0,C,Pass
5578,female,group D,high school,standard,True,18.3,6.6,89.0,39.0,98.0,public,True,86.1,100.0,75.33,B,Pass
5579,female,group D,associate degree,standard,False,18.6,5.9,81.0,72.0,66.0,private,True,77.5,100.0,73.0,B,Pass
5580,male,group D,some college,standard,True,5.1,9.5,56.0,71.0,68.0,public,False,80.9,100.0,65.0,C,Pass
5581,male,group E,associate degree,free/reduced,False,10.8,8.3,42.0,82.0,63.0,public,True,89.4,100.0,62.33,C,Pass
5582,female,group D,high school,standard,False,15.7,8.3,46.0,50.0,64.0,public,True,81.4,100.0,53.33,D,Pass
5583,female,group A,high school,standard,False,14.2,7.6,98.0,69.0,63.0,public,False,93.9,100.0,76.67,B,Pass
5584,male,group C,bachelor degree,free/reduced,True,15.5,7.2,64.0,55.0,49.0,public,True,79.4,100.0,56.0,C,Pass
5585,female,group E,master degree,free/reduced,False,13.6,6.1,77.0,67.0,91.0,public,True,92.2,100.0,78.33,B,Pass
5586,male,group B,bachelor degree,standard,True,10.4,7.2,54.0,72.0,55.0,public,True,75.5,100.0,60.33,C,Pass
5587,female,group B,high school,standard,True,13.4,7.5,67.0,66.0,90.0,public,True,81.5,100.0,74.33,B,Pass
5588,female,group B,high school,standard,False,11.8,7.1,71.0,93.0,82.0,international,True,74.1,100.0,82.0,B,Pass
5589,male,group C,bachelor degree,standard,False,11.7,7.9,55.0,90.0,70.0,private,True,89.6,100.0,71.67,B,Pass
5590,female,group A,high school,standard,True,7.8,7.6,62.0,73.0,64.0,private,False,89.2,100.0,66.33,C,Pass
5591,female,group C,associate degree,standard,True,4.2,7.1,84.0,71.0,71.0,public,True,82.2,100.0,75.33,B,Pass
5592,male,group E,high school,free/reduced,True,6.7,8.1,65.0,70.0,71.0,public,False,81.1,100.0,68.67,C,Pass
5593,female,group A,high school,standard,True,14.6,8.9,65.0,94.0,87.0,international,True,84.0,100.0,82.0,B,Pass
5594,female,group B,bachelor degree,free/reduced,True,8.0,7.2,77.0,67.0,71.0,private,True,85.4,100.0,71.67,B,Pass
5595,female,group D,high school,standard,False,3.6,6.6,60.0,72.0,57.0,private,True,85.8,100.0,63.0,C,Pass
5596,female,group C,some college,free/reduced,True,2.4,7.4,75.0,75.0,82.0,public,True,77.2,100.0,77.33,B,Pass
5597,female,group C,high school,standard,False,17.5,5.8,100.0,70.0,65.0,public,True,88.4,100.0,78.33,B,Pass
5598,male,group E,high school,free/reduced,True,12.6,7.6,66.0,80.0,82.0,private,True,84.0,100.0,76.0,B,Pass
5599,male,group D,high school,standard,False,7.1,7.2,68.0,94.0,59.0,public,True,85.0,100.0,73.67,B,Pass
5600,female,group B,high school,free/reduced,False,9.6,7.9,57.0,71.0,92.0,public,True,86.5,100.0,73.33,B,Pass
5601,female,group A,bachelor degree,free/reduced,True,9.6,6.8,80.0,87.0,71.0,private,True,85.7,100.0,79.33,B,Pass
5602,female,group B,associate degree,standard,True,9.6,8.0,47.0,71.0,45.0,public,True,76.1,100.0,54.33,D,Pass
5603,male,group D,bachelor degree,standard,True,7.8,7.8,69.0,54.0,51.0,public,True,77.1,100.0,58.0,C,Pass
5604,male,group D,some college,free/reduced,False,0.6,7.5,94.0,71.0,79.0,public,False,92.4,100.0,81.33,B,Pass
5605,female,group D,bachelor degree,standard,False,9.6,7.2,56.0,83.0,67.0,public,True,84.6,100.0,68.67,C,Pass
5606,male,group B,some college,standard,False,9.6,5.6,100.0,69.0,70.0,international,True,88.0,100.0,79.67,B,Pass
5607,male,group A,master degree,standard,True,12.8,7.1,79.0,67.0,50.0,public,True,74.8,100.0,65.33,C,Pass
5608,male,group E,high school,standard,False,12.9,6.2,71.0,59.0,74.0,public,True,80.3,100.0,68.0,C,Pass
5609,male,group B,high school,standard,True,9.6,7.2,79.0,47.0,66.0,private,True,85.1,100.0,64.0,C,Pass
5610,female,group A,some college,free/reduced,True,9.6,6.0,85.0,49.0,72.0,public,True,82.7,100.0,68.67,C,Pass
5611,male,group B,some college,standard,False,5.0,8.6,82.0,82.0,91.0,private,True,92.3,100.0,85.0,A,Pass
5612,male,group A,associate degree,free/reduced,True,6.0,6.3,71.0,80.0,73.0,private,True,93.7,100.0,74.67,B,Pass
5613,male,group B,high school,standard,False,8.2,5.1,56.0,68.0,100.0,international,True,90.1,100.0,74.67,B,Pass
5614,male,group C,high school,free/reduced,True,13.6,7.5,48.0,81.0,71.0,private,False,82.1,100.0,66.67,C,Pass
5615,female,group B,associate degree,standard,True,9.3,6.6,74.0,73.0,74.0,public,True,81.9,100.0,73.67,B,Pass
5616,female,group E,high school,free/reduced,False,19.8,7.2,100.0,71.0,62.0,public,True,73.2,100.0,77.67,B,Pass
5617,male,group E,some college,free/reduced,False,8.5,7.3,78.0,80.0,67.0,public,True,84.2,100.0,75.0,B,Pass
5618,female,group B,some college,free/reduced,False,3.5,8.6,60.0,72.0,71.0,international,True,80.4,100.0,67.67,C,Pass
5619,female,group C,high school,free/reduced,True,11.6,7.0,71.0,71.0,79.0,public,False,86.3,100.0,73.67,B,Pass
5620,male,group C,some college,standard,True,9.6,6.7,53.0,66.0,46.0,public,True,76.2,100.0,55.0,C,Pass
5621,male,group C,high school,standard,False,14.0,6.1,86.0,70.0,70.0,international,True,83.5,100.0,75.33,B,Pass
5622,male,group C,some college,standard,True,6.0,7.5,97.0,65.0,63.0,international,True,76.1,100.0,75.0,B,Pass
5623,female,group E,some college,standard,False,9.6,7.3,73.0,90.0,73.0,public,False,81.8,100.0,78.67,B,Pass
5624,female,group C,some college,standard,True,16.1,8.8,78.0,54.0,80.0,private,True,85.6,100.0,70.67,B,Pass
5625,female,group A,high school,standard,True,10.2,7.5,35.0,71.0,79.0,private,True,88.1,100.0,61.67,C,Pass
5626,female,group C,some college,free/reduced,False,1.5,5.2,52.0,50.0,63.0,public,True,76.5,100.0,55.0,C,Pass
5627,female,group A,bachelor degree,standard,False,9.2,7.3,70.0,70.0,55.0,public,True,82.6,100.0,65.0,C,Pass
5628,female,group C,bachelor degree,standard,False,9.7,8.0,62.0,57.0,100.0,public,True,89.0,100.0,73.0,B,Pass
5629,male,group C,bachelor degree,free/reduced,False,16.6,6.5,88.0,73.0,78.0,public,True,82.8,100.0,79.67,B,Pass
5630,male,group D,high school,standard,False,3.3,5.6,55.0,93.0,67.0,public,True,85.5,100.0,71.67,B,Pass
5631,male,group D,high school,standard,False,0.7,7.6,75.0,69.0,85.0,public,False,81.8,100.0,76.33,B,Pass
5632,female,group C,high school,free/reduced,True,13.2,7.3,64.0,77.0,76.0,public,True,88.3,100.0,72.33,B,Pass
5633,male,group B,master degree,standard,True,11.6,8.0,61.0,59.0,67.0,public,True,80.7,100.0,62.33,C,Pass
5634,female,group C,some college,free/reduced,False,0.9,7.0,93.0,68.0,85.0,public,True,89.3,100.0,82.0,B,Pass
5635,female,group D,associate degree,free/reduced,False,6.0,7.4,52.0,70.0,88.0,private,True,79.1,100.0,70.0,B,Pass
5636,female,group C,bachelor degree,standard,False,3.4,5.7,57.0,82.0,82.0,international,True,88.0,100.0,73.67,B,Pass
5637,male,group D,bachelor degree,standard,True,13.5,8.0,75.0,65.0,77.0,public,True,94.4,100.0,72.33,B,Pass
5638,female,group B,high school,standard,True,16.5,5.3,77.0,71.0,71.0,public,True,78.9,100.0,73.0,B,Pass
5639,male,group E,some college,standard,True,11.5,5.2,74.0,82.0,76.0,public,True,84.2,100.0,77.33,B,Pass
5640,male,group E,high school,free/reduced,False,9.6,6.1,94.0,60.0,44.0,public,True,82.6,100.0,66.0,C,Pass
5641,male,group D,high school,free/reduced,True,12.1,5.6,62.0,58.0,57.0,private,True,82.5,100.0,59.0,C,Pass
5642,female,group C,associate degree,free/reduced,False,15.2,7.3,71.0,81.0,91.0,public,True,84.6,100.0,81.0,B,Pass
5643,female,group A,high school,standard,True,7.4,7.5,96.0,75.0,78.0,international,True,74.0,100.0,83.0,B,Pass
5644,male,group A,high school,free/reduced,True,16.0,6.4,58.0,77.0,56.0,public,True,87.3,100.0,63.67,C,Pass
5645,female,group D,high school,standard,False,13.9,7.2,82.0,38.0,95.0,public,True,87.5,100.0,71.67,B,Pass
5646,male,group C,high school,standard,False,1.4,8.3,73.0,75.0,64.0,public,True,74.6,100.0,70.67,B,Pass
5647,female,group E,high school,free/reduced,False,9.6,6.2,67.0,53.0,72.0,public,True,77.6,100.0,64.0,C,Pass
5648,female,group A,bachelor degree,free/reduced,True,8.8,8.7,64.0,62.0,50.0,international,True,86.3,100.0,58.67,C,Pass
5649,male,group B,bachelor degree,standard,True,4.9,7.2,85.0,83.0,85.0,public,True,96.0,100.0,84.33,B,Pass
5650,female,group B,associate degree,standard,False,7.7,6.2,46.0,83.0,61.0,international,False,85.0,100.0,63.33,C,Pass
5651,female,group D,some college,standard,True,10.9,10.3,84.0,71.0,58.0,public,True,82.5,100.0,71.0,B,Pass
5652,male,group B,bachelor degree,standard,False,10.8,7.2,60.0,79.0,70.0,public,True,83.3,100.0,69.67,C,Pass
5653,female,group E,high school,free/reduced,False,15.3,6.1,64.0,71.0,61.0,public,False,80.3,100.0,65.33,C,Pass
5654,female,group C,associate degree,standard,True,13.7,5.3,95.0,70.0,71.0,public,True,92.1,100.0,78.67,B,Pass
5655,female,group D,high school,standard,False,12.7,6.4,76.0,78.0,72.0,private,True,80.8,100.0,75.33,B,Pass
5656,male,group B,high school,standard,False,16.7,8.0,69.0,78.0,59.0,public,True,78.4,100.0,68.67,C,Pass
5657,male,group B,high school,standard,False,7.2,7.2,65.0,67.0,74.0,public,True,87.5,100.0,68.67,C,Pass
5658,female,group E,high school,free/reduced,False,10.1,7.9,68.0,59.0,86.0,public,True,83.2,100.0,71.0,B,Pass
5659,male,group B,some college,standard,False,9.6,7.7,79.0,85.0,81.0,public,True,94.6,100.0,81.67,B,Pass
5660,female,group D,high school,standard,True,6.9,9.1,76.0,82.0,81.0,public,True,83.5,100.0,79.67,B,Pass
5661,male,group C,associate degree,standard,False,8.9,6.7,71.0,76.0,60.0,public,True,82.3,100.0,69.0,C,Pass
5662,female,group A,associate degree,standard,False,10.7,8.5,76.0,83.0,80.0,international,True,82.3,100.0,79.67,B,Pass
5663,female,group A,associate degree,standard,True,5.8,5.5,47.0,73.0,71.0,public,True,80.4,100.0,63.67,C,Pass
5664,male,group A,some college,standard,False,7.3,7.2,40.0,71.0,55.0,private,True,69.6,100.0,55.33,C,Pass
5665,male,group A,high school,standard,False,8.4,8.4,59.0,75.0,76.0,international,True,80.6,100.0,70.0,B,Pass
5666,female,group A,high school,standard,False,14.7,7.5,90.0,52.0,83.0,private,True,77.8,100.0,75.0,B,Pass
5667,male,group A,high school,free/reduced,False,1.6,6.1,73.0,85.0,80.0,public,True,90.2,100.0,79.33,B,Pass
5668,male,group A,high school,standard,False,3.7,8.4,82.0,57.0,73.0,international,True,86.8,100.0,70.67,B,Pass
5669,female,group C,associate degree,free/reduced,True,8.7,5.0,81.0,61.0,46.0,public,True,71.4,100.0,62.67,C,Pass
5670,male,group E,high school,free/reduced,False,12.0,7.4,81.0,84.0,96.0,public,True,96.5,100.0,87.0,A,Pass
5671,female,group E,some college,free/reduced,False,12.1,8.8,19.0,66.0,59.0,public,True,86.7,100.0,48.0,D,Pass
5672,male,group E,bachelor degree,free/reduced,False,8.5,8.4,74.0,76.0,80.0,public,True,85.9,100.0,76.67,B,Pass
5673,female,group D,bachelor degree,free/reduced,True,8.7,5.8,69.0,77.0,70.0,private,True,80.6,100.0,72.0,B,Pass
5674,female,group B,bachelor degree,standard,True,11.4,8.8,63.0,71.0,42.0,private,False,92.5,100.0,58.67,C,Pass
5675,female,group D,bachelor degree,free/reduced,False,14.5,9.0,59.0,75.0,73.0,public,True,76.0,100.0,69.0,C,Pass
5676,male,group E,some college,free/reduced,False,2.9,7.1,92.0,59.0,65.0,public,True,83.9,100.0,72.0,B,Pass
5677,female,group E,high school,standard,False,7.4,7.4,56.0,71.0,76.0,private,True,82.8,100.0,67.67,C,Pass
5678,female,group B,high school,free/reduced,False,11.2,5.8,72.0,52.0,61.0,public,True,86.4,100.0,61.67,C,Pass
5679,male,group A,bachelor degree,standard,True,8.5,7.9,100.0,72.0,80.0,public,True,90.4,100.0,84.0,B,Pass
5680,male,group B,master degree,free/reduced,False,5.9,8.5,66.0,98.0,71.0,public,True,83.7,100.0,78.33,B,Pass
5681,female,group B,high school,free/reduced,False,6.9,7.9,66.0,69.0,57.0,private,True,75.8,100.0,64.0,C,Pass
5682,female,group B,bachelor degree,standard,True,13.3,7.2,62.0,71.0,94.0,public,True,83.6,100.0,75.67,B,Pass
5683,female,group B,high school,standard,False,11.5,6.9,67.0,69.0,90.0,international,True,80.1,100.0,75.33,B,Pass
5684,female,group B,high school,free/reduced,True,11.8,4.0,88.0,71.0,77.0,public,True,86.6,100.0,78.67,B,Pass
5685,female,group C,associate degree,standard,False,10.3,4.1,45.0,89.0,93.0,public,True,82.4,100.0,75.67,B,Pass
5686,male,group B,bachelor degree,standard,True,7.8,8.7,67.0,84.0,78.0,private,True,78.1,100.0,76.33,B,Pass
5687,male,group D,high school,standard,False,12.7,7.2,65.0,68.0,82.0,public,True,89.9,100.0,71.67,B,Pass
5688,female,group C,associate degree,standard,True,9.6,7.2,80.0,57.0,82.0,public,True,81.7,100.0,73.0,B,Pass
5689,male,group E,bachelor degree,standard,False,17.2,6.6,52.0,82.0,81.0,public,True,77.3,100.0,71.67,B,Pass
5690,male,group C,high school,free/reduced,False,7.9,4.3,67.0,61.0,87.0,private,True,82.8,100.0,71.67,B,Pass
5691,male,group E,master degree,standard,False,9.6,6.8,74.0,84.0,76.0,public,True,86.5,100.0,78.0,B,Pass
5692,female,group A,some college,free/reduced,False,8.9,4.4,61.0,75.0,100.0,public,True,77.7,100.0,78.67,B,Pass
5693,female,group E,high school,standard,False,9.6,7.2,59.0,64.0,53.0,public,True,80.1,100.0,58.67,C,Pass
5694,male,group A,high school,standard,False,9.6,5.4,71.0,100.0,59.0,public,True,80.4,100.0,76.67,B,Pass
5695,male,group B,high school,standard,False,1.8,6.6,98.0,60.0,84.0,private,True,95.8,100.0,80.67,B,Pass
5696,female,group C,high school,standard,False,9.6,8.5,73.0,56.0,70.0,public,True,84.2,100.0,66.33,C,Pass
5697,female,group B,some college,free/reduced,True,15.3,6.0,75.0,40.0,67.0,public,True,77.3,100.0,60.67,C,Pass
5698,male,group B,high school,standard,False,14.4,6.8,61.0,85.0,94.0,public,True,83.3,100.0,80.0,B,Pass
5699,female,group C,some college,standard,False,9.6,5.4,92.0,75.0,71.0,public,True,86.1,100.0,79.33,B,Pass
5700,female,group C,some college,free/reduced,False,7.2,7.0,60.0,82.0,81.0,public,True,87.8,100.0,74.33,B,Pass
5701,male,group D,high school,standard,True,4.7,7.4,77.0,100.0,61.0,private,True,86.6,100.0,79.33,B,Pass
5702,male,group C,bachelor degree,standard,False,17.4,7.1,83.0,58.0,74.0,public,True,82.6,100.0,71.67,B,Pass
5703,male,group C,some college,standard,True,13.7,6.1,72.0,84.0,68.0,public,True,85.2,100.0,74.67,B,Pass
5704,male,group C,some college,standard,False,11.7,8.7,58.0,76.0,68.0,public,True,78.9,100.0,67.33,C,Pass
5705,male,group E,high school,standard,True,10.6,8.2,76.0,58.0,72.0,public,True,80.8,100.0,68.67,C,Pass
5706,male,group E,some college,standard,False,9.9,9.4,53.0,93.0,54.0,public,True,71.2,100.0,66.67,C,Pass
5707,female,group D,high school,free/reduced,False,0.0,7.2,61.0,83.0,59.0,public,True,86.9,100.0,67.67,C,Pass
5708,male,group A,associate degree,free/reduced,True,6.5,8.7,70.0,74.0,83.0,private,True,86.8,100.0,75.67,B,Pass
5709,male,group A,some college,standard,False,12.6,8.1,68.0,68.0,95.0,public,True,81.9,100.0,77.0,B,Pass
5710,female,group B,bachelor degree,free/reduced,True,12.6,8.4,37.0,77.0,59.0,public,True,87.6,100.0,57.67,C,Pass
5711,male,group C,high school,standard,True,9.6,5.6,82.0,89.0,64.0,public,True,86.8,100.0,78.33,B,Pass
5712,male,group D,bachelor degree,standard,False,10.1,7.6,44.0,100.0,71.0,public,True,78.5,100.0,71.67,B,Pass
5713,female,group C,bachelor degree,free/reduced,True,13.1,7.7,75.0,58.0,81.0,public,True,87.8,100.0,71.33,B,Pass
5714,female,group D,high school,free/reduced,True,12.3,6.7,60.0,89.0,78.0,public,True,87.3,100.0,75.67,B,Pass
5715,female,group A,bachelor degree,free/reduced,False,0.0,6.9,68.0,28.0,59.0,private,True,77.6,100.0,51.67,D,Pass
5716,female,group B,some college,standard,False,3.3,7.2,48.0,100.0,85.0,public,True,83.9,100.0,77.67,B,Pass
5717,male,group C,bachelor degree,free/reduced,False,10.3,7.5,90.0,58.0,61.0,public,True,85.1,100.0,69.67,C,Pass
5718,male,group D,bachelor degree,standard,False,5.1,6.0,64.0,84.0,63.0,public,True,81.8,100.0,70.33,B,Pass
5719,female,group C,some college,standard,False,9.6,8.2,71.0,79.0,55.0,public,True,85.1,100.0,68.33,C,Pass
5720,female,group C,high school,standard,True,13.1,6.9,89.0,66.0,83.0,private,False,77.2,100.0,79.33,B,Pass
5721,male,group E,high school,free/reduced,True,3.3,9.6,80.0,54.0,74.0,public,True,80.6,100.0,69.33,C,Pass
5722,male,group C,bachelor degree,standard,False,4.3,7.2,70.0,61.0,76.0,private,True,91.2,100.0,69.0,C,Pass
5723,male,group B,some college,free/reduced,False,17.2,9.0,65.0,95.0,68.0,public,True,81.6,100.0,76.0,B,Pass
5724,female,group B,bachelor degree,standard,False,11.8,7.8,83.0,61.0,73.0,public,True,80.9,100.0,72.33,B,Pass
5725,female,group B,associate degree,free/reduced,False,13.1,6.8,52.0,85.0,62.0,public,False,79.3,100.0,66.33,C,Pass
5726,male,group C,associate degree,standard,False,3.2,8.5,42.0,75.0,70.0,international,True,73.9,100.0,62.33,C,Pass
5727,male,group D,bachelor degree,standard,True,9.9,6.7,86.0,57.0,61.0,public,True,71.2,100.0,68.0,C,Pass
5728,female,group C,some college,free/reduced,False,10.3,6.8,63.0,54.0,64.0,private,True,78.0,100.0,60.33,C,Pass
5729,female,group A,some college,standard,False,11.9,7.4,69.0,43.0,36.0,public,True,75.4,100.0,49.33,D,Pass
5730,male,group E,high school,standard,True,9.6,9.1,73.0,69.0,61.0,public,True,81.8,100.0,67.67,C,Pass
5731,female,group B,high school,standard,False,16.9,7.3,42.0,78.0,67.0,private,True,79.2,100.0,62.33,C,Pass
5732,male,group D,high school,standard,False,10.9,7.0,94.0,73.0,79.0,private,True,88.0,100.0,82.0,B,Pass
5733,female,group B,some college,standard,False,0.0,6.4,66.0,100.0,58.0,public,True,90.0,100.0,74.67,B,Pass
5734,female,group D,associate degree,standard,False,8.3,8.4,78.0,54.0,70.0,international,True,81.0,100.0,67.33,C,Pass
5735,male,group C,high school,standard,False,6.3,6.8,50.0,56.0,98.0,public,True,79.3,100.0,68.0,C,Pass
5736,female,group E,some college,standard,True,14.9,4.5,56.0,49.0,78.0,private,True,78.0,100.0,61.0,C,Pass
5737,male,group E,high school,standard,False,9.6,7.2,70.0,69.0,57.0,private,True,84.0,100.0,65.33,C,Pass
5738,male,group D,bachelor degree,standard,True,5.1,7.2,49.0,81.0,100.0,public,True,92.7,100.0,76.67,B,Pass
5739,female,group A,some college,standard,True,17.2,6.2,55.0,70.0,89.0,public,True,80.4,100.0,71.33,B,Pass
5740,male,group D,master degree,standard,False,8.6,6.2,67.0,71.0,65.0,public,True,82.6,100.0,67.67,C,Pass
5741,male,group D,high school,standard,False,10.0,9.2,82.0,88.0,91.0,private,True,91.5,100.0,87.0,A,Pass
5742,female,group A,high school,standard,False,14.9,5.9,72.0,53.0,60.0,public,True,74.7,100.0,61.67,C,Pass
5743,male,group B,associate degree,standard,False,1.8,6.1,59.0,77.0,72.0,public,True,82.8,100.0,69.33,C,Pass
5744,female,group B,master degree,free/reduced,True,11.8,7.6,71.0,93.0,50.0,public,True,76.2,100.0,71.33,B,Pass
5745,male,group D,associate degree,free/reduced,False,5.6,7.6,96.0,80.0,52.0,public,True,76.6,100.0,76.0,B,Pass
5746,male,group B,high school,standard,False,8.6,7.9,77.0,71.0,62.0,public,True,84.8,100.0,70.0,B,Pass
5747,female,group C,some college,standard,True,9.6,7.1,70.0,58.0,49.0,private,True,76.7,100.0,59.0,C,Pass
5748,male,group D,some college,free/reduced,False,13.4,5.6,100.0,63.0,65.0,public,True,86.4,100.0,76.0,B,Pass
5749,male,group A,master degree,free/reduced,True,9.6,5.9,46.0,80.0,71.0,public,False,81.0,100.0,65.67,C,Pass
5750,female,group E,some college,free/reduced,True,12.0,8.0,62.0,80.0,89.0,public,True,80.9,100.0,77.0,B,Pass
5751,female,group A,high school,standard,True,5.3,7.8,82.0,76.0,69.0,public,True,85.0,100.0,75.67,B,Pass
5752,male,group A,high school,standard,False,9.3,7.9,88.0,77.0,90.0,public,True,82.8,100.0,85.0,A,Pass
5753,male,group D,bachelor degree,standard,False,11.9,5.8,72.0,66.0,91.0,public,True,92.5,100.0,76.33,B,Pass
5754,male,group C,high school,standard,True,14.2,5.6,88.0,85.0,91.0,public,True,83.4,100.0,88.0,A,Pass
5755,female,group E,bachelor degree,free/reduced,True,12.8,10.9,81.0,57.0,71.0,public,True,81.8,100.0,69.67,C,Pass
5756,female,group C,high school,standard,True,14.9,6.9,88.0,81.0,67.0,public,True,81.3,100.0,78.67,B,Pass
5757,female,group E,master degree,free/reduced,True,3.2,8.0,41.0,76.0,61.0,public,True,81.6,100.0,59.33,C,Pass
5758,female,group E,master degree,standard,True,7.3,6.3,75.0,59.0,65.0,public,True,79.9,100.0,66.33,C,Pass
5759,male,group B,high school,free/reduced,False,8.7,8.8,72.0,84.0,56.0,public,False,80.7,100.0,70.67,B,Pass
5760,male,group E,bachelor degree,standard,False,12.2,9.0,58.0,71.0,81.0,public,True,87.1,100.0,70.0,B,Pass
5761,female,group C,bachelor degree,free/reduced,False,8.0,7.9,67.0,55.0,83.0,public,True,82.5,100.0,68.33,C,Pass
5762,male,group E,bachelor degree,standard,False,14.6,6.4,85.0,65.0,77.0,public,True,87.8,100.0,75.67,B,Pass
5763,male,group C,bachelor degree,free/reduced,True,11.1,8.9,79.0,71.0,81.0,public,True,80.9,100.0,77.0,B,Pass
5764,male,group A,bachelor degree,standard,False,8.5,7.0,85.0,89.0,86.0,public,True,82.6,100.0,86.67,A,Pass
5765,female,group D,bachelor degree,standard,True,13.3,9.2,67.0,71.0,89.0,public,True,85.7,100.0,75.67,B,Pass
5766,female,group C,some college,standard,True,11.7,8.8,78.0,91.0,92.0,public,True,88.2,100.0,87.0,A,Pass
5767,male,group B,high school,free/reduced,False,14.8,7.8,62.0,68.0,85.0,international,True,86.8,100.0,71.67,B,Pass
5768,male,group E,some college,standard,True,17.0,9.6,59.0,56.0,41.0,public,True,75.4,100.0,52.0,D,Pass
5769,female,group E,associate degree,standard,False,16.4,5.3,53.0,58.0,70.0,public,True,80.2,100.0,60.33,C,Pass
5770,female,group C,high school,standard,True,2.6,5.9,62.0,56.0,79.0,public,True,73.1,100.0,65.67,C,Pass
5771,female,group C,high school,standard,False,9.6,6.9,61.0,48.0,69.0,public,True,88.2,100.0,59.33,C,Pass
5772,male,group C,master degree,standard,False,18.5,8.1,77.0,85.0,62.0,public,True,84.0,100.0,74.67,B,Pass
5773,female,group E,high school,standard,False,16.0,7.2,68.0,60.0,78.0,private,True,86.0,100.0,68.67,C,Pass
5774,male,group D,associate degree,free/reduced,True,7.9,9.4,65.0,92.0,94.0,public,True,84.3,100.0,83.67,B,Pass
5775,female,group E,bachelor degree,free/reduced,True,7.5,8.1,86.0,68.0,92.0,public,True,89.3,100.0,82.0,B,Pass
5776,female,group A,bachelor degree,standard,True,12.6,7.2,82.0,61.0,80.0,public,False,78.2,100.0,74.33,B,Pass
5777,female,group B,high school,standard,True,16.3,4.7,100.0,51.0,77.0,private,True,87.7,100.0,76.0,B,Pass
5778,male,group B,high school,standard,True,8.6,7.2,66.0,91.0,63.0,international,True,82.6,100.0,73.33,B,Pass
5779,female,group D,high school,standard,True,0.3,7.3,100.0,61.0,81.0,public,True,87.4,100.0,80.67,B,Pass
5780,male,group C,some college,free/reduced,True,18.2,8.4,62.0,59.0,68.0,private,True,83.7,100.0,63.0,C,Pass
5781,female,group C,associate degree,standard,True,3.2,5.0,72.0,75.0,81.0,public,True,79.2,100.0,76.0,B,Pass
5782,female,group E,high school,standard,False,12.2,6.2,65.0,76.0,69.0,public,True,79.6,100.0,70.0,B,Pass
5783,male,group B,high school,free/reduced,False,12.1,7.2,81.0,71.0,62.0,private,True,85.7,100.0,71.33,B,Pass
5784,female,group E,high school,standard,False,17.1,8.2,50.0,77.0,79.0,public,False,93.0,100.0,68.67,C,Pass
5785,male,group D,high school,standard,False,2.9,8.9,67.0,72.0,71.0,public,True,82.3,100.0,70.0,B,Pass
5786,male,group C,associate degree,free/reduced,False,1.5,9.2,72.0,79.0,88.0,public,True,89.8,100.0,79.67,B,Pass
5787,female,group C,bachelor degree,standard,False,5.5,5.3,55.0,62.0,66.0,public,True,78.9,100.0,61.0,C,Pass
5788,female,group D,high school,standard,False,9.3,7.2,47.0,71.0,90.0,private,True,92.3,100.0,69.33,C,Pass
5789,male,group C,bachelor degree,standard,False,13.7,8.2,49.0,30.0,70.0,public,True,66.1,100.0,49.67,D,Pass
5790,male,group B,master degree,free/reduced,False,12.9,9.2,91.0,64.0,73.0,public,True,85.9,100.0,76.0,B,Pass
5791,female,group B,high school,standard,False,6.6,7.1,72.0,76.0,69.0,public,True,75.8,100.0,72.33,B,Pass
5792,female,group C,high school,standard,False,8.3,6.6,56.0,85.0,100.0,private,False,74.6,100.0,80.33,B,Pass
5793,female,group D,some college,standard,True,9.8,7.5,64.0,68.0,60.0,international,True,82.1,100.0,64.0,C,Pass
5794,female,group B,high school,standard,False,9.6,5.9,60.0,79.0,33.0,international,True,78.6,100.0,57.33,C,Pass
5795,female,group C,associate degree,standard,True,21.5,5.9,83.0,72.0,78.0,international,True,84.6,100.0,77.67,B,Pass
5796,female,group E,some college,standard,True,11.9,5.2,70.0,80.0,81.0,public,True,85.3,100.0,77.0,B,Pass
5797,female,group D,master degree,free/reduced,True,10.5,10.1,57.0,82.0,71.0,private,True,98.5,100.0,70.0,B,Pass
5798,female,group B,high school,standard,False,9.9,5.9,74.0,71.0,83.0,public,True,84.0,100.0,76.0,B,Pass
5799,male,group E,high school,free/reduced,True,2.7,7.8,26.0,84.0,91.0,international,True,84.4,100.0,67.0,C,Pass
5800,male,group D,high school,standard,False,7.7,8.5,97.0,61.0,84.0,private,True,84.0,100.0,80.67,B,Pass
5801,female,group C,associate degree,standard,False,18.0,7.9,26.0,73.0,52.0,private,True,76.6,100.0,50.33,D,Pass
5802,male,group E,bachelor degree,free/reduced,True,5.2,8.2,60.0,72.0,74.0,public,True,81.3,100.0,68.67,C,Pass
5803,female,group C,high school,free/reduced,True,6.8,7.4,52.0,99.0,77.0,public,True,83.3,100.0,76.0,B,Pass
5804,male,group A,high school,free/reduced,False,8.6,4.3,87.0,98.0,75.0,public,True,98.8,100.0,86.67,A,Pass
5805,male,group A,some college,standard,False,5.7,5.8,51.0,58.0,75.0,private,True,85.4,100.0,61.33,C,Pass
5806,female,group A,associate degree,standard,True,9.5,3.8,69.0,68.0,69.0,public,True,83.2,100.0,68.67,C,Pass
5807,male,group B,bachelor degree,free/reduced,True,13.0,6.7,91.0,71.0,83.0,public,True,76.0,100.0,81.67,B,Pass
5808,male,group A,some college,standard,False,4.4,7.3,87.0,82.0,58.0,public,True,83.5,100.0,75.67,B,Pass
5809,female,group A,associate degree,free/reduced,True,2.2,7.5,53.0,81.0,61.0,public,True,94.5,100.0,65.0,C,Pass
5810,male,group B,high school,free/reduced,True,5.2,5.9,83.0,66.0,81.0,public,False,84.5,100.0,76.67,B,Pass
5811,female,group E,bachelor degree,free/reduced,True,10.7,8.2,89.0,71.0,68.0,public,True,90.8,100.0,76.0,B,Pass
5812,male,group B,bachelor degree,standard,False,4.9,6.9,77.0,72.0,85.0,private,True,93.4,100.0,78.0,B,Pass
5813,male,group A,some college,standard,False,4.1,7.2,61.0,68.0,76.0,public,True,83.4,100.0,68.33,C,Pass
5814,male,group D,master degree,free/reduced,False,8.5,7.2,65.0,100.0,78.0,public,True,83.2,100.0,81.0,B,Pass
5815,female,group C,high school,standard,False,0.1,6.2,72.0,68.0,87.0,public,False,73.1,100.0,75.67,B,Pass
5816,female,group A,some college,standard,True,0.0,7.0,69.0,73.0,72.0,public,True,87.0,100.0,71.33,B,Pass
5817,male,group D,high school,standard,True,7.5,9.2,79.0,71.0,94.0,public,False,83.5,100.0,81.33,B,Pass
5818,male,group C,some college,standard,False,8.2,9.0,81.0,71.0,75.0,public,True,86.1,100.0,75.67,B,Pass
5819,female,group A,some college,free/reduced,True,4.7,4.6,73.0,70.0,74.0,public,True,77.7,100.0,72.33,B,Pass
5820,male,group E,high school,standard,False,8.2,7.9,64.0,70.0,58.0,public,True,79.3,100.0,64.0,C,Pass
5821,female,group A,associate degree,free/reduced,False,13.6,8.0,72.0,69.0,90.0,public,True,86.0,100.0,77.0,B,Pass
5822,female,group D,high school,free/reduced,True,5.1,6.6,44.0,54.0,46.0,public,True,75.5,100.0,48.0,D,Pass
5823,female,group E,bachelor degree,standard,False,6.9,6.8,63.0,79.0,71.0,public,True,77.8,100.0,71.0,B,Pass
5824,female,group A,high school,free/reduced,True,11.8,7.4,94.0,51.0,80.0,public,True,91.0,100.0,75.0,B,Pass
5825,female,group D,master degree,free/reduced,False,11.6,6.8,91.0,72.0,85.0,private,True,85.1,100.0,82.67,B,Pass
5826,male,group E,high school,standard,False,11.9,7.0,52.0,96.0,62.0,public,True,74.6,100.0,70.0,B,Pass
5827,male,group E,bachelor degree,standard,True,9.6,6.2,61.0,100.0,86.0,public,True,87.4,100.0,82.33,B,Pass
5828,female,group E,associate degree,standard,False,9.6,6.2,72.0,69.0,62.0,private,False,82.2,100.0,67.67,C,Pass
5829,female,group D,bachelor degree,free/reduced,True,16.1,9.7,58.0,90.0,94.0,private,True,88.1,100.0,80.67,B,Pass
5830,male,group E,associate degree,standard,False,9.8,6.7,49.0,54.0,46.0,private,False,81.7,100.0,49.67,D,Pass
5831,male,group B,associate degree,free/reduced,False,9.6,7.2,66.0,85.0,86.0,public,True,85.4,100.0,79.0,B,Pass
5832,male,group C,high school,standard,False,7.7,6.0,72.0,60.0,50.0,public,False,78.7,100.0,60.67,C,Pass
5833,male,group C,bachelor degree,standard,False,12.4,7.4,76.0,81.0,82.0,public,True,81.4,100.0,79.67,B,Pass
5834,male,group B,bachelor degree,standard,True,7.5,7.8,38.0,62.0,71.0,public,True,81.9,100.0,57.0,C,Pass
5835,male,group C,some college,free/reduced,False,2.9,8.3,51.0,60.0,74.0,public,True,80.6,100.0,61.67,C,Pass
5836,male,group B,associate degree,standard,True,4.5,6.1,47.0,66.0,81.0,public,True,78.8,100.0,64.67,C,Pass
5837,female,group B,some college,standard,True,18.0,5.2,66.0,79.0,86.0,public,True,76.3,100.0,77.0,B,Pass
5838,male,group C,high school,standard,False,7.0,8.8,49.0,59.0,75.0,public,True,86.6,100.0,61.0,C,Pass
5839,female,group E,bachelor degree,standard,False,7.6,7.2,72.0,95.0,64.0,private,True,79.7,100.0,77.0,B,Pass
5840,male,group B,associate degree,free/reduced,True,9.6,8.0,48.0,77.0,55.0,private,True,76.0,100.0,60.0,C,Pass
5841,female,group E,master degree,standard,True,10.5,7.5,69.0,21.0,77.0,public,True,79.1,100.0,55.67,C,Pass
5842,male,group C,high school,standard,False,7.7,7.5,65.0,64.0,72.0,international,True,75.8,100.0,67.0,C,Pass
5843,male,group E,master degree,free/reduced,False,9.6,8.5,70.0,71.0,58.0,public,False,73.9,100.0,66.33,C,Pass
5844,female,group C,high school,free/reduced,True,9.6,6.8,58.0,44.0,100.0,public,True,71.3,100.0,67.33,C,Pass
5845,male,group C,bachelor degree,standard,False,7.0,9.9,73.0,77.0,81.0,public,True,89.4,100.0,77.0,B,Pass
5846,female,group D,high school,free/reduced,False,4.8,9.1,49.0,85.0,52.0,public,True,77.1,100.0,62.0,C,Pass
5847,male,group E,bachelor degree,standard,True,13.2,9.0,82.0,57.0,76.0,public,True,98.3,100.0,71.67,B,Pass
5848,female,group D,some college,standard,True,9.6,6.0,76.0,72.0,83.0,international,True,80.8,100.0,77.0,B,Pass
5849,male,group E,high school,standard,False,14.3,7.3,74.0,71.0,66.0,public,True,78.4,100.0,70.33,B,Pass
5850,female,group A,master degree,standard,False,11.3,8.8,73.0,78.0,85.0,public,True,83.6,100.0,78.67,B,Pass
5851,male,group B,bachelor degree,standard,False,8.6,9.3,87.0,71.0,81.0,private,True,87.9,100.0,79.67,B,Pass
5852,female,group A,some college,standard,False,8.6,6.2,79.0,81.0,55.0,public,True,81.3,100.0,71.67,B,Pass
5853,female,group A,some college,free/reduced,False,0.0,8.5,54.0,53.0,86.0,public,True,83.8,100.0,64.33,C,Pass
5854,female,group E,bachelor degree,free/reduced,True,2.1,10.1,76.0,75.0,49.0,public,True,76.8,100.0,66.67,C,Pass
5855,female,group E,high school,free/reduced,False,11.7,5.8,71.0,69.0,67.0,public,True,75.7,100.0,69.0,C,Pass
5856,female,group B,associate degree,free/reduced,True,7.2,6.9,92.0,86.0,71.0,public,True,79.1,100.0,83.0,B,Pass
5857,female,group A,associate degree,standard,False,17.5,7.5,90.0,83.0,54.0,public,False,74.1,100.0,75.67,B,Pass
5858,female,group B,associate degree,free/reduced,False,10.2,9.1,54.0,72.0,60.0,private,True,77.2,100.0,62.0,C,Pass
5859,female,group E,associate degree,free/reduced,True,9.6,6.9,53.0,100.0,61.0,public,True,82.0,100.0,71.33,B,Pass
5860,male,group B,bachelor degree,free/reduced,False,9.6,7.8,73.0,85.0,70.0,public,True,82.2,100.0,76.0,B,Pass
5861,male,group D,some college,standard,False,16.2,6.2,41.0,72.0,74.0,public,True,86.2,100.0,62.33,C,Pass
5862,male,group D,some college,free/reduced,False,13.1,7.2,45.0,71.0,80.0,public,True,87.3,100.0,65.33,C,Pass
5863,male,group B,high school,standard,True,15.2,7.6,65.0,55.0,81.0,public,True,80.1,100.0,67.0,C,Pass
5864,female,group B,high school,standard,True,12.6,7.0,81.0,100.0,71.0,public,True,79.5,100.0,84.0,B,Pass
5865,female,group D,high school,standard,False,3.6,8.3,56.0,67.0,80.0,public,True,79.2,100.0,67.67,C,Pass
5866,female,group C,high school,standard,False,9.0,8.2,71.0,62.0,51.0,international,True,76.5,100.0,61.33,C,Pass
5867,female,group E,high school,standard,False,10.7,5.6,91.0,69.0,75.0,public,False,83.0,100.0,78.33,B,Pass
5868,female,group D,bachelor degree,standard,True,17.3,8.6,84.0,72.0,67.0,international,False,81.2,100.0,74.33,B,Pass
5869,female,group B,high school,standard,True,7.5,4.7,36.0,62.0,66.0,public,True,73.6,100.0,54.67,D,Pass
5870,male,group B,high school,free/reduced,False,0.0,5.6,37.0,79.0,70.0,public,True,77.9,100.0,62.0,C,Pass
5871,male,group B,associate degree,standard,False,9.6,5.3,88.0,60.0,44.0,public,True,77.4,100.0,64.0,C,Pass
5872,female,group A,high school,free/reduced,False,9.5,8.9,81.0,71.0,68.0,public,True,85.4,100.0,73.33,B,Pass
5873,female,group C,some college,standard,False,11.9,7.2,88.0,81.0,75.0,international,False,89.3,100.0,81.33,B,Pass
5874,male,group B,associate degree,standard,True,12.3,7.7,76.0,42.0,72.0,public,False,75.8,100.0,63.33,C,Pass
5875,male,group B,associate degree,standard,False,0.0,6.9,54.0,62.0,72.0,public,True,86.4,100.0,62.67,C,Pass
5876,male,group D,bachelor degree,free/reduced,False,9.6,6.3,53.0,57.0,66.0,public,True,73.6,100.0,58.67,C,Pass
5877,female,group A,associate degree,free/reduced,False,15.2,9.1,50.0,53.0,95.0,private,True,73.3,100.0,66.0,C,Pass
5878,male,group E,some college,standard,True,8.3,7.8,65.0,71.0,75.0,public,True,84.9,100.0,70.33,B,Pass
5879,male,group B,bachelor degree,standard,False,6.2,7.9,66.0,67.0,97.0,public,True,81.6,100.0,76.67,B,Pass
5880,female,group C,master degree,standard,False,5.6,8.9,72.0,90.0,61.0,public,False,86.3,100.0,74.33,B,Pass
5881,female,group C,some college,free/reduced,False,9.6,4.7,37.0,47.0,58.0,private,True,61.9,100.0,47.33,D,Pass
5882,male,group D,high school,standard,False,5.2,5.9,65.0,91.0,71.0,private,True,92.1,100.0,75.67,B,Pass
5883,male,group D,associate degree,standard,False,17.7,7.1,42.0,93.0,66.0,public,True,85.2,100.0,67.0,C,Pass
5884,female,group E,high school,standard,False,12.1,8.8,62.0,78.0,50.0,private,True,72.8,100.0,63.33,C,Pass
5885,female,group E,associate degree,standard,True,2.3,4.9,71.0,78.0,100.0,international,True,80.8,100.0,83.0,B,Pass
5886,female,group A,associate degree,standard,False,2.8,8.1,83.0,77.0,78.0,international,True,95.1,100.0,79.33,B,Pass
5887,male,group D,some college,standard,False,3.4,8.4,92.0,71.0,73.0,public,True,82.8,100.0,78.67,B,Pass
5888,female,group B,high school,standard,False,12.5,7.3,78.0,59.0,67.0,public,True,78.0,100.0,68.0,C,Pass
5889,female,group B,high school,standard,True,6.2,7.6,80.0,100.0,77.0,public,False,77.9,100.0,85.67,A,Pass
5890,male,group D,associate degree,standard,False,11.6,7.2,73.0,61.0,85.0,private,True,82.4,100.0,73.0,B,Pass
5891,female,group E,master degree,free/reduced,False,8.5,6.8,93.0,50.0,85.0,public,False,84.3,100.0,76.0,B,Pass
5892,male,group C,associate degree,standard,True,7.4,8.4,97.0,47.0,99.0,private,True,91.0,100.0,81.0,B,Pass
5893,female,group E,bachelor degree,standard,True,8.5,7.7,48.0,71.0,59.0,public,True,71.6,100.0,59.33,C,Pass
5894,male,group D,some college,free/reduced,False,8.1,8.2,67.0,62.0,74.0,public,True,74.5,100.0,67.67,C,Pass
5895,female,group D,bachelor degree,standard,True,8.2,7.2,60.0,71.0,74.0,private,True,84.5,100.0,68.33,C,Pass
5896,male,group D,some college,free/reduced,False,14.8,6.5,73.0,60.0,60.0,private,True,85.8,100.0,64.33,C,Pass
5897,female,group D,high school,free/reduced,False,15.4,8.7,73.0,96.0,99.0,private,False,82.9,100.0,89.33,A,Pass
5898,male,group D,master degree,standard,False,9.9,8.2,78.0,92.0,99.0,private,True,96.3,100.0,89.67,A,Pass
5899,female,group D,some college,free/reduced,False,4.8,9.0,38.0,68.0,54.0,international,True,76.5,100.0,53.33,D,Pass
5900,female,group E,high school,standard,False,9.6,5.7,80.0,60.0,83.0,public,False,90.2,100.0,74.33,B,Pass
5901,male,group B,bachelor degree,standard,False,13.9,6.2,64.0,89.0,78.0,international,True,85.4,100.0,77.0,B,Pass
5902,male,group B,high school,standard,False,22.6,7.2,76.0,61.0,84.0,private,True,71.9,100.0,73.67,B,Pass
5903,male,group C,high school,standard,False,14.2,9.6,75.0,58.0,63.0,international,True,80.4,100.0,65.33,C,Pass
5904,male,group C,bachelor degree,free/reduced,False,9.5,6.1,62.0,60.0,59.0,public,False,84.4,100.0,60.33,C,Pass
5905,female,group B,high school,standard,False,1.6,7.5,58.0,72.0,82.0,public,True,78.8,100.0,70.67,B,Pass
5906,male,group E,some college,standard,False,12.0,6.5,75.0,56.0,45.0,public,True,76.5,100.0,58.67,C,Pass
5907,female,group E,high school,standard,True,7.1,7.9,65.0,67.0,79.0,public,True,82.3,100.0,70.33,B,Pass
5908,male,group E,high school,free/reduced,True,12.4,5.7,67.0,52.0,73.0,private,True,66.1,100.0,64.0,C,Pass
5909,male,group D,bachelor degree,standard,True,6.2,6.4,79.0,77.0,70.0,private,True,93.5,100.0,75.33,B,Pass
5910,male,group C,associate degree,standard,True,9.6,5.5,59.0,57.0,71.0,public,True,75.3,100.0,62.33,C,Pass
5911,female,group A,bachelor degree,free/reduced,False,7.1,6.5,38.0,69.0,93.0,public,True,84.2,100.0,66.67,C,Pass
5912,male,group D,high school,free/reduced,False,7.9,7.2,43.0,64.0,84.0,public,True,80.0,100.0,63.67,C,Pass
5913,male,group C,some college,standard,False,6.0,5.8,100.0,79.0,63.0,public,True,93.6,100.0,80.67,B,Pass
5914,female,group B,some college,standard,True,6.1,7.8,53.0,84.0,82.0,private,True,86.2,100.0,73.0,B,Pass
5915,female,group C,high school,free/reduced,False,9.0,7.4,74.0,71.0,71.0,public,True,82.4,100.0,72.0,B,Pass
5916,male,group A,some college,standard,False,11.8,8.0,63.0,60.0,57.0,public,True,74.5,100.0,60.0,C,Pass
5917,male,group C,high school,standard,False,15.0,7.9,66.0,72.0,82.0,public,True,88.3,100.0,73.33,B,Pass
5918,male,group E,master degree,standard,False,5.6,8.2,90.0,59.0,71.0,public,True,74.8,100.0,73.33,B,Pass
5919,male,group A,high school,standard,False,17.0,6.9,62.0,71.0,53.0,public,True,82.9,100.0,62.0,C,Pass
5920,female,group C,high school,free/reduced,True,11.1,7.4,55.0,55.0,46.0,public,True,70.3,100.0,52.0,D,Pass
5921,male,group E,associate degree,standard,False,10.5,7.3,54.0,80.0,68.0,public,True,88.2,100.0,67.33,C,Pass
5922,female,group B,some college,standard,True,5.1,5.0,78.0,77.0,65.0,private,True,85.1,100.0,73.33,B,Pass
5923,male,group D,master degree,standard,False,7.5,7.2,53.0,65.0,71.0,international,True,83.3,100.0,63.0,C,Pass
5924,male,group D,associate degree,standard,False,13.7,6.0,43.0,57.0,92.0,public,True,81.0,100.0,64.0,C,Pass
5925,female,group C,bachelor degree,standard,False,9.6,8.2,74.0,80.0,83.0,public,True,77.8,100.0,79.0,B,Pass
5926,male,group B,some college,standard,True,6.1,8.0,74.0,91.0,58.0,private,True,80.4,100.0,74.33,B,Pass
5927,female,group C,some college,standard,False,6.2,8.6,74.0,93.0,64.0,public,False,89.2,100.0,77.0,B,Pass
5928,male,group A,some college,free/reduced,True,7.4,4.7,74.0,55.0,60.0,international,True,81.0,100.0,63.0,C,Pass
5929,male,group E,bachelor degree,free/reduced,True,9.0,6.8,32.0,87.0,73.0,public,True,86.5,100.0,64.0,C,Pass
5930,male,group D,high school,free/reduced,False,13.1,10.4,83.0,86.0,66.0,public,True,88.3,100.0,78.33,B,Pass
5931,female,group D,some college,standard,False,12.5,5.4,53.0,80.0,80.0,private,True,78.6,100.0,71.0,B,Pass
5932,female,group D,associate degree,free/reduced,True,11.0,6.9,68.0,50.0,81.0,public,True,77.6,100.0,66.33,C,Pass
5933,female,group D,associate degree,free/reduced,False,6.8,8.6,89.0,72.0,83.0,public,True,88.0,100.0,81.33,B,Pass
5934,male,group A,some college,standard,True,10.6,6.3,84.0,51.0,73.0,public,True,71.2,100.0,69.33,C,Pass
5935,male,group B,some college,standard,False,6.4,6.5,68.0,62.0,98.0,private,True,93.8,100.0,76.0,B,Pass
5936,female,group B,some college,standard,False,3.8,6.8,82.0,80.0,68.0,public,True,87.9,100.0,76.67,B,Pass
5937,male,group D,associate degree,standard,True,11.0,6.9,45.0,82.0,100.0,public,False,91.4,100.0,75.67,B,Pass
5938,female,group E,bachelor degree,free/reduced,False,12.6,8.1,88.0,97.0,60.0,public,True,79.8,100.0,81.67,B,Pass
5939,female,group B,some college,standard,False,10.3,6.7,66.0,57.0,100.0,public,True,91.0,100.0,74.33,B,Pass
5940,female,group D,bachelor degree,standard,True,14.0,6.0,51.0,60.0,73.0,public,True,90.7,100.0,61.33,C,Pass
5941,female,group B,high school,standard,False,12.6,4.5,66.0,86.0,71.0,public,True,78.0,100.0,74.33,B,Pass
5942,female,group D,bachelor degree,free/reduced,False,9.9,6.0,76.0,59.0,51.0,public,True,83.7,100.0,62.0,C,Pass
5943,male,group C,high school,standard,False,10.2,6.7,70.0,74.0,67.0,public,True,83.1,100.0,70.33,B,Pass
5944,male,group C,associate degree,free/reduced,True,9.4,6.6,84.0,61.0,71.0,public,True,75.9,100.0,72.0,B,Pass
5945,female,group A,master degree,standard,True,0.0,7.3,54.0,82.0,58.0,public,True,83.3,100.0,64.67,C,Pass
5946,male,group A,some college,free/reduced,True,6.6,7.1,68.0,100.0,66.0,public,True,90.4,100.0,78.0,B,Pass
5947,male,group E,high school,standard,True,8.1,5.7,62.0,42.0,68.0,public,True,74.9,100.0,57.33,C,Pass
5948,female,group B,bachelor degree,free/reduced,True,5.0,7.3,78.0,71.0,73.0,public,True,90.3,100.0,74.0,B,Pass
5949,male,group B,some college,standard,True,9.8,9.1,71.0,65.0,75.0,public,True,74.8,100.0,70.33,B,Pass
5950,female,group E,high school,free/reduced,True,8.9,6.6,63.0,73.0,42.0,public,True,71.3,100.0,59.33,C,Pass
5951,female,group A,master degree,standard,False,15.5,5.6,72.0,52.0,71.0,international,True,81.5,100.0,65.0,C,Pass
5952,female,group D,master degree,standard,False,11.4,9.4,50.0,77.0,57.0,private,True,79.7,100.0,61.33,C,Pass
5953,male,group C,high school,free/reduced,True,11.0,4.3,64.0,81.0,87.0,public,True,82.4,100.0,77.33,B,Pass
5954,male,group E,high school,free/reduced,False,14.8,9.0,60.0,60.0,51.0,public,True,81.8,100.0,57.0,C,Pass
5955,male,group A,some college,standard,False,9.6,7.9,75.0,79.0,79.0,public,True,88.7,100.0,77.67,B,Pass
5956,female,group B,some college,free/reduced,False,9.8,8.8,81.0,71.0,66.0,public,True,88.2,100.0,72.67,B,Pass
5957,male,group B,master degree,standard,False,16.8,7.3,80.0,79.0,71.0,international,True,85.1,100.0,76.67,B,Pass
5958,male,group E,bachelor degree,standard,True,9.4,4.8,40.0,61.0,89.0,public,True,83.3,100.0,63.33,C,Pass
5959,male,group C,high school,free/reduced,True,10.8,8.4,60.0,68.0,57.0,public,True,77.4,100.0,61.67,C,Pass
5960,female,group C,high school,standard,False,6.3,7.5,57.0,48.0,72.0,public,False,88.9,100.0,59.0,C,Pass
5961,male,group D,some college,standard,True,9.2,7.7,66.0,56.0,77.0,public,True,77.5,100.0,66.33,C,Pass
5962,male,group E,high school,standard,True,8.6,7.2,74.0,71.0,61.0,public,True,92.9,100.0,68.67,C,Pass
5963,female,group C,bachelor degree,standard,False,5.9,7.4,89.0,67.0,57.0,public,False,83.6,100.0,71.0,B,Pass
5964,male,group B,associate degree,standard,True,0.1,8.7,58.0,65.0,76.0,international,True,74.7,100.0,66.33,C,Pass
5965,male,group A,some college,standard,False,20.5,7.7,80.0,57.0,72.0,public,True,89.7,100.0,69.67,C,Pass
5966,male,group E,some college,standard,True,11.3,7.4,68.0,57.0,85.0,private,True,83.6,100.0,70.0,B,Pass
5967,female,group C,high school,standard,True,11.5,8.9,74.0,79.0,77.0,international,False,89.9,100.0,76.67,B,Pass
5968,male,group D,some college,standard,True,9.6,6.7,57.0,91.0,71.0,public,False,90.3,100.0,73.0,B,Pass
5969,female,group C,some college,standard,False,15.7,6.4,40.0,75.0,69.0,public,True,81.2,100.0,61.33,C,Pass
5970,female,group B,high school,standard,False,1.0,6.8,71.0,53.0,65.0,private,True,77.2,100.0,63.0,C,Pass
5971,male,group A,high school,free/reduced,True,4.4,5.4,82.0,70.0,55.0,public,False,87.5,100.0,69.0,C,Pass
5972,female,group E,associate degree,standard,True,18.1,8.9,79.0,87.0,60.0,public,True,85.1,100.0,75.33,B,Pass
5973,female,group D,high school,standard,False,13.7,5.4,73.0,97.0,72.0,public,True,90.7,100.0,80.67,B,Pass
5974,female,group D,associate degree,standard,True,5.4,8.2,67.0,56.0,65.0,public,False,69.3,100.0,62.67,C,Pass
5975,female,group E,bachelor degree,standard,False,4.3,8.7,52.0,60.0,49.0,public,True,78.7,100.0,53.67,D,Pass
5976,male,group A,master degree,free/reduced,False,1.1,7.2,63.0,73.0,84.0,private,True,81.1,100.0,73.33,B,Pass
5977,female,group C,associate degree,standard,True,10.3,5.7,57.0,62.0,66.0,public,True,87.9,100.0,61.67,C,Pass
5978,female,group E,high school,standard,False,9.6,7.4,72.0,28.0,75.0,public,True,81.4,100.0,58.33,C,Pass
5979,male,group D,high school,standard,False,9.6,6.2,92.0,48.0,57.0,public,True,82.5,100.0,65.67,C,Pass
5980,male,group A,bachelor degree,standard,True,18.0,4.1,66.0,90.0,69.0,public,True,87.4,100.0,75.0,B,Pass
5981,male,group C,high school,standard,True,6.2,7.7,73.0,81.0,73.0,public,True,80.3,100.0,75.67,B,Pass
5982,male,group E,high school,free/reduced,False,3.6,8.0,72.0,75.0,52.0,public,True,89.6,100.0,66.33,C,Pass
5983,male,group D,associate degree,standard,True,1.3,5.4,86.0,71.0,59.0,public,True,93.8,100.0,72.0,B,Pass
5984,male,group B,master degree,free/reduced,True,14.8,7.7,90.0,66.0,79.0,public,True,88.3,100.0,78.33,B,Pass
5985,female,group C,high school,free/reduced,True,6.6,7.7,100.0,96.0,48.0,public,True,95.5,100.0,81.33,B,Pass
5986,male,group B,some college,free/reduced,False,6.3,8.0,100.0,58.0,51.0,public,True,80.0,100.0,69.67,C,Pass
5987,female,group D,bachelor degree,standard,False,11.8,8.5,52.0,70.0,53.0,public,True,74.3,100.0,58.33,C,Pass
5988,male,group D,some college,standard,False,10.1,3.6,78.0,63.0,69.0,public,True,83.2,100.0,70.0,B,Pass
5989,female,group B,associate degree,standard,False,3.1,8.2,83.0,71.0,73.0,private,False,87.4,100.0,75.67,B,Pass
5990,female,group A,high school,free/reduced,False,10.1,10.1,48.0,55.0,77.0,public,True,77.0,100.0,60.0,C,Pass
5991,male,group B,some college,standard,False,9.8,6.6,80.0,70.0,76.0,public,True,87.8,100.0,75.33,B,Pass
5992,female,group E,high school,standard,False,21.5,8.1,67.0,81.0,86.0,international,False,87.7,100.0,78.0,B,Pass
5993,male,group C,some college,standard,True,13.7,9.2,82.0,71.0,68.0,public,True,79.3,100.0,73.67,B,Pass
5994,male,group C,bachelor degree,standard,False,19.1,6.3,66.0,47.0,98.0,public,True,85.7,100.0,70.33,B,Pass
5995,female,group E,high school,standard,True,6.7,7.8,91.0,71.0,78.0,public,True,91.2,100.0,80.0,B,Pass
5996,male,group B,associate degree,standard,True,9.6,7.1,62.0,83.0,71.0,private,True,84.5,100.0,72.0,B,Pass
5997,female,group D,bachelor degree,free/reduced,False,15.2,6.2,53.0,74.0,90.0,private,True,89.7,100.0,72.33,B,Pass
5998,male,group C,bachelor degree,standard,True,0.0,10.0,60.0,82.0,73.0,private,False,77.6,100.0,71.67,B,Pass
5999,female,group B,high school,standard,True,6.0,7.2,76.0,71.0,65.0,public,True,85.5,100.0,70.67,B,Pass
6000,male,group D,some college,standard,True,7.9,7.6,54.0,90.0,75.0,public,True,78.3,100.0,73.0,B,Pass
6001,female,group A,bachelor degree,standard,False,13.5,8.7,78.0,71.0,76.0,public,True,79.3,100.0,75.0,B,Pass
6002,male,group D,high school,standard,False,11.5,5.5,73.0,51.0,55.0,public,True,75.7,100.0,59.67,C,Pass
6003,female,group A,bachelor degree,standard,False,9.6,7.4,83.0,53.0,82.0,public,False,79.4,100.0,72.67,B,Pass
6004,female,group A,associate degree,standard,False,14.3,5.0,68.0,99.0,84.0,public,True,85.7,100.0,83.67,B,Pass
6005,male,group B,bachelor degree,standard,False,9.4,9.2,71.0,79.0,75.0,public,True,83.9,100.0,75.0,B,Pass
6006,male,group C,master degree,standard,False,9.6,4.7,68.0,64.0,83.0,public,True,87.9,100.0,71.67,B,Pass
6007,female,group D,some college,standard,False,9.1,8.3,85.0,93.0,53.0,public,True,84.2,100.0,77.0,B,Pass
6008,male,group A,some college,standard,False,10.0,5.2,44.0,64.0,82.0,public,True,72.4,100.0,63.33,C,Pass
6009,female,group C,some college,standard,False,4.1,7.4,94.0,56.0,80.0,public,True,91.4,100.0,76.67,B,Pass
6010,female,group A,some college,standard,True,8.8,6.5,84.0,73.0,76.0,international,True,81.9,100.0,77.67,B,Pass
6011,female,group C,high school,free/reduced,True,9.7,5.5,94.0,73.0,57.0,public,False,84.6,100.0,74.67,B,Pass
6012,male,group B,high school,standard,False,6.0,6.5,92.0,54.0,79.0,public,True,87.2,100.0,75.0,B,Pass
6013,female,group A,some college,standard,True,9.9,7.2,78.0,65.0,28.0,public,True,78.8,100.0,57.0,C,Pass
6014,female,group C,some college,free/reduced,True,14.1,7.0,63.0,78.0,76.0,private,True,89.4,100.0,72.33,B,Pass
6015,male,group E,high school,free/reduced,False,10.7,7.9,58.0,94.0,61.0,private,True,85.8,100.0,71.0,B,Pass
6016,female,group D,associate degree,standard,True,14.3,8.3,56.0,66.0,72.0,public,True,76.6,100.0,64.67,C,Pass
6017,female,group E,master degree,standard,False,14.7,8.1,70.0,69.0,86.0,public,True,95.9,100.0,75.0,B,Pass
6018,female,group D,high school,standard,True,9.6,7.4,67.0,81.0,82.0,public,True,86.6,100.0,76.67,B,Pass
6019,male,group A,high school,free/reduced,False,8.1,7.1,39.0,87.0,67.0,public,True,80.0,100.0,64.33,C,Pass
6020,male,group B,some college,standard,False,7.4,7.7,74.0,46.0,64.0,public,False,84.4,100.0,61.33,C,Pass
6021,female,group B,high school,standard,False,4.4,7.3,57.0,67.0,87.0,public,True,84.4,100.0,70.33,B,Pass
6022,female,group B,bachelor degree,standard,True,9.5,6.7,34.0,68.0,79.0,private,True,81.1,100.0,60.33,C,Pass
6023,female,group D,associate degree,standard,True,13.4,7.7,79.0,54.0,68.0,public,True,94.3,100.0,67.0,C,Pass
6024,female,group B,high school,standard,True,14.2,6.2,79.0,88.0,65.0,public,True,84.6,100.0,77.33,B,Pass
6025,male,group B,bachelor degree,standard,True,18.5,8.0,88.0,72.0,64.0,public,True,83.3,100.0,74.67,B,Pass
6026,female,group D,high school,free/reduced,False,3.2,7.2,70.0,87.0,54.0,private,True,83.7,100.0,70.33,B,Pass
6027,male,group D,high school,standard,True,7.8,7.2,75.0,52.0,73.0,public,False,87.0,100.0,66.67,C,Pass
6028,female,group D,some college,free/reduced,False,8.7,7.9,66.0,60.0,41.0,private,False,69.7,100.0,55.67,C,Pass
6029,male,group C,master degree,standard,False,15.2,8.7,74.0,66.0,58.0,public,True,71.6,100.0,66.0,C,Pass
6030,female,group C,associate degree,standard,True,2.6,8.8,45.0,54.0,83.0,public,True,76.3,100.0,60.67,C,Pass
6031,male,group C,associate degree,standard,True,10.5,7.0,65.0,53.0,70.0,public,True,71.9,100.0,62.67,C,Pass
6032,female,group E,bachelor degree,free/reduced,True,2.8,6.5,79.0,98.0,71.0,public,True,85.9,100.0,82.67,B,Pass
6033,male,group B,master degree,free/reduced,False,12.8,7.3,44.0,71.0,83.0,private,True,83.8,100.0,66.0,C,Pass
6034,female,group B,bachelor degree,standard,True,9.5,7.0,53.0,78.0,62.0,public,True,76.3,100.0,64.33,C,Pass
6035,male,group A,high school,free/reduced,True,7.9,7.6,55.0,65.0,92.0,public,True,76.1,100.0,70.67,B,Pass
6036,female,group A,associate degree,standard,False,9.6,9.3,51.0,68.0,71.0,public,True,80.7,100.0,63.33,C,Pass
6037,female,group D,high school,standard,True,5.4,6.2,78.0,57.0,71.0,public,True,86.8,100.0,68.67,C,Pass
6038,male,group C,master degree,standard,False,11.7,5.6,74.0,44.0,69.0,public,True,71.5,100.0,62.33,C,Pass
6039,male,group B,bachelor degree,standard,False,9.9,7.3,73.0,55.0,44.0,public,True,82.0,100.0,57.33,C,Pass
6040,male,group C,high school,standard,True,12.4,8.4,78.0,67.0,57.0,public,True,86.0,100.0,67.33,C,Pass
6041,male,group B,associate degree,standard,False,12.2,7.0,51.0,63.0,70.0,international,True,84.3,100.0,61.33,C,Pass
6042,female,group D,master degree,standard,True,7.8,9.0,64.0,83.0,45.0,public,False,86.7,100.0,64.0,C,Pass
6043,female,group B,high school,standard,False,8.5,6.8,67.0,86.0,66.0,public,True,95.2,100.0,73.0,B,Pass
6044,male,group D,high school,standard,False,10.7,8.8,74.0,72.0,42.0,public,False,78.3,100.0,62.67,C,Pass
6045,female,group E,some college,standard,False,4.1,7.2,75.0,76.0,64.0,private,True,84.2,100.0,71.67,B,Pass
6046,female,group B,bachelor degree,free/reduced,False,2.9,7.0,95.0,83.0,72.0,public,True,86.3,100.0,83.33,B,Pass
6047,male,group A,bachelor degree,standard,False,11.3,7.2,70.0,78.0,78.0,international,False,85.1,100.0,75.33,B,Pass
6048,female,group C,master degree,standard,True,12.8,8.2,89.0,58.0,71.0,public,True,91.7,100.0,72.67,B,Pass
6049,male,group B,bachelor degree,free/reduced,True,8.0,5.5,82.0,68.0,71.0,public,True,77.6,100.0,73.67,B,Pass
6050,male,group D,high school,standard,False,9.4,7.2,55.0,70.0,55.0,public,True,74.7,100.0,60.0,C,Pass
6051,female,group C,some college,standard,False,6.1,8.4,49.0,61.0,52.0,public,True,83.5,100.0,54.0,D,Pass
6052,male,group E,high school,standard,False,18.3,7.3,95.0,82.0,71.0,public,True,93.2,100.0,82.67,B,Pass
6053,female,group B,bachelor degree,free/reduced,False,19.3,8.9,73.0,34.0,56.0,public,False,74.9,100.0,54.33,D,Pass
6054,female,group C,some college,standard,False,6.7,8.1,68.0,66.0,59.0,public,False,85.0,100.0,64.33,C,Pass
6055,female,group C,associate degree,standard,True,13.8,6.6,83.0,29.0,59.0,public,True,79.5,100.0,57.0,C,Pass
6056,male,group C,high school,standard,False,12.0,7.3,73.0,91.0,55.0,international,True,91.7,100.0,73.0,B,Pass
6057,female,group B,high school,standard,False,7.2,7.2,75.0,57.0,73.0,public,True,82.7,100.0,68.33,C,Pass
6058,male,group B,bachelor degree,standard,True,9.6,8.6,53.0,65.0,71.0,private,True,85.2,100.0,63.0,C,Pass
6059,male,group E,bachelor degree,standard,False,10.0,8.0,61.0,69.0,73.0,public,True,95.3,100.0,67.67,C,Pass
6060,female,group D,high school,standard,True,9.3,7.6,74.0,45.0,100.0,public,True,87.2,100.0,73.0,B,Pass
6061,female,group D,bachelor degree,free/reduced,False,22.3,9.2,66.0,61.0,98.0,public,True,85.2,100.0,75.0,B,Pass
6062,female,group E,high school,free/reduced,False,11.6,5.7,50.0,67.0,81.0,public,True,85.0,100.0,66.0,C,Pass
6063,female,group E,associate degree,standard,True,0.0,6.9,60.0,42.0,68.0,public,True,75.8,100.0,56.67,C,Pass
6064,female,group E,some college,free/reduced,False,7.3,8.2,60.0,83.0,72.0,public,True,95.6,100.0,71.67,B,Pass
6065,male,group D,associate degree,standard,False,9.6,5.8,77.0,91.0,68.0,public,False,87.4,100.0,78.67,B,Pass
6066,female,group C,high school,standard,False,15.0,5.2,42.0,82.0,67.0,private,True,79.1,100.0,63.67,C,Pass
6067,female,group C,associate degree,standard,False,5.0,7.2,100.0,86.0,70.0,public,True,85.0,100.0,85.33,A,Pass
6068,male,group C,some college,free/reduced,False,3.0,7.7,69.0,73.0,96.0,private,True,92.2,100.0,79.33,B,Pass
6069,male,group D,some college,standard,False,8.6,8.9,65.0,77.0,92.0,public,True,90.5,100.0,78.0,B,Pass
6070,female,group C,associate degree,standard,False,7.4,6.7,86.0,67.0,71.0,public,True,82.4,100.0,74.67,B,Pass
6071,female,group A,high school,standard,False,5.9,6.0,64.0,85.0,65.0,public,True,86.4,100.0,71.33,B,Pass
6072,female,group D,master degree,free/reduced,True,10.5,6.8,59.0,67.0,73.0,public,True,74.0,100.0,66.33,C,Pass
6073,male,group A,bachelor degree,standard,False,11.6,7.2,66.0,77.0,71.0,public,True,84.5,100.0,71.33,B,Pass
6074,female,group D,high school,standard,True,17.6,8.9,86.0,65.0,60.0,public,True,85.4,100.0,70.33,B,Pass
6075,male,group A,bachelor degree,standard,False,19.9,9.9,75.0,57.0,67.0,private,True,90.1,100.0,66.33,C,Pass
6076,male,group B,high school,free/reduced,True,9.7,7.2,70.0,78.0,75.0,international,True,80.9,100.0,74.33,B,Pass
6077,male,group E,associate degree,standard,False,1.0,5.7,52.0,51.0,72.0,private,True,71.9,100.0,58.33,C,Pass
6078,female,group C,some college,free/reduced,True,7.9,6.4,68.0,72.0,73.0,public,True,78.9,100.0,71.0,B,Pass
6079,female,group D,bachelor degree,free/reduced,False,11.7,6.1,85.0,71.0,59.0,public,True,77.0,100.0,71.67,B,Pass
6080,female,group E,high school,standard,True,8.9,8.0,56.0,80.0,83.0,public,True,90.9,100.0,73.0,B,Pass
6081,female,group C,associate degree,free/reduced,False,12.7,6.3,51.0,63.0,82.0,public,True,88.9,100.0,65.33,C,Pass
6082,male,group C,some college,free/reduced,True,9.6,7.3,73.0,52.0,81.0,international,False,84.1,100.0,68.67,C,Pass
6083,female,group C,high school,standard,True,16.5,5.3,70.0,92.0,73.0,public,False,92.4,100.0,78.33,B,Pass
6084,female,group A,associate degree,standard,False,13.6,8.6,78.0,63.0,72.0,public,True,84.1,100.0,71.0,B,Pass
6085,male,group D,high school,standard,False,11.1,6.6,50.0,60.0,87.0,public,True,80.8,100.0,65.67,C,Pass
6086,male,group C,bachelor degree,standard,True,7.3,6.3,67.0,53.0,62.0,public,True,77.6,100.0,60.67,C,Pass
6087,male,group D,master degree,free/reduced,True,7.2,6.6,46.0,51.0,73.0,private,True,76.1,100.0,56.67,C,Pass
6088,female,group C,master degree,standard,False,9.3,7.0,54.0,68.0,36.0,public,True,68.3,100.0,52.67,D,Pass
6089,male,group D,high school,standard,True,14.4,6.8,89.0,73.0,69.0,private,True,87.1,100.0,77.0,B,Pass
6090,female,group B,high school,standard,True,19.3,8.6,73.0,69.0,53.0,private,True,80.8,100.0,65.0,C,Pass
6091,male,group C,high school,standard,True,9.6,7.8,69.0,79.0,64.0,international,True,87.0,100.0,70.67,B,Pass
6092,female,group C,master degree,free/reduced,False,13.2,7.5,46.0,64.0,58.0,public,True,77.9,100.0,56.0,C,Pass
6093,male,group B,associate degree,standard,True,13.5,7.3,53.0,64.0,77.0,public,True,80.1,100.0,64.67,C,Pass
6094,female,group E,some college,standard,True,11.5,6.7,86.0,62.0,83.0,international,True,81.4,100.0,77.0,B,Pass
6095,male,group C,some college,standard,True,10.2,5.3,67.0,70.0,100.0,public,False,87.0,100.0,79.0,B,Pass
6096,male,group C,high school,standard,True,7.8,8.1,61.0,83.0,82.0,international,True,88.8,100.0,75.33,B,Pass
6097,female,group C,high school,standard,True,8.5,7.2,77.0,66.0,64.0,public,True,76.9,100.0,69.0,C,Pass
6098,female,group B,associate degree,standard,False,7.8,7.1,44.0,94.0,94.0,public,True,86.4,100.0,77.33,B,Pass
6099,female,group E,some college,standard,True,13.9,5.3,58.0,66.0,74.0,public,True,82.6,100.0,66.0,C,Pass
6100,male,group A,master degree,standard,False,10.5,9.0,57.0,56.0,73.0,international,False,76.2,100.0,62.0,C,Pass
6101,male,group B,high school,free/reduced,False,5.9,5.0,98.0,67.0,77.0,public,True,84.3,100.0,80.67,B,Pass
6102,female,group C,high school,standard,False,8.4,6.8,76.0,68.0,54.0,public,True,82.6,100.0,66.0,C,Pass
6103,female,group B,some college,standard,True,11.8,7.4,52.0,51.0,81.0,international,True,73.9,100.0,61.33,C,Pass
6104,male,group C,some college,standard,True,6.3,7.2,85.0,97.0,54.0,public,True,88.2,100.0,78.67,B,Pass
6105,female,group E,some college,free/reduced,True,1.8,6.6,76.0,83.0,51.0,public,True,78.5,100.0,70.0,B,Pass
6106,female,group A,associate degree,free/reduced,True,14.1,7.0,55.0,74.0,81.0,private,True,88.3,100.0,70.0,B,Pass
6107,male,group B,bachelor degree,free/reduced,True,14.1,7.9,52.0,71.0,91.0,private,True,95.1,100.0,71.33,B,Pass
6108,male,group E,high school,standard,True,18.0,7.2,65.0,71.0,73.0,public,False,78.4,100.0,69.67,C,Pass
6109,male,group A,some college,free/reduced,False,12.6,6.4,71.0,70.0,82.0,public,True,87.4,100.0,74.33,B,Pass
6110,female,group A,high school,standard,False,7.1,7.9,58.0,43.0,72.0,public,True,74.4,100.0,57.67,C,Pass
6111,male,group B,associate degree,standard,False,9.2,7.3,79.0,96.0,71.0,public,True,93.0,100.0,82.0,B,Pass
6112,female,group C,high school,standard,True,9.8,6.9,72.0,61.0,70.0,private,False,75.7,100.0,67.67,C,Pass
6113,female,group E,high school,standard,True,2.5,7.2,73.0,87.0,88.0,private,True,90.5,100.0,82.67,B,Pass
6114,male,group D,associate degree,standard,True,11.1,5.5,78.0,78.0,68.0,public,False,80.5,100.0,74.67,B,Pass
6115,male,group C,associate degree,standard,False,14.1,8.8,67.0,49.0,68.0,public,True,78.5,100.0,61.33,C,Pass
6116,female,group B,bachelor degree,standard,True,2.7,6.2,57.0,73.0,67.0,private,True,76.1,100.0,65.67,C,Pass
6117,male,group C,master degree,free/reduced,False,10.1,7.4,75.0,71.0,51.0,international,True,85.4,100.0,65.67,C,Pass
6118,female,group E,high school,standard,False,14.9,5.4,50.0,67.0,70.0,private,True,75.7,100.0,62.33,C,Pass
6119,female,group C,master degree,free/reduced,True,4.6,8.0,79.0,64.0,84.0,public,False,88.0,100.0,75.67,B,Pass
6120,female,group D,high school,standard,False,9.6,9.5,74.0,62.0,71.0,public,True,80.7,100.0,69.0,C,Pass
6121,female,group D,high school,free/reduced,False,9.7,7.6,77.0,62.0,64.0,public,False,81.5,100.0,67.67,C,Pass
6122,male,group B,bachelor degree,standard,False,3.1,8.3,90.0,56.0,74.0,international,True,85.1,100.0,73.33,B,Pass
6123,female,group A,some college,standard,True,24.5,6.3,69.0,90.0,66.0,public,False,81.2,100.0,75.0,B,Pass
6124,male,group C,high school,free/reduced,False,9.4,7.5,55.0,63.0,75.0,public,True,81.8,100.0,64.33,C,Pass
6125,female,group D,associate degree,standard,False,5.5,5.6,39.0,39.0,82.0,public,True,84.0,100.0,53.33,D,Pass
6126,female,group A,high school,free/reduced,False,8.6,8.9,63.0,69.0,77.0,public,True,79.0,100.0,69.67,C,Pass
6127,female,group A,master degree,free/reduced,True,5.0,8.8,60.0,65.0,70.0,public,False,86.9,100.0,65.0,C,Pass
6128,female,group A,bachelor degree,free/reduced,False,8.8,7.5,41.0,96.0,38.0,private,True,85.8,100.0,58.33,C,Pass
6129,male,group C,associate degree,standard,False,12.4,7.8,54.0,49.0,63.0,international,True,73.1,100.0,55.33,C,Pass
6130,male,group E,master degree,standard,True,12.7,4.7,53.0,71.0,69.0,private,False,73.3,100.0,64.33,C,Pass
6131,male,group E,some college,free/reduced,True,8.7,8.2,62.0,74.0,72.0,public,True,84.2,100.0,69.33,C,Pass
6132,female,group C,high school,standard,False,0.2,10.3,61.0,76.0,43.0,private,True,76.3,100.0,60.0,C,Pass
6133,female,group C,associate degree,standard,False,0.0,8.2,79.0,86.0,97.0,public,False,99.3,100.0,87.33,A,Pass
6134,female,group A,bachelor degree,free/reduced,True,11.6,7.2,61.0,70.0,85.0,public,True,84.0,100.0,72.0,B,Pass
6135,female,group C,high school,free/reduced,False,14.6,6.3,56.0,69.0,66.0,private,True,76.5,100.0,63.67,C,Pass
6136,female,group A,some college,free/reduced,True,4.3,6.2,81.0,55.0,81.0,public,True,78.2,100.0,72.33,B,Pass
6137,female,group B,associate degree,standard,True,14.6,5.0,68.0,59.0,62.0,public,True,85.6,100.0,63.0,C,Pass
6138,male,group D,associate degree,standard,False,12.1,5.1,73.0,98.0,70.0,public,True,84.3,100.0,80.33,B,Pass
6139,male,group A,bachelor degree,standard,True,10.5,6.2,88.0,76.0,78.0,international,False,87.5,100.0,80.67,B,Pass
6140,female,group C,associate degree,free/reduced,True,13.0,8.2,41.0,65.0,67.0,public,True,82.8,100.0,57.67,C,Pass
6141,male,group D,some college,standard,False,11.8,8.4,42.0,51.0,66.0,public,True,73.8,100.0,53.0,D,Pass
6142,male,group B,high school,standard,True,11.7,7.4,77.0,54.0,83.0,public,False,83.3,100.0,71.33,B,Pass
6143,female,group E,master degree,free/reduced,False,1.0,6.4,70.0,68.0,71.0,public,True,82.8,100.0,69.67,C,Pass
6144,female,group C,high school,free/reduced,False,9.6,7.2,58.0,76.0,69.0,public,True,85.5,100.0,67.67,C,Pass
6145,female,group B,associate degree,standard,False,5.0,8.3,57.0,71.0,68.0,public,True,84.0,100.0,65.33,C,Pass
6146,male,group A,bachelor degree,free/reduced,True,9.6,9.4,68.0,60.0,71.0,public,True,80.3,100.0,66.33,C,Pass
6147,male,group D,associate degree,free/reduced,False,6.1,7.5,62.0,52.0,66.0,public,False,79.3,100.0,60.0,C,Pass
6148,male,group B,high school,standard,True,14.7,5.5,82.0,70.0,71.0,international,True,82.7,100.0,74.33,B,Pass
6149,male,group C,master degree,free/reduced,False,12.4,6.7,100.0,67.0,66.0,public,True,78.7,100.0,77.67,B,Pass
6150,male,group E,high school,standard,False,15.2,9.6,68.0,55.0,87.0,public,False,84.3,100.0,70.0,B,Pass
6151,female,group E,some college,free/reduced,True,11.4,7.3,61.0,81.0,73.0,public,False,93.1,100.0,71.67,B,Pass
6152,female,group A,high school,standard,True,13.9,7.2,67.0,50.0,66.0,public,True,75.0,100.0,61.0,C,Pass
6153,female,group C,some college,free/reduced,False,3.6,7.7,71.0,63.0,90.0,international,True,81.0,100.0,74.67,B,Pass
6154,male,group D,bachelor degree,free/reduced,False,13.7,8.1,68.0,76.0,83.0,private,True,80.9,100.0,75.67,B,Pass
6155,male,group A,bachelor degree,standard,True,10.0,6.4,52.0,96.0,84.0,public,True,89.6,100.0,77.33,B,Pass
6156,female,group D,some college,standard,True,0.0,6.0,70.0,78.0,82.0,public,False,87.9,100.0,76.67,B,Pass
6157,female,group C,associate degree,standard,False,6.5,8.9,44.0,48.0,58.0,public,True,74.2,100.0,50.0,D,Pass
6158,male,group C,some college,standard,True,6.6,9.1,63.0,74.0,50.0,public,False,75.3,100.0,62.33,C,Pass
6159,female,group D,master degree,standard,True,3.9,6.5,74.0,62.0,73.0,public,False,83.3,100.0,69.67,C,Pass
6160,female,group D,some college,free/reduced,False,18.8,8.0,60.0,69.0,71.0,public,True,73.8,100.0,66.67,C,Pass
6161,male,group A,some college,free/reduced,False,7.9,5.1,75.0,90.0,83.0,public,False,88.8,100.0,82.67,B,Pass
6162,male,group E,high school,standard,False,12.5,5.9,71.0,79.0,71.0,public,True,88.7,100.0,73.67,B,Pass
6163,male,group C,bachelor degree,standard,True,13.6,7.2,60.0,71.0,84.0,public,True,77.3,100.0,71.67,B,Pass
6164,male,group B,bachelor degree,standard,True,6.0,7.1,82.0,74.0,75.0,public,True,78.1,100.0,77.0,B,Pass
6165,male,group E,associate degree,free/reduced,False,8.3,7.2,55.0,85.0,46.0,public,True,87.7,100.0,62.0,C,Pass
6166,male,group B,some college,standard,False,9.6,5.9,58.0,43.0,70.0,public,True,74.7,100.0,57.0,C,Pass
6167,female,group D,master degree,free/reduced,True,7.0,6.5,48.0,100.0,80.0,private,True,91.1,100.0,76.0,B,Pass
6168,female,group C,high school,standard,True,14.5,7.2,100.0,48.0,72.0,public,True,83.6,100.0,73.33,B,Pass
6169,female,group B,some college,free/reduced,False,3.7,5.4,43.0,71.0,91.0,public,True,81.4,100.0,68.33,C,Pass
6170,female,group A,high school,standard,True,10.1,7.4,78.0,92.0,93.0,public,False,92.3,100.0,87.67,A,Pass
6171,male,group C,high school,standard,False,13.0,7.8,47.0,56.0,71.0,public,False,73.6,100.0,58.0,C,Pass
6172,male,group A,some college,standard,False,8.1,6.1,84.0,94.0,53.0,international,True,86.5,100.0,77.0,B,Pass
6173,female,group D,high school,free/reduced,True,10.1,6.9,45.0,86.0,60.0,public,True,78.6,100.0,63.67,C,Pass
6174,female,group D,bachelor degree,free/reduced,False,6.4,5.7,66.0,84.0,76.0,public,True,78.5,100.0,75.33,B,Pass
6175,male,group B,high school,standard,False,9.6,5.6,54.0,96.0,82.0,public,True,87.6,100.0,77.33,B,Pass
6176,male,group A,bachelor degree,standard,False,5.6,7.7,63.0,71.0,59.0,public,True,79.3,100.0,64.33,C,Pass
6177,female,group E,bachelor degree,free/reduced,False,15.4,7.8,75.0,100.0,83.0,public,True,88.6,100.0,86.0,A,Pass
6178,female,group A,high school,standard,False,14.8,7.9,54.0,80.0,92.0,public,True,79.1,100.0,75.33,B,Pass
6179,female,group D,high school,standard,False,15.4,4.6,61.0,70.0,61.0,public,True,88.6,100.0,64.0,C,Pass
6180,female,group B,high school,standard,False,12.8,8.5,60.0,74.0,65.0,public,True,85.9,100.0,66.33,C,Pass
6181,female,group C,some college,free/reduced,True,9.6,7.2,51.0,70.0,89.0,public,True,87.8,100.0,70.0,B,Pass
6182,female,group D,associate degree,standard,False,11.3,9.4,88.0,88.0,61.0,public,True,85.1,100.0,79.0,B,Pass
6183,female,group D,associate degree,free/reduced,True,9.6,8.7,56.0,82.0,80.0,public,False,75.4,100.0,72.67,B,Pass
6184,male,group B,high school,standard,False,21.9,7.0,65.0,97.0,56.0,international,True,93.8,100.0,72.67,B,Pass
6185,male,group E,high school,standard,True,7.4,6.3,91.0,93.0,74.0,private,True,89.1,100.0,86.0,A,Pass
6186,female,group D,some college,free/reduced,False,15.0,6.6,69.0,83.0,63.0,public,False,79.9,100.0,71.67,B,Pass
6187,male,group D,associate degree,standard,True,15.1,6.3,52.0,71.0,82.0,public,True,84.3,100.0,68.33,C,Pass
6188,female,group E,high school,standard,True,8.2,7.2,58.0,67.0,60.0,public,True,85.5,100.0,61.67,C,Pass
6189,male,group D,high school,standard,False,13.0,6.5,69.0,32.0,71.0,public,True,77.7,100.0,57.33,C,Pass
6190,female,group E,high school,standard,False,10.9,6.9,91.0,86.0,89.0,international,True,96.9,100.0,88.67,A,Pass
6191,male,group C,master degree,standard,False,14.6,8.0,75.0,65.0,88.0,international,True,90.8,100.0,76.0,B,Pass
6192,male,group D,some college,standard,True,6.4,3.5,59.0,100.0,95.0,public,True,83.5,100.0,84.67,B,Pass
6193,female,group C,associate degree,standard,True,11.2,5.9,27.0,100.0,61.0,international,False,76.7,100.0,62.67,C,Pass
6194,female,group E,master degree,standard,False,9.6,9.1,65.0,64.0,71.0,private,True,86.5,100.0,66.67,C,Pass
6195,female,group C,associate degree,standard,False,6.1,6.3,62.0,79.0,62.0,private,True,68.5,100.0,67.67,C,Pass
6196,male,group C,high school,standard,False,4.6,7.4,59.0,90.0,67.0,public,True,83.1,100.0,72.0,B,Pass
6197,male,group A,high school,standard,True,12.9,8.1,57.0,53.0,64.0,public,True,71.0,100.0,58.0,C,Pass
6198,male,group E,some college,standard,False,7.2,7.4,68.0,77.0,45.0,public,True,78.0,100.0,63.33,C,Pass
6199,female,group B,associate degree,standard,False,4.7,6.9,83.0,71.0,68.0,international,False,83.0,100.0,74.0,B,Pass
6200,male,group C,associate degree,standard,True,11.6,7.2,81.0,79.0,85.0,public,True,85.9,100.0,81.67,B,Pass
6201,female,group C,associate degree,standard,True,13.7,7.6,69.0,55.0,54.0,public,True,76.0,100.0,59.33,C,Pass
6202,male,group B,bachelor degree,standard,True,9.6,7.5,100.0,81.0,85.0,public,True,85.0,100.0,88.67,A,Pass
6203,female,group A,some college,standard,True,15.4,7.6,100.0,80.0,71.0,public,True,99.9,100.0,83.67,B,Pass
6204,female,group B,some college,standard,True,2.8,7.4,53.0,100.0,73.0,public,True,94.5,100.0,75.33,B,Pass
6205,female,group E,bachelor degree,free/reduced,False,12.1,6.0,75.0,87.0,93.0,public,True,83.2,100.0,85.0,A,Pass
6206,male,group E,high school,free/reduced,True,7.2,5.9,69.0,72.0,61.0,public,False,89.8,100.0,67.33,C,Pass
6207,male,group A,bachelor degree,standard,False,11.1,7.2,48.0,84.0,66.0,private,True,79.4,100.0,66.0,C,Pass
6208,female,group C,bachelor degree,free/reduced,True,0.0,9.9,55.0,71.0,77.0,private,True,82.6,100.0,67.67,C,Pass
6209,male,group E,some college,free/reduced,True,15.1,8.6,54.0,45.0,74.0,public,True,77.8,100.0,57.67,C,Pass
6210,male,group C,high school,standard,False,13.4,7.6,86.0,54.0,86.0,public,True,81.8,100.0,75.33,B,Pass
6211,female,group A,high school,free/reduced,False,0.6,7.4,66.0,69.0,49.0,public,True,84.5,100.0,61.33,C,Pass
6212,male,group D,some college,standard,True,6.6,3.0,50.0,97.0,88.0,public,True,87.0,100.0,78.33,B,Pass
6213,male,group E,some college,standard,False,7.8,6.9,48.0,85.0,74.0,public,True,80.2,100.0,69.0,C,Pass
6214,female,group B,bachelor degree,standard,False,9.6,6.2,47.0,94.0,72.0,international,True,76.9,100.0,71.0,B,Pass
6215,male,group B,high school,standard,False,4.7,6.5,44.0,62.0,70.0,public,True,74.0,100.0,58.67,C,Pass
6216,male,group C,bachelor degree,standard,False,7.5,6.4,49.0,74.0,97.0,private,False,76.1,100.0,73.33,B,Pass
6217,male,group E,bachelor degree,standard,False,3.0,5.2,70.0,100.0,79.0,public,True,88.3,100.0,83.0,B,Pass
6218,female,group A,high school,free/reduced,True,16.5,7.1,94.0,60.0,73.0,public,True,79.3,100.0,75.67,B,Pass
6219,male,group C,some college,free/reduced,False,9.3,7.1,100.0,60.0,67.0,international,True,83.9,100.0,75.67,B,Pass
6220,female,group C,some college,free/reduced,False,1.4,5.4,56.0,62.0,40.0,private,True,82.9,100.0,52.67,D,Pass
6221,female,group D,associate degree,standard,False,3.6,6.3,65.0,71.0,83.0,international,True,90.1,100.0,73.0,B,Pass
6222,male,group A,associate degree,free/reduced,False,13.8,9.4,58.0,83.0,79.0,public,True,84.2,100.0,73.33,B,Pass
6223,male,group B,some college,standard,False,12.8,7.0,73.0,61.0,67.0,public,False,81.4,100.0,67.0,C,Pass
6224,female,group C,bachelor degree,standard,False,5.8,6.1,47.0,66.0,91.0,public,True,91.6,100.0,68.0,C,Pass
6225,female,group C,high school,free/reduced,True,9.6,6.7,75.0,84.0,97.0,public,True,91.7,100.0,85.33,A,Pass
6226,female,group E,high school,standard,False,13.7,6.4,63.0,56.0,96.0,public,False,82.0,100.0,71.67,B,Pass
6227,female,group A,high school,free/reduced,False,9.0,9.0,67.0,76.0,74.0,public,True,76.8,100.0,72.33,B,Pass
6228,male,group B,some college,standard,True,15.5,9.2,84.0,81.0,63.0,public,True,87.4,100.0,76.0,B,Pass
6229,female,group B,some college,free/reduced,False,9.6,6.2,83.0,61.0,100.0,public,True,91.7,100.0,81.33,B,Pass
6230,male,group C,some college,standard,True,6.8,7.2,95.0,63.0,71.0,private,True,82.4,100.0,76.33,B,Pass
6231,male,group D,bachelor degree,free/reduced,True,11.3,6.7,86.0,72.0,79.0,public,True,88.1,100.0,79.0,B,Pass
6232,female,group E,some college,free/reduced,False,10.5,7.1,88.0,64.0,69.0,private,True,82.6,100.0,73.67,B,Pass
6233,female,group D,master degree,standard,False,16.8,6.9,64.0,88.0,53.0,public,True,81.4,100.0,68.33,C,Pass
6234,male,group B,bachelor degree,standard,False,12.6,9.1,68.0,71.0,81.0,private,True,71.8,100.0,73.33,B,Pass
6235,male,group A,bachelor degree,free/reduced,False,16.6,7.3,79.0,75.0,85.0,public,True,85.8,100.0,79.67,B,Pass
6236,male,group A,bachelor degree,standard,False,3.0,6.9,79.0,63.0,57.0,public,True,86.4,100.0,66.33,C,Pass
6237,female,group D,some college,standard,False,14.1,6.4,64.0,72.0,72.0,public,True,79.6,100.0,69.33,C,Pass
6238,male,group B,bachelor degree,standard,False,9.6,5.0,90.0,83.0,100.0,public,False,91.7,100.0,91.0,A,Pass
6239,male,group B,high school,standard,False,13.8,6.4,70.0,71.0,91.0,public,False,82.2,100.0,77.33,B,Pass
6240,male,group E,bachelor degree,standard,False,3.2,6.9,39.0,85.0,83.0,public,True,84.4,100.0,69.0,C,Pass
6241,female,group E,bachelor degree,standard,True,16.3,7.2,54.0,33.0,73.0,public,True,75.3,100.0,53.33,D,Pass
6242,male,group C,high school,standard,True,11.1,5.5,77.0,90.0,46.0,public,True,78.7,100.0,71.0,B,Pass
6243,female,group E,some college,standard,False,7.1,4.8,47.0,65.0,67.0,private,True,85.5,100.0,59.67,C,Pass
6244,male,group D,master degree,standard,False,9.3,9.1,69.0,100.0,60.0,public,True,90.2,100.0,76.33,B,Pass
6245,male,group C,bachelor degree,free/reduced,True,9.6,6.6,68.0,77.0,47.0,public,True,77.6,100.0,64.0,C,Pass
6246,female,group D,some college,free/reduced,False,10.8,6.3,75.0,56.0,64.0,public,True,83.5,100.0,65.0,C,Pass
6247,male,group B,associate degree,standard,True,8.2,8.6,56.0,71.0,71.0,public,True,84.0,100.0,66.0,C,Pass
6248,female,group E,bachelor degree,free/reduced,True,15.8,7.8,63.0,72.0,71.0,public,True,85.5,100.0,68.67,C,Pass
6249,male,group E,associate degree,standard,False,10.5,8.0,52.0,83.0,71.0,public,False,73.9,100.0,68.67,C,Pass
6250,male,group D,bachelor degree,standard,False,14.5,7.9,78.0,67.0,74.0,public,True,89.2,100.0,73.0,B,Pass
6251,female,group D,master degree,standard,True,6.8,7.5,82.0,82.0,71.0,public,True,83.5,100.0,78.33,B,Pass
6252,female,group E,master degree,standard,True,4.7,5.9,43.0,68.0,63.0,public,True,76.4,100.0,58.0,C,Pass
6253,male,group A,associate degree,standard,True,4.8,7.2,78.0,77.0,67.0,international,True,97.8,100.0,74.0,B,Pass
6254,female,group A,high school,standard,True,15.7,4.6,52.0,75.0,40.0,public,True,78.8,100.0,55.67,C,Pass
6255,female,group B,some college,free/reduced,False,4.0,7.5,88.0,65.0,71.0,international,True,82.8,100.0,74.67,B,Pass
6256,male,group E,associate degree,standard,False,13.3,7.6,69.0,92.0,84.0,public,True,76.6,100.0,81.67,B,Pass
6257,female,group D,high school,free/reduced,False,11.6,7.4,45.0,71.0,75.0,public,True,87.3,100.0,63.67,C,Pass
6258,female,group B,high school,standard,False,9.6,7.8,32.0,84.0,81.0,private,True,74.5,100.0,65.67,C,Pass
6259,male,group E,some college,standard,True,12.8,7.5,52.0,80.0,58.0,public,True,75.3,100.0,63.33,C,Pass
6260,male,group E,some college,standard,True,6.6,8.2,77.0,62.0,82.0,public,True,82.8,100.0,73.67,B,Pass
6261,male,group D,some college,standard,True,11.9,7.2,73.0,73.0,71.0,public,False,90.9,100.0,72.33,B,Pass
6262,female,group D,some college,standard,True,4.8,6.0,67.0,75.0,60.0,private,True,85.8,100.0,67.33,C,Pass
6263,male,group C,associate degree,standard,False,7.4,7.2,71.0,65.0,50.0,public,True,79.0,100.0,62.0,C,Pass
6264,male,group C,master degree,standard,False,12.1,4.9,56.0,100.0,81.0,private,True,88.1,100.0,79.0,B,Pass
6265,male,group E,high school,free/reduced,True,7.0,7.6,87.0,61.0,95.0,public,True,84.4,100.0,81.0,B,Pass
6266,female,group C,associate degree,free/reduced,False,5.8,6.7,99.0,81.0,100.0,public,True,93.0,100.0,93.33,A,Pass
6267,male,group D,bachelor degree,standard,True,16.6,6.3,55.0,72.0,100.0,public,True,85.6,100.0,75.67,B,Pass
6268,male,group A,high school,standard,False,12.8,5.3,95.0,92.0,80.0,public,True,95.4,100.0,89.0,A,Pass
6269,female,group A,high school,free/reduced,False,13.6,6.6,76.0,61.0,63.0,private,True,86.5,100.0,66.67,C,Pass
6270,female,group D,bachelor degree,standard,False,8.2,7.7,55.0,76.0,74.0,public,False,84.8,100.0,68.33,C,Pass
6271,male,group B,some college,standard,False,15.5,6.8,88.0,85.0,49.0,public,True,82.8,100.0,74.0,B,Pass
6272,female,group E,high school,standard,False,2.3,6.4,45.0,72.0,83.0,public,True,85.4,100.0,66.67,C,Pass
6273,female,group A,some college,standard,False,6.9,5.5,73.0,77.0,78.0,public,True,84.9,100.0,76.0,B,Pass
6274,female,group C,bachelor degree,free/reduced,False,4.5,6.6,77.0,70.0,78.0,public,True,79.6,100.0,75.0,B,Pass
6275,female,group E,high school,standard,True,10.2,3.9,42.0,67.0,74.0,public,True,77.4,100.0,61.0,C,Pass
6276,female,group A,high school,free/reduced,False,9.6,8.6,73.0,66.0,37.0,public,True,78.9,100.0,58.67,C,Pass
6277,female,group E,associate degree,free/reduced,False,10.7,7.0,59.0,71.0,60.0,public,True,84.8,100.0,63.33,C,Pass
6278,male,group A,associate degree,free/reduced,False,3.9,8.0,67.0,48.0,88.0,public,False,81.1,100.0,67.67,C,Pass
6279,female,group C,high school,free/reduced,True,14.3,7.0,74.0,83.0,88.0,private,True,81.6,100.0,81.67,B,Pass
6280,male,group E,some college,standard,False,5.4,7.3,84.0,70.0,77.0,public,True,86.1,100.0,77.0,B,Pass
6281,female,group C,some college,free/reduced,False,7.4,6.6,64.0,69.0,55.0,public,True,80.6,100.0,62.67,C,Pass
6282,female,group B,some college,standard,True,13.1,6.1,73.0,60.0,90.0,public,True,85.7,100.0,74.33,B,Pass
6283,female,group B,some college,free/reduced,True,6.9,7.2,83.0,94.0,71.0,international,True,92.5,100.0,82.67,B,Pass
6284,female,group B,bachelor degree,free/reduced,True,9.6,5.6,87.0,73.0,60.0,international,True,89.4,100.0,73.33,B,Pass
6285,female,group A,bachelor degree,standard,True,4.3,7.0,68.0,74.0,78.0,private,True,81.4,100.0,73.33,B,Pass
6286,male,group E,master degree,standard,False,10.9,7.1,69.0,86.0,88.0,private,True,84.3,100.0,81.0,B,Pass
6287,female,group B,some college,standard,True,9.6,6.5,50.0,74.0,72.0,public,True,75.9,100.0,65.33,C,Pass
6288,female,group C,associate degree,standard,False,11.9,7.2,68.0,91.0,71.0,international,True,89.0,100.0,76.67,B,Pass
6289,female,group B,bachelor degree,free/reduced,False,6.8,6.0,77.0,85.0,73.0,private,True,93.6,100.0,78.33,B,Pass
6290,male,group E,associate degree,standard,False,21.6,7.2,71.0,71.0,74.0,international,True,82.1,100.0,72.0,B,Pass
6291,female,group D,high school,standard,True,8.5,9.3,90.0,100.0,51.0,international,True,85.9,100.0,80.33,B,Pass
6292,female,group B,high school,standard,False,8.5,7.8,59.0,90.0,88.0,public,True,93.9,100.0,79.0,B,Pass
6293,male,group D,high school,standard,True,11.2,7.2,67.0,74.0,46.0,public,True,82.5,100.0,62.33,C,Pass
6294,female,group C,master degree,standard,False,15.2,6.9,62.0,58.0,62.0,public,True,81.4,100.0,60.67,C,Pass
6295,male,group C,associate degree,standard,True,9.5,6.9,55.0,96.0,100.0,international,True,82.5,100.0,83.67,B,Pass
6296,male,group D,bachelor degree,standard,False,7.6,5.5,45.0,43.0,100.0,public,True,83.5,100.0,62.67,C,Pass
6297,male,group C,bachelor degree,standard,True,19.2,7.1,90.0,84.0,84.0,public,True,84.8,100.0,86.0,A,Pass
6298,male,group A,bachelor degree,standard,False,9.0,7.2,73.0,30.0,73.0,international,True,72.8,100.0,58.67,C,Pass
6299,male,group B,bachelor degree,free/reduced,True,4.4,8.0,86.0,76.0,65.0,public,True,83.5,100.0,75.67,B,Pass
6300,female,group C,high school,standard,False,5.7,6.5,74.0,67.0,60.0,public,True,78.9,100.0,67.0,C,Pass
6301,male,group C,high school,free/reduced,False,7.4,6.0,65.0,73.0,89.0,public,True,84.2,100.0,75.67,B,Pass
6302,female,group E,high school,standard,False,8.8,7.5,52.0,65.0,80.0,private,True,74.1,100.0,65.67,C,Pass
6303,male,group E,bachelor degree,standard,True,4.7,6.1,75.0,89.0,67.0,public,True,90.6,100.0,77.0,B,Pass
6304,male,group A,high school,standard,False,0.0,7.2,48.0,94.0,71.0,public,True,88.9,100.0,71.0,B,Pass
6305,female,group A,some college,standard,False,10.5,6.3,65.0,72.0,91.0,private,True,75.7,100.0,76.0,B,Pass
6306,male,group C,high school,standard,True,5.1,8.7,48.0,52.0,40.0,public,True,78.6,100.0,46.67,D,Pass
6307,female,group C,associate degree,standard,False,9.6,7.1,66.0,93.0,65.0,public,True,80.8,100.0,74.67,B,Pass
6308,male,group B,high school,standard,True,18.4,7.3,100.0,61.0,61.0,public,True,88.9,100.0,74.0,B,Pass
6309,male,group C,high school,standard,True,7.7,5.8,61.0,53.0,73.0,public,True,79.6,100.0,62.33,C,Pass
6310,male,group E,associate degree,standard,False,7.6,6.1,60.0,71.0,61.0,public,True,80.7,100.0,64.0,C,Pass
6311,male,group B,high school,standard,False,11.8,9.6,81.0,66.0,70.0,private,False,83.0,100.0,72.33,B,Pass
6312,male,group B,bachelor degree,standard,True,9.6,6.3,79.0,87.0,73.0,public,True,92.9,100.0,79.67,B,Pass
6313,female,group B,high school,free/reduced,True,12.8,6.0,61.0,71.0,84.0,public,True,77.5,100.0,72.0,B,Pass
6314,female,group C,bachelor degree,standard,False,20.6,6.3,67.0,65.0,84.0,public,True,86.8,100.0,72.0,B,Pass
6315,female,group B,some college,standard,False,19.9,7.7,59.0,94.0,66.0,public,True,89.7,100.0,73.0,B,Pass
6316,male,group B,master degree,free/reduced,False,9.6,7.9,69.0,68.0,55.0,public,True,84.2,100.0,64.0,C,Pass
6317,male,group A,bachelor degree,free/reduced,False,15.5,8.0,57.0,36.0,71.0,public,True,88.5,100.0,54.67,D,Pass
6318,female,group E,high school,standard,False,11.0,5.8,73.0,74.0,74.0,private,True,81.8,100.0,73.67,B,Pass
6319,female,group C,high school,standard,False,10.4,6.8,64.0,83.0,90.0,public,True,91.4,100.0,79.0,B,Pass
6320,female,group C,bachelor degree,standard,False,6.5,8.3,72.0,63.0,76.0,public,True,82.6,100.0,70.33,B,Pass
6321,female,group C,bachelor degree,standard,True,10.5,7.6,48.0,95.0,55.0,public,True,87.6,100.0,66.0,C,Pass
6322,female,group C,high school,standard,False,8.3,7.0,82.0,75.0,62.0,public,True,84.2,100.0,73.0,B,Pass
6323,female,group B,high school,standard,False,4.2,7.5,81.0,88.0,56.0,international,True,83.1,100.0,75.0,B,Pass
6324,female,group E,high school,standard,False,9.6,7.4,77.0,68.0,76.0,public,True,91.0,100.0,73.67,B,Pass
6325,male,group B,associate degree,standard,False,9.6,9.5,72.0,63.0,63.0,private,False,78.9,100.0,66.0,C,Pass
6326,male,group A,associate degree,standard,True,6.5,7.7,66.0,80.0,95.0,public,True,80.1,100.0,80.33,B,Pass
6327,male,group C,some college,free/reduced,False,17.8,7.0,51.0,76.0,87.0,public,True,80.9,100.0,71.33,B,Pass
6328,female,group E,high school,standard,True,2.6,7.2,74.0,65.0,64.0,public,True,85.2,100.0,67.67,C,Pass
6329,female,group E,associate degree,free/reduced,True,13.1,8.2,65.0,62.0,70.0,private,True,88.2,100.0,65.67,C,Pass
6330,female,group E,high school,standard,True,14.0,6.6,83.0,100.0,78.0,public,True,90.4,100.0,87.0,A,Pass
6331,female,group D,some college,standard,False,11.4,8.6,90.0,100.0,100.0,public,True,100.0,100.0,96.67,A,Pass
6332,female,group B,high school,standard,True,5.6,9.8,62.0,67.0,57.0,public,True,73.0,100.0,62.0,C,Pass
6333,male,group C,some college,standard,False,11.3,6.8,95.0,89.0,89.0,international,True,89.2,100.0,91.0,A,Pass
6334,female,group B,associate degree,standard,False,6.0,6.4,80.0,79.0,83.0,private,True,85.8,100.0,80.67,B,Pass
6335,male,group A,bachelor degree,free/reduced,True,10.5,7.9,71.0,81.0,80.0,international,True,85.4,100.0,77.33,B,Pass
6336,female,group A,high school,standard,True,9.6,10.0,63.0,87.0,67.0,public,True,84.4,100.0,72.33,B,Pass
6337,male,group C,high school,standard,True,3.3,8.7,79.0,40.0,91.0,public,True,86.5,100.0,70.0,B,Pass
6338,male,group A,some college,standard,False,7.9,7.6,72.0,100.0,80.0,public,True,86.4,100.0,84.0,B,Pass
6339,male,group A,associate degree,standard,True,4.1,5.9,70.0,78.0,89.0,public,True,87.3,100.0,79.0,B,Pass
6340,female,group D,bachelor degree,standard,False,6.7,6.0,76.0,50.0,53.0,public,True,78.6,100.0,59.67,C,Pass
6341,male,group B,associate degree,standard,True,13.1,8.2,80.0,81.0,78.0,public,True,82.2,100.0,79.67,B,Pass
6342,female,group A,high school,free/reduced,False,4.4,9.9,80.0,76.0,49.0,public,True,81.8,100.0,68.33,C,Pass
6343,female,group D,high school,standard,True,7.7,7.9,46.0,71.0,64.0,international,True,78.4,100.0,60.33,C,Pass
6344,female,group C,master degree,standard,False,20.2,10.1,67.0,62.0,62.0,private,True,79.6,100.0,63.67,C,Pass
6345,male,group B,high school,standard,False,7.9,7.0,85.0,52.0,71.0,public,False,82.9,100.0,69.33,C,Pass
6346,female,group C,associate degree,standard,False,8.0,8.7,44.0,64.0,64.0,private,True,78.3,100.0,57.33,C,Pass
6347,male,group C,high school,standard,True,11.0,8.1,79.0,79.0,74.0,public,True,83.8,100.0,77.33,B,Pass
6348,female,group C,high school,standard,False,9.6,7.5,73.0,48.0,63.0,public,True,85.9,100.0,61.33,C,Pass
6349,female,group B,high school,free/reduced,False,15.1,7.2,83.0,88.0,46.0,private,True,78.1,100.0,72.33,B,Pass
6350,female,group A,some college,free/reduced,True,10.0,6.1,80.0,77.0,79.0,private,False,82.9,100.0,78.67,B,Pass
6351,female,group B,bachelor degree,standard,False,13.2,7.8,63.0,59.0,84.0,private,True,96.4,100.0,68.67,C,Pass
6352,male,group C,associate degree,standard,True,9.5,8.3,83.0,78.0,68.0,public,True,80.3,100.0,76.33,B,Pass
6353,female,group C,bachelor degree,standard,True,9.3,7.2,75.0,98.0,94.0,public,True,83.8,100.0,89.0,A,Pass
6354,female,group A,high school,standard,False,13.5,7.2,83.0,76.0,76.0,private,False,90.0,100.0,78.33,B,Pass
6355,female,group E,bachelor degree,free/reduced,True,10.4,9.2,56.0,52.0,74.0,public,True,68.9,100.0,60.67,C,Pass
6356,female,group E,high school,standard,False,11.2,7.7,86.0,66.0,79.0,public,True,84.6,100.0,77.0,B,Pass
6357,male,group A,some college,free/reduced,False,19.3,6.1,73.0,81.0,68.0,private,True,95.3,100.0,74.0,B,Pass
6358,female,group C,bachelor degree,standard,False,9.6,5.7,78.0,64.0,80.0,international,True,76.9,100.0,74.0,B,Pass
6359,female,group C,associate degree,free/reduced,False,8.2,7.2,44.0,60.0,52.0,private,True,65.9,100.0,52.0,D,Pass
6360,male,group E,bachelor degree,standard,False,12.1,7.7,46.0,83.0,100.0,public,False,78.0,100.0,76.33,B,Pass
6361,female,group E,high school,free/reduced,False,1.6,8.7,57.0,61.0,38.0,public,False,80.3,100.0,52.0,D,Pass
6362,male,group E,high school,free/reduced,False,11.6,7.8,61.0,59.0,81.0,public,True,87.4,100.0,67.0,C,Pass
6363,male,group C,high school,free/reduced,False,6.1,8.0,72.0,70.0,75.0,public,True,81.4,100.0,72.33,B,Pass
6364,male,group E,high school,standard,False,9.9,7.2,75.0,49.0,100.0,public,True,88.3,100.0,74.67,B,Pass
6365,male,group A,high school,standard,True,9.3,7.1,79.0,69.0,62.0,public,True,90.0,100.0,70.0,B,Pass
6366,male,group C,bachelor degree,free/reduced,True,4.9,8.2,70.0,63.0,69.0,private,True,90.9,100.0,67.33,C,Pass
6367,female,group C,high school,standard,True,10.2,9.9,91.0,85.0,72.0,public,True,86.8,100.0,82.67,B,Pass
6368,male,group E,associate degree,standard,True,10.6,5.8,86.0,74.0,80.0,international,True,75.5,100.0,80.0,B,Pass
6369,female,group B,bachelor degree,free/reduced,False,8.9,7.6,38.0,68.0,79.0,international,True,75.6,100.0,61.67,C,Pass
6370,male,group D,high school,standard,True,9.3,6.7,86.0,61.0,62.0,public,True,80.7,100.0,69.67,C,Pass
6371,female,group E,some college,standard,False,7.5,6.7,32.0,72.0,41.0,public,True,73.0,100.0,48.33,D,Pass
6372,male,group D,master degree,free/reduced,True,9.6,6.3,76.0,84.0,78.0,private,True,85.8,100.0,79.33,B,Pass
6373,female,group A,high school,free/reduced,True,9.1,7.1,61.0,71.0,92.0,public,True,90.5,100.0,74.67,B,Pass
6374,male,group E,bachelor degree,standard,True,1.0,7.2,59.0,81.0,73.0,public,True,89.8,100.0,71.0,B,Pass
6375,male,group C,bachelor degree,standard,True,20.3,4.8,76.0,86.0,65.0,public,True,84.4,100.0,75.67,B,Pass
6376,male,group C,high school,free/reduced,False,9.2,6.5,84.0,97.0,47.0,public,True,90.9,100.0,76.0,B,Pass
6377,male,group C,some college,free/reduced,False,15.0,6.1,74.0,88.0,64.0,public,True,86.9,100.0,75.33,B,Pass
6378,male,group C,associate degree,standard,False,6.4,5.0,66.0,75.0,71.0,public,True,83.6,100.0,70.67,B,Pass
6379,female,group C,high school,standard,True,11.9,7.8,84.0,67.0,71.0,public,True,89.1,100.0,74.0,B,Pass
6380,male,group E,high school,standard,False,7.1,6.7,88.0,76.0,96.0,private,True,90.0,100.0,86.67,A,Pass
6381,female,group C,high school,free/reduced,False,0.0,6.6,78.0,67.0,64.0,private,False,93.2,100.0,69.67,C,Pass
6382,female,group C,some college,standard,True,5.5,7.1,77.0,37.0,82.0,international,True,73.9,100.0,65.33,C,Pass
6383,female,group D,bachelor degree,standard,False,7.6,7.2,100.0,69.0,56.0,public,False,82.4,100.0,75.0,B,Pass
6384,female,group C,high school,standard,False,5.2,5.8,70.0,77.0,90.0,public,True,86.0,100.0,79.0,B,Pass
6385,male,group B,high school,standard,True,12.1,6.8,84.0,92.0,63.0,public,True,89.1,100.0,79.67,B,Pass
6386,male,group C,some college,standard,False,17.0,5.6,79.0,72.0,61.0,private,True,89.6,100.0,70.67,B,Pass
6387,male,group D,bachelor degree,standard,False,9.8,7.2,56.0,82.0,76.0,private,False,83.4,100.0,71.33,B,Pass
6388,female,group C,high school,free/reduced,False,13.7,6.2,52.0,74.0,58.0,private,True,72.4,100.0,61.33,C,Pass
6389,female,group A,bachelor degree,standard,True,11.7,7.8,58.0,63.0,63.0,public,True,83.7,100.0,61.33,C,Pass
6390,female,group B,bachelor degree,standard,True,12.6,7.5,61.0,66.0,73.0,public,False,85.4,100.0,66.67,C,Pass
6391,male,group C,associate degree,standard,False,13.2,6.3,54.0,71.0,80.0,public,True,72.6,100.0,68.33,C,Pass
6392,female,group E,some college,standard,True,4.8,8.1,80.0,36.0,81.0,public,True,81.2,100.0,65.67,C,Pass
6393,female,group B,high school,standard,True,9.6,6.3,88.0,66.0,61.0,public,True,75.7,100.0,71.67,B,Pass
6394,male,group D,some college,free/reduced,False,8.5,7.3,84.0,74.0,78.0,public,True,83.1,100.0,78.67,B,Pass
6395,male,group E,high school,standard,False,6.2,6.9,81.0,68.0,67.0,public,True,79.3,100.0,72.0,B,Pass
6396,female,group A,high school,standard,False,6.2,6.0,48.0,79.0,69.0,public,True,85.2,100.0,65.33,C,Pass
6397,male,group E,high school,standard,True,18.7,7.5,82.0,56.0,48.0,public,True,80.4,100.0,62.0,C,Pass
6398,male,group B,high school,standard,False,13.1,9.3,73.0,69.0,58.0,public,False,75.2,100.0,66.67,C,Pass
6399,female,group C,bachelor degree,standard,False,6.4,7.3,78.0,46.0,75.0,public,True,85.9,100.0,66.33,C,Pass
6400,female,group C,master degree,standard,False,4.5,6.1,82.0,58.0,79.0,public,True,77.0,100.0,73.0,B,Pass
6401,male,group B,master degree,standard,False,9.6,7.0,76.0,66.0,55.0,private,True,82.9,100.0,65.67,C,Pass
6402,male,group E,some college,standard,True,9.4,8.6,62.0,87.0,69.0,public,True,80.0,100.0,72.67,B,Pass
6403,female,group E,some college,free/reduced,False,12.9,8.8,68.0,98.0,68.0,public,True,84.4,100.0,78.0,B,Pass
6404,male,group B,high school,standard,False,11.9,8.8,46.0,74.0,71.0,private,True,82.9,100.0,63.67,C,Pass
6405,male,group D,high school,standard,True,13.5,6.4,50.0,86.0,57.0,public,True,83.3,100.0,64.33,C,Pass
6406,female,group D,some college,standard,True,9.5,5.0,60.0,38.0,56.0,public,True,82.2,100.0,51.33,D,Pass
6407,male,group B,bachelor degree,standard,False,12.8,7.9,68.0,80.0,46.0,private,True,80.5,100.0,64.67,C,Pass
6408,male,group D,high school,standard,False,15.8,6.0,58.0,43.0,94.0,international,True,82.5,100.0,65.0,C,Pass
6409,female,group A,bachelor degree,free/reduced,True,10.7,6.4,60.0,50.0,50.0,public,True,74.1,100.0,53.33,D,Pass
6410,male,group B,bachelor degree,free/reduced,False,11.4,7.3,33.0,85.0,67.0,public,True,80.6,100.0,61.67,C,Pass
6411,female,group A,bachelor degree,standard,False,4.2,7.9,57.0,70.0,58.0,public,True,81.9,100.0,61.67,C,Pass
6412,female,group A,some college,standard,False,9.6,9.0,72.0,80.0,71.0,international,True,84.1,100.0,74.33,B,Pass
6413,female,group D,some college,free/reduced,True,18.2,9.2,86.0,39.0,53.0,public,True,69.7,100.0,59.33,C,Pass
6414,male,group D,associate degree,free/reduced,True,25.2,7.1,100.0,71.0,59.0,public,True,87.2,100.0,76.67,B,Pass
6415,male,group B,bachelor degree,free/reduced,True,9.6,8.0,74.0,71.0,84.0,public,True,87.2,100.0,76.33,B,Pass
6416,female,group B,high school,free/reduced,True,4.9,6.3,37.0,52.0,71.0,private,True,72.8,100.0,53.33,D,Pass
6417,female,group E,some college,standard,False,11.4,8.6,38.0,63.0,71.0,public,True,71.4,100.0,57.33,C,Pass
6418,male,group E,some college,standard,True,0.1,4.9,59.0,73.0,69.0,private,True,89.2,100.0,67.0,C,Pass
6419,female,group E,high school,standard,True,6.7,6.8,51.0,83.0,71.0,public,True,84.7,100.0,68.33,C,Pass
6420,female,group B,some college,standard,True,11.0,8.3,73.0,67.0,77.0,public,True,82.8,100.0,72.33,B,Pass
6421,male,group B,some college,free/reduced,True,7.4,8.5,51.0,75.0,96.0,public,True,78.9,100.0,74.0,B,Pass
6422,female,group B,master degree,standard,False,14.2,8.9,66.0,74.0,72.0,public,False,79.2,100.0,70.67,B,Pass
6423,female,group D,high school,standard,False,13.5,8.3,82.0,98.0,80.0,international,True,96.2,100.0,86.67,A,Pass
6424,male,group A,bachelor degree,free/reduced,False,11.9,6.5,86.0,71.0,91.0,international,True,88.6,100.0,82.67,B,Pass
6425,male,group D,bachelor degree,standard,True,10.5,6.0,32.0,73.0,58.0,public,True,74.0,100.0,54.33,D,Pass
6426,female,group B,high school,free/reduced,False,12.2,7.3,81.0,85.0,61.0,public,True,87.8,100.0,75.67,B,Pass
6427,male,group C,associate degree,standard,False,10.9,7.1,65.0,81.0,77.0,public,True,80.7,100.0,74.33,B,Pass
6428,male,group A,associate degree,standard,True,6.8,8.7,66.0,73.0,85.0,public,True,92.4,100.0,74.67,B,Pass
6429,female,group B,associate degree,free/reduced,False,10.6,6.3,64.0,75.0,61.0,private,True,88.4,100.0,66.67,C,Pass
6430,male,group E,high school,free/reduced,False,7.9,7.2,56.0,75.0,53.0,public,True,77.2,100.0,61.33,C,Pass
6431,female,group B,bachelor degree,standard,False,12.4,5.1,96.0,66.0,63.0,public,True,81.9,100.0,75.0,B,Pass
6432,female,group E,high school,free/reduced,False,2.2,6.8,88.0,61.0,78.0,private,True,72.2,100.0,75.67,B,Pass
6433,male,group A,associate degree,free/reduced,False,12.9,7.7,95.0,71.0,81.0,public,True,80.4,100.0,82.33,B,Pass
6434,female,group D,high school,standard,False,10.5,6.5,74.0,81.0,76.0,public,True,79.1,100.0,77.0,B,Pass
6435,male,group C,some college,free/reduced,False,6.3,5.0,77.0,54.0,71.0,public,True,82.5,100.0,67.33,C,Pass
6436,male,group A,associate degree,standard,True,3.5,7.0,71.0,99.0,80.0,public,True,86.7,100.0,83.33,B,Pass
6437,female,group C,high school,free/reduced,False,12.0,7.3,70.0,79.0,62.0,public,True,76.4,100.0,70.33,B,Pass
6438,female,group B,associate degree,standard,False,10.8,8.5,49.0,60.0,62.0,public,True,76.4,100.0,57.0,C,Pass
6439,male,group C,associate degree,free/reduced,True,11.0,8.3,83.0,70.0,79.0,public,False,88.5,100.0,77.33,B,Pass
6440,female,group D,associate degree,standard,True,12.5,5.7,73.0,67.0,70.0,public,False,85.6,100.0,70.0,B,Pass
6441,female,group C,high school,free/reduced,True,11.5,8.2,73.0,31.0,71.0,public,True,68.8,100.0,58.33,C,Pass
6442,male,group B,high school,standard,False,17.9,6.2,61.0,75.0,62.0,public,False,80.8,100.0,66.0,C,Pass
6443,female,group E,high school,free/reduced,True,0.0,8.4,89.0,61.0,82.0,public,True,79.0,100.0,77.33,B,Pass
6444,female,group D,master degree,free/reduced,False,14.3,6.8,49.0,84.0,64.0,public,True,85.8,100.0,65.67,C,Pass
6445,female,group E,high school,standard,False,7.2,6.8,74.0,76.0,47.0,public,True,85.2,100.0,65.67,C,Pass
6446,male,group C,high school,standard,True,15.3,7.4,75.0,91.0,69.0,public,True,81.8,100.0,78.33,B,Pass
6447,male,group D,master degree,standard,False,9.6,5.2,62.0,75.0,67.0,public,True,78.4,100.0,68.0,C,Pass
6448,female,group D,high school,standard,True,19.2,6.5,81.0,81.0,68.0,public,True,83.4,100.0,76.67,B,Pass
6449,male,group D,high school,standard,False,14.2,7.1,63.0,55.0,86.0,public,True,70.9,100.0,68.0,C,Pass
6450,female,group C,high school,free/reduced,True,0.6,5.0,92.0,39.0,42.0,private,True,79.7,100.0,57.67,C,Pass
6451,male,group C,high school,standard,True,11.2,5.9,64.0,65.0,50.0,public,True,77.5,100.0,59.67,C,Pass
6452,male,group C,high school,standard,False,8.4,8.4,87.0,69.0,53.0,public,True,87.7,100.0,69.67,C,Pass
6453,male,group E,associate degree,free/reduced,True,7.3,8.4,59.0,67.0,90.0,public,True,78.3,100.0,72.0,B,Pass
6454,male,group E,bachelor degree,standard,True,3.3,6.7,100.0,81.0,58.0,public,True,83.8,100.0,79.67,B,Pass
6455,male,group E,some college,standard,False,11.5,8.1,63.0,98.0,57.0,public,True,76.5,100.0,72.67,B,Pass
6456,male,group C,high school,standard,False,9.5,9.6,41.0,86.0,61.0,private,True,75.0,100.0,62.67,C,Pass
6457,female,group A,bachelor degree,standard,True,9.1,8.3,66.0,72.0,73.0,private,True,77.2,100.0,70.33,B,Pass
6458,male,group D,associate degree,standard,False,16.5,6.3,83.0,77.0,84.0,public,True,92.5,100.0,81.33,B,Pass
6459,female,group D,bachelor degree,free/reduced,True,10.9,6.3,72.0,65.0,67.0,private,False,78.7,100.0,68.0,C,Pass
6460,male,group A,associate degree,standard,True,15.9,6.6,88.0,70.0,71.0,public,True,86.0,100.0,76.33,B,Pass
6461,male,group E,high school,standard,True,10.8,6.4,71.0,67.0,76.0,private,True,81.6,100.0,71.33,B,Pass
6462,female,group D,high school,standard,True,11.3,5.5,66.0,89.0,71.0,public,True,78.7,100.0,75.33,B,Pass
6463,male,group E,bachelor degree,standard,True,19.2,6.7,82.0,82.0,61.0,public,False,84.2,100.0,75.0,B,Pass
6464,male,group E,high school,standard,False,12.4,6.5,58.0,100.0,75.0,public,True,89.1,100.0,77.67,B,Pass
6465,male,group E,bachelor degree,free/reduced,False,0.9,6.4,62.0,77.0,71.0,public,True,77.0,100.0,70.0,B,Pass
6466,female,group E,bachelor degree,free/reduced,True,7.4,6.6,62.0,58.0,75.0,public,True,85.0,100.0,65.0,C,Pass
6467,male,group B,some college,standard,True,5.2,6.1,48.0,44.0,70.0,international,True,72.4,100.0,54.0,D,Pass
6468,female,group B,some college,standard,True,4.5,6.8,92.0,93.0,53.0,public,True,84.3,100.0,79.33,B,Pass
6469,female,group E,high school,standard,True,1.6,6.0,57.0,41.0,80.0,international,True,81.4,100.0,59.33,C,Pass
6470,female,group D,high school,free/reduced,False,6.3,7.5,72.0,83.0,96.0,public,True,85.1,100.0,83.67,B,Pass
6471,male,group C,bachelor degree,standard,True,7.2,8.3,88.0,84.0,71.0,public,False,87.5,100.0,81.0,B,Pass
6472,female,group E,bachelor degree,standard,True,2.6,10.7,69.0,88.0,66.0,public,False,83.2,100.0,74.33,B,Pass
6473,male,group B,high school,standard,False,4.9,8.1,55.0,75.0,69.0,public,True,82.2,100.0,66.33,C,Pass
6474,female,group D,high school,standard,True,13.0,8.1,82.0,75.0,87.0,public,False,75.6,100.0,81.33,B,Pass
6475,female,group C,high school,standard,True,8.1,5.8,94.0,82.0,71.0,public,True,78.8,100.0,82.33,B,Pass
6476,female,group B,associate degree,standard,False,5.0,8.6,92.0,59.0,65.0,public,True,86.9,100.0,72.0,B,Pass
6477,male,group E,some college,standard,False,15.7,8.9,65.0,74.0,70.0,public,True,88.1,100.0,69.67,C,Pass
6478,female,group A,high school,standard,False,13.9,7.6,68.0,70.0,67.0,public,True,77.8,100.0,68.33,C,Pass
6479,male,group E,some college,standard,True,14.0,5.7,76.0,95.0,71.0,public,True,85.9,100.0,80.67,B,Pass
6480,female,group A,master degree,standard,True,13.5,6.4,72.0,76.0,79.0,public,True,86.7,100.0,75.67,B,Pass
6481,male,group B,high school,free/reduced,True,6.6,5.8,56.0,72.0,89.0,public,True,87.4,100.0,72.33,B,Pass
6482,female,group A,some college,standard,True,1.9,5.8,52.0,69.0,72.0,private,True,70.6,100.0,64.33,C,Pass
6483,female,group A,high school,standard,False,0.1,8.4,67.0,69.0,85.0,public,True,80.0,100.0,73.67,B,Pass
6484,female,group E,bachelor degree,standard,True,17.0,5.4,98.0,53.0,66.0,private,True,82.3,100.0,72.33,B,Pass
6485,female,group A,bachelor degree,standard,False,9.9,6.9,61.0,48.0,62.0,public,True,81.3,100.0,57.0,C,Pass
6486,female,group A,bachelor degree,standard,False,3.6,7.2,81.0,92.0,69.0,private,True,99.8,100.0,80.67,B,Pass
6487,female,group E,high school,free/reduced,False,10.3,5.6,78.0,41.0,71.0,public,True,79.2,100.0,63.33,C,Pass
6488,female,group E,bachelor degree,standard,False,7.9,8.3,48.0,76.0,71.0,international,False,73.8,100.0,65.0,C,Pass
6489,female,group B,some college,free/reduced,False,8.3,6.5,55.0,62.0,64.0,public,True,81.1,100.0,60.33,C,Pass
6490,male,group B,high school,free/reduced,True,8.1,7.4,56.0,72.0,78.0,private,True,89.1,100.0,68.67,C,Pass
6491,female,group C,bachelor degree,standard,False,10.6,7.1,73.0,48.0,65.0,international,False,80.3,100.0,62.0,C,Pass
6492,male,group A,master degree,standard,True,9.6,7.2,70.0,69.0,73.0,international,True,78.7,100.0,70.67,B,Pass
6493,male,group C,high school,standard,True,11.4,6.4,72.0,55.0,76.0,public,True,86.9,100.0,67.67,C,Pass
6494,male,group C,associate degree,standard,False,8.9,6.6,83.0,68.0,62.0,private,True,86.7,100.0,71.0,B,Pass
6495,male,group C,high school,standard,False,4.6,7.6,61.0,58.0,83.0,public,True,76.8,100.0,67.33,C,Pass
6496,female,group D,high school,free/reduced,True,4.6,6.2,65.0,75.0,73.0,international,True,85.3,100.0,71.0,B,Pass
6497,male,group C,some college,standard,False,2.5,7.5,79.0,79.0,41.0,public,True,86.5,100.0,66.33,C,Pass
6498,female,group E,associate degree,standard,False,15.8,6.5,51.0,71.0,81.0,international,True,87.8,100.0,67.67,C,Pass
6499,male,group C,master degree,standard,True,6.1,7.2,57.0,49.0,76.0,public,True,78.9,100.0,60.67,C,Pass
6500,female,group B,some college,standard,True,4.5,6.3,72.0,60.0,66.0,international,True,79.6,100.0,66.0,C,Pass
6501,female,group D,associate degree,standard,False,18.2,7.1,80.0,82.0,58.0,public,False,90.5,100.0,73.33,B,Pass
6502,male,group B,master degree,free/reduced,True,6.7,8.7,57.0,83.0,85.0,public,False,78.9,100.0,75.0,B,Pass
6503,male,group A,bachelor degree,standard,True,11.1,7.8,77.0,61.0,100.0,public,True,88.9,100.0,79.33,B,Pass
6504,male,group B,bachelor degree,free/reduced,False,5.1,5.8,79.0,79.0,57.0,public,False,76.8,100.0,71.67,B,Pass
6505,male,group E,high school,free/reduced,True,4.5,5.7,77.0,76.0,55.0,public,True,88.1,100.0,69.33,C,Pass
6506,male,group C,associate degree,standard,False,10.2,7.2,56.0,71.0,81.0,public,True,81.3,100.0,69.33,C,Pass
6507,female,group D,high school,standard,True,13.4,7.4,71.0,89.0,83.0,public,True,93.7,100.0,81.0,B,Pass
6508,male,group D,associate degree,standard,True,19.2,6.3,97.0,100.0,84.0,private,True,94.9,100.0,93.67,A,Pass
6509,female,group C,associate degree,standard,True,6.6,7.4,53.0,57.0,79.0,public,True,74.1,100.0,63.0,C,Pass
6510,female,group D,some college,standard,True,5.7,7.4,39.0,68.0,65.0,public,True,85.1,100.0,57.33,C,Pass
6511,male,group E,some college,standard,False,14.5,7.0,90.0,76.0,71.0,public,False,94.4,100.0,79.0,B,Pass
6512,male,group E,some college,free/reduced,True,8.3,6.3,74.0,70.0,70.0,public,False,87.9,100.0,71.33,B,Pass
6513,female,group A,some college,standard,True,9.6,7.8,95.0,72.0,83.0,public,True,84.5,100.0,83.33,B,Pass
6514,male,group C,bachelor degree,free/reduced,False,11.3,7.2,72.0,77.0,62.0,public,True,81.6,100.0,70.33,B,Pass
6515,female,group C,associate degree,free/reduced,True,2.9,7.4,71.0,57.0,63.0,public,True,81.2,100.0,63.67,C,Pass
6516,male,group E,some college,standard,False,10.4,6.0,66.0,91.0,45.0,public,True,78.4,100.0,67.33,C,Pass
6517,female,group C,master degree,standard,False,15.0,6.3,65.0,71.0,71.0,public,True,90.9,100.0,69.0,C,Pass
6518,female,group B,high school,standard,False,15.2,5.8,70.0,86.0,58.0,public,True,84.3,100.0,71.33,B,Pass
6519,female,group E,some college,standard,True,5.3,7.5,79.0,83.0,68.0,international,False,72.1,100.0,76.67,B,Pass
6520,male,group D,high school,free/reduced,False,6.6,5.3,67.0,81.0,66.0,public,True,85.2,100.0,71.33,B,Pass
6521,female,group C,some college,standard,True,11.9,5.9,100.0,74.0,63.0,private,False,84.9,100.0,79.0,B,Pass
6522,female,group C,master degree,standard,True,9.6,8.0,55.0,64.0,43.0,public,True,76.2,100.0,54.0,D,Pass
6523,male,group B,associate degree,standard,False,13.9,4.4,57.0,59.0,54.0,private,True,75.8,100.0,56.67,C,Pass
6524,male,group A,high school,free/reduced,False,8.9,8.5,75.0,76.0,71.0,public,True,88.5,100.0,74.0,B,Pass
6525,female,group E,associate degree,standard,False,9.6,8.1,81.0,98.0,64.0,private,True,93.0,100.0,81.0,B,Pass
6526,male,group D,bachelor degree,standard,False,9.0,7.9,48.0,73.0,78.0,public,True,82.9,100.0,66.33,C,Pass
6527,female,group C,high school,standard,False,5.7,7.5,99.0,78.0,79.0,private,False,87.4,100.0,85.33,A,Pass
6528,male,group C,some college,standard,True,8.1,7.2,60.0,66.0,79.0,public,True,82.1,100.0,68.33,C,Pass
6529,female,group E,master degree,standard,False,9.6,7.9,61.0,73.0,73.0,public,True,82.7,100.0,69.0,C,Pass
6530,male,group A,high school,standard,True,8.4,8.8,75.0,79.0,60.0,private,True,79.5,100.0,71.33,B,Pass
6531,male,group A,some college,free/reduced,False,0.4,7.4,68.0,83.0,62.0,public,True,86.3,100.0,71.0,B,Pass
6532,female,group C,high school,standard,False,13.9,8.9,73.0,70.0,61.0,private,True,84.5,100.0,68.0,C,Pass
6533,female,group C,some college,free/reduced,True,7.9,7.2,98.0,72.0,67.0,international,True,94.3,100.0,79.0,B,Pass
6534,female,group B,bachelor degree,standard,False,12.7,4.0,90.0,61.0,82.0,private,True,92.3,100.0,77.67,B,Pass
6535,female,group D,some college,standard,True,12.6,6.7,43.0,88.0,71.0,public,True,78.4,100.0,67.33,C,Pass
6536,female,group D,master degree,standard,True,16.6,6.5,65.0,85.0,47.0,private,False,85.4,100.0,65.67,C,Pass
6537,female,group E,associate degree,standard,True,4.5,9.4,57.0,67.0,51.0,private,True,73.6,100.0,58.33,C,Pass
6538,female,group A,high school,standard,True,13.9,6.5,87.0,70.0,60.0,public,True,87.4,100.0,72.33,B,Pass
6539,female,group D,high school,free/reduced,False,4.1,6.6,77.0,51.0,92.0,public,True,81.8,100.0,73.33,B,Pass
6540,female,group C,some college,free/reduced,False,15.4,6.8,75.0,56.0,73.0,public,True,77.1,100.0,68.0,C,Pass
6541,male,group D,high school,standard,False,5.4,7.7,72.0,47.0,73.0,private,True,82.0,100.0,64.0,C,Pass
6542,male,group B,some college,standard,True,11.3,5.9,84.0,70.0,66.0,public,True,71.0,100.0,73.33,B,Pass
6543,female,group D,associate degree,standard,False,14.7,6.2,91.0,65.0,37.0,public,True,72.0,100.0,64.33,C,Pass
6544,male,group D,high school,standard,True,9.5,8.3,87.0,90.0,77.0,public,True,88.0,100.0,84.67,B,Pass
6545,male,group B,high school,free/reduced,False,5.8,6.1,70.0,50.0,72.0,public,True,81.0,100.0,64.0,C,Pass
6546,female,group B,bachelor degree,standard,True,9.6,5.4,82.0,56.0,49.0,public,True,78.1,100.0,62.33,C,Pass
6547,female,group B,some college,standard,True,8.6,7.5,53.0,47.0,80.0,public,True,71.1,100.0,60.0,C,Pass
6548,female,group B,some college,standard,False,16.9,8.4,33.0,56.0,76.0,public,True,72.9,100.0,55.0,C,Pass
6549,male,group C,high school,standard,False,3.6,9.0,100.0,100.0,75.0,public,True,93.6,100.0,91.67,A,Pass
6550,female,group B,associate degree,free/reduced,False,14.3,7.2,76.0,38.0,55.0,public,True,80.4,100.0,56.33,C,Pass
6551,female,group E,high school,free/reduced,True,11.7,8.3,53.0,59.0,67.0,private,True,78.8,100.0,59.67,C,Pass
6552,male,group B,bachelor degree,standard,True,3.2,8.3,90.0,65.0,59.0,public,True,89.3,100.0,71.33,B,Pass
6553,female,group E,bachelor degree,standard,False,13.4,6.6,69.0,47.0,80.0,public,True,83.1,100.0,65.33,C,Pass
6554,female,group A,associate degree,standard,False,9.0,11.0,45.0,80.0,63.0,public,True,76.3,100.0,62.67,C,Pass
6555,male,group C,high school,standard,True,15.6,6.9,63.0,81.0,88.0,international,True,84.5,100.0,77.33,B,Pass
6556,male,group C,high school,free/reduced,True,16.5,7.3,78.0,69.0,68.0,public,True,76.7,100.0,71.67,B,Pass
6557,male,group B,some college,standard,False,7.8,6.4,66.0,58.0,71.0,public,True,80.5,100.0,65.0,C,Pass
6558,male,group B,some college,standard,False,2.6,10.6,86.0,68.0,53.0,public,True,88.2,100.0,69.0,C,Pass
6559,female,group D,bachelor degree,standard,False,8.0,7.6,74.0,85.0,71.0,public,True,89.1,100.0,76.67,B,Pass
6560,female,group C,high school,standard,True,9.5,7.4,69.0,66.0,44.0,public,True,85.9,100.0,59.67,C,Pass
6561,female,group A,associate degree,standard,False,6.3,8.1,62.0,76.0,50.0,public,False,78.6,100.0,62.67,C,Pass
6562,female,group B,high school,free/reduced,True,6.6,6.9,57.0,87.0,83.0,private,True,92.0,100.0,75.67,B,Pass
6563,male,group C,master degree,free/reduced,True,12.2,7.4,54.0,87.0,58.0,public,True,80.6,100.0,66.33,C,Pass
6564,male,group A,some college,standard,False,17.1,8.8,41.0,69.0,82.0,international,True,88.0,100.0,64.0,C,Pass
6565,male,group B,associate degree,standard,False,9.6,7.2,80.0,71.0,73.0,private,True,84.6,100.0,74.67,B,Pass
6566,female,group E,bachelor degree,free/reduced,True,11.2,8.6,79.0,65.0,85.0,private,False,89.1,100.0,76.33,B,Pass
6567,female,group A,high school,free/reduced,False,9.6,8.7,83.0,90.0,71.0,public,True,94.8,100.0,81.33,B,Pass
6568,male,group D,high school,standard,False,9.7,5.1,60.0,73.0,84.0,public,True,83.0,100.0,72.33,B,Pass
6569,female,group A,some college,standard,True,11.7,6.2,66.0,52.0,76.0,public,True,82.0,100.0,64.67,C,Pass
6570,male,group B,high school,standard,False,8.4,8.0,78.0,66.0,77.0,international,False,90.9,100.0,73.67,B,Pass
6571,male,group B,associate degree,standard,False,13.2,8.3,58.0,71.0,95.0,private,True,84.1,100.0,74.67,B,Pass
6572,male,group B,high school,standard,False,16.8,5.8,82.0,70.0,80.0,private,True,79.3,100.0,77.33,B,Pass
6573,female,group A,associate degree,standard,False,6.0,10.1,70.0,48.0,80.0,public,True,92.1,100.0,66.0,C,Pass
6574,female,group A,high school,standard,False,10.6,7.2,76.0,73.0,89.0,public,True,84.4,100.0,79.33,B,Pass
6575,male,group C,some college,free/reduced,True,16.7,5.6,79.0,94.0,51.0,private,True,85.7,100.0,74.67,B,Pass
6576,female,group B,master degree,standard,False,9.7,6.1,80.0,65.0,60.0,public,True,88.1,100.0,68.33,C,Pass
6577,male,group E,some college,free/reduced,True,0.4,7.7,48.0,54.0,88.0,private,False,77.3,100.0,63.33,C,Pass
6578,female,group C,some college,free/reduced,False,13.0,5.9,93.0,96.0,71.0,private,False,84.5,100.0,86.67,A,Pass
6579,male,group D,associate degree,standard,True,12.9,9.0,62.0,100.0,97.0,private,True,90.8,100.0,86.33,A,Pass
6580,male,group A,high school,free/reduced,False,17.3,8.0,100.0,60.0,74.0,public,True,77.2,100.0,78.0,B,Pass
6581,female,group E,high school,standard,False,0.7,9.3,58.0,55.0,49.0,private,True,75.2,100.0,54.0,D,Pass
6582,female,group A,bachelor degree,free/reduced,False,9.0,6.4,49.0,77.0,73.0,public,True,82.8,100.0,66.33,C,Pass
6583,female,group D,high school,free/reduced,True,5.5,5.8,63.0,50.0,97.0,public,True,81.7,100.0,70.0,B,Pass
6584,female,group C,high school,free/reduced,False,20.9,7.6,60.0,60.0,56.0,international,True,70.7,100.0,58.67,C,Pass
6585,male,group E,high school,standard,False,5.2,9.4,42.0,35.0,75.0,public,True,83.2,100.0,50.67,D,Pass
6586,female,group E,associate degree,free/reduced,True,3.5,9.1,42.0,67.0,80.0,international,True,80.7,100.0,63.0,C,Pass
6587,female,group D,high school,standard,True,8.8,7.7,57.0,76.0,77.0,public,True,90.2,100.0,70.0,B,Pass
6588,male,group D,high school,standard,False,4.0,8.0,74.0,95.0,71.0,private,True,85.6,100.0,80.0,B,Pass
6589,female,group E,master degree,standard,False,9.6,5.4,79.0,71.0,84.0,public,True,81.7,100.0,78.0,B,Pass
6590,male,group C,high school,free/reduced,False,0.3,8.7,61.0,72.0,71.0,public,False,83.4,100.0,68.0,C,Pass
6591,male,group C,high school,standard,False,3.9,5.8,68.0,76.0,74.0,public,False,83.0,100.0,72.67,B,Pass
6592,female,group B,some college,free/reduced,False,7.6,7.5,78.0,88.0,91.0,private,False,83.4,100.0,85.67,A,Pass
6593,male,group B,high school,standard,True,11.4,7.0,81.0,71.0,71.0,private,True,91.8,100.0,74.33,B,Pass
6594,male,group B,master degree,standard,True,9.6,8.5,86.0,87.0,64.0,international,True,83.5,100.0,79.0,B,Pass
6595,male,group D,high school,free/reduced,False,12.4,6.9,84.0,77.0,62.0,public,True,75.5,100.0,74.33,B,Pass
6596,female,group B,associate degree,standard,False,15.4,6.9,77.0,64.0,55.0,private,True,87.8,100.0,65.33,C,Pass
6597,female,group D,master degree,standard,True,16.7,7.3,89.0,88.0,88.0,private,True,87.8,100.0,88.33,A,Pass
6598,female,group C,associate degree,standard,True,14.1,7.2,77.0,70.0,61.0,public,True,79.7,100.0,69.33,C,Pass
6599,male,group C,high school,free/reduced,True,2.3,8.6,52.0,86.0,65.0,international,False,73.2,100.0,67.67,C,Pass
6600,male,group D,high school,standard,True,10.0,6.8,82.0,75.0,60.0,private,True,92.6,100.0,72.33,B,Pass
6601,male,group C,high school,standard,True,0.0,7.9,81.0,53.0,69.0,private,True,75.6,100.0,67.67,C,Pass
6602,female,group C,bachelor degree,free/reduced,False,4.5,7.2,65.0,53.0,36.0,public,False,75.8,100.0,51.33,D,Pass
6603,female,group E,some college,standard,True,16.0,7.1,65.0,71.0,70.0,public,True,87.0,100.0,68.67,C,Pass
6604,female,group D,high school,standard,False,9.4,7.4,61.0,71.0,78.0,private,True,85.1,100.0,70.0,B,Pass
6605,female,group B,master degree,free/reduced,False,8.4,4.5,86.0,64.0,75.0,private,True,84.7,100.0,75.0,B,Pass
6606,female,group B,high school,standard,False,11.0,8.2,91.0,81.0,54.0,public,True,76.6,100.0,75.33,B,Pass
6607,female,group C,high school,standard,True,14.4,10.0,90.0,67.0,58.0,public,True,79.6,100.0,71.67,B,Pass
6608,female,group A,associate degree,free/reduced,False,10.6,5.6,87.0,75.0,43.0,public,True,83.3,100.0,68.33,C,Pass
6609,male,group B,associate degree,free/reduced,False,0.0,9.0,98.0,60.0,61.0,public,True,80.3,100.0,73.0,B,Pass
6610,male,group A,associate degree,free/reduced,False,6.1,8.4,72.0,86.0,76.0,public,True,87.2,100.0,78.0,B,Pass
6611,female,group C,some college,standard,False,0.0,6.3,91.0,65.0,61.0,private,True,87.3,100.0,72.33,B,Pass
6612,female,group E,some college,standard,True,9.6,5.8,68.0,80.0,79.0,public,True,90.1,100.0,75.67,B,Pass
6613,male,group D,high school,standard,True,13.8,7.2,73.0,76.0,66.0,public,False,77.5,100.0,71.67,B,Pass
6614,female,group B,bachelor degree,standard,True,11.5,7.2,65.0,97.0,75.0,private,True,97.6,100.0,79.0,B,Pass
6615,female,group B,some college,standard,False,2.7,5.1,76.0,86.0,75.0,international,False,90.4,100.0,79.0,B,Pass
6616,male,group D,some college,standard,False,17.4,8.1,76.0,53.0,44.0,private,True,78.1,100.0,57.67,C,Pass
6617,female,group A,bachelor degree,standard,True,9.6,7.7,86.0,100.0,62.0,public,False,93.5,100.0,82.67,B,Pass
6618,male,group D,some college,standard,False,0.8,8.3,82.0,70.0,46.0,public,True,93.2,100.0,66.0,C,Pass
6619,female,group D,some college,standard,True,15.6,6.0,91.0,75.0,59.0,public,True,77.8,100.0,75.0,B,Pass
6620,male,group D,master degree,standard,True,0.7,9.5,80.0,30.0,71.0,private,True,77.9,100.0,60.33,C,Pass
6621,female,group C,associate degree,standard,True,1.6,8.6,71.0,71.0,77.0,international,True,72.3,100.0,73.0,B,Pass
6622,male,group A,high school,standard,True,9.6,5.0,74.0,58.0,95.0,public,True,86.2,100.0,75.67,B,Pass
6623,male,group D,bachelor degree,standard,False,16.3,9.2,61.0,54.0,72.0,private,True,81.8,100.0,62.33,C,Pass
6624,male,group C,high school,free/reduced,True,7.7,6.7,80.0,71.0,73.0,public,True,84.5,100.0,74.67,B,Pass
6625,male,group E,high school,standard,True,12.0,8.9,85.0,57.0,71.0,public,True,80.1,100.0,71.0,B,Pass
6626,female,group C,associate degree,standard,False,11.3,7.3,85.0,69.0,63.0,public,False,73.7,100.0,72.33,B,Pass
6627,male,group D,high school,free/reduced,False,9.6,8.9,92.0,81.0,75.0,public,True,89.9,100.0,82.67,B,Pass
6628,male,group B,high school,standard,True,14.4,9.1,73.0,76.0,61.0,public,False,90.3,100.0,70.0,B,Pass
6629,male,group C,some college,standard,False,2.6,10.9,88.0,61.0,92.0,public,True,84.2,100.0,80.33,B,Pass
6630,female,group D,high school,standard,False,10.7,7.7,68.0,46.0,96.0,international,True,85.2,100.0,70.0,B,Pass
6631,male,group E,high school,standard,False,1.9,8.5,76.0,87.0,67.0,public,True,77.8,100.0,76.67,B,Pass
6632,male,group C,associate degree,standard,True,18.0,5.3,65.0,69.0,75.0,public,True,85.2,100.0,69.67,C,Pass
6633,male,group E,some college,standard,False,16.6,6.8,85.0,59.0,58.0,public,True,80.0,100.0,67.33,C,Pass
6634,female,group C,high school,standard,True,9.6,6.1,53.0,81.0,66.0,public,True,77.9,100.0,66.67,C,Pass
6635,male,group C,high school,standard,False,9.5,7.2,74.0,58.0,50.0,public,True,75.5,100.0,60.67,C,Pass
6636,female,group E,some college,standard,True,14.5,5.9,78.0,77.0,53.0,private,True,80.8,100.0,69.33,C,Pass
6637,male,group C,high school,standard,False,7.1,5.7,71.0,76.0,92.0,private,True,88.8,100.0,79.67,B,Pass
6638,female,group D,some college,free/reduced,False,10.6,7.1,64.0,100.0,85.0,public,True,81.6,100.0,83.0,B,Pass
6639,male,group E,associate degree,standard,False,6.7,7.8,80.0,52.0,59.0,public,True,78.5,100.0,63.67,C,Pass
6640,male,group E,bachelor degree,standard,False,8.7,4.4,67.0,69.0,66.0,private,True,81.7,100.0,67.33,C,Pass
6641,male,group D,bachelor degree,standard,False,10.2,7.1,37.0,57.0,61.0,public,True,70.2,100.0,51.67,D,Pass
6642,female,group C,some college,standard,False,6.8,8.4,68.0,81.0,76.0,public,True,94.0,100.0,75.0,B,Pass
6643,female,group E,high school,free/reduced,False,11.8,8.1,74.0,61.0,67.0,private,True,77.7,100.0,67.33,C,Pass
6644,female,group E,high school,standard,False,0.0,7.3,77.0,58.0,79.0,public,True,80.2,100.0,71.33,B,Pass
6645,female,group E,high school,standard,True,9.6,6.9,67.0,84.0,80.0,public,True,80.9,100.0,77.0,B,Pass
6646,female,group D,high school,standard,True,9.6,6.3,35.0,73.0,77.0,public,True,88.7,100.0,61.67,C,Pass
6647,female,group C,bachelor degree,standard,False,6.5,8.7,72.0,69.0,69.0,public,True,85.8,100.0,70.0,B,Pass
6648,male,group B,high school,free/reduced,True,9.6,6.8,66.0,74.0,67.0,public,True,77.9,100.0,69.0,C,Pass
6649,female,group B,some college,standard,False,14.6,8.0,44.0,75.0,55.0,international,True,83.7,100.0,58.0,C,Pass
6650,female,group A,high school,standard,False,11.1,9.5,71.0,71.0,82.0,public,True,85.7,100.0,74.67,B,Pass
6651,female,group E,master degree,standard,False,7.6,8.6,100.0,74.0,73.0,public,True,89.2,100.0,82.33,B,Pass
6652,male,group B,some college,standard,False,4.8,7.1,62.0,88.0,73.0,public,True,83.0,100.0,74.33,B,Pass
6653,male,group E,some college,standard,False,12.5,7.3,90.0,97.0,70.0,public,True,85.5,100.0,85.67,A,Pass
6654,male,group D,associate degree,free/reduced,False,9.6,6.9,94.0,50.0,52.0,public,True,82.8,100.0,65.33,C,Pass
6655,female,group A,some college,standard,True,3.0,7.8,57.0,95.0,78.0,public,True,82.9,100.0,76.67,B,Pass
6656,female,group A,associate degree,standard,False,7.7,5.8,88.0,50.0,74.0,public,True,92.4,100.0,70.67,B,Pass
6657,female,group B,master degree,standard,False,8.5,5.4,36.0,89.0,62.0,public,False,73.6,100.0,62.33,C,Pass
6658,female,group A,high school,standard,False,16.2,6.0,83.0,71.0,60.0,public,True,91.1,100.0,71.33,B,Pass
6659,female,group A,some college,free/reduced,False,4.5,6.8,68.0,47.0,83.0,public,True,80.8,100.0,66.0,C,Pass
6660,female,group B,master degree,free/reduced,True,13.4,7.0,52.0,94.0,50.0,public,True,82.6,100.0,65.33,C,Pass
6661,female,group E,bachelor degree,standard,True,9.2,8.7,58.0,47.0,62.0,public,True,81.4,100.0,55.67,C,Pass
6662,female,group B,associate degree,standard,True,13.5,5.1,64.0,59.0,73.0,public,True,78.0,100.0,65.33,C,Pass
6663,female,group A,high school,standard,True,13.4,7.9,88.0,75.0,57.0,public,True,88.7,100.0,73.33,B,Pass
6664,female,group D,bachelor degree,standard,False,8.5,7.6,59.0,87.0,69.0,public,True,70.1,100.0,71.67,B,Pass
6665,male,group C,bachelor degree,free/reduced,True,12.0,7.2,85.0,59.0,42.0,public,True,76.2,100.0,62.0,C,Pass
6666,female,group E,high school,free/reduced,False,13.5,7.2,50.0,66.0,92.0,public,True,78.1,100.0,69.33,C,Pass
6667,female,group B,high school,standard,True,12.2,7.3,68.0,70.0,57.0,public,True,74.7,100.0,65.0,C,Pass
6668,female,group E,associate degree,free/reduced,True,9.7,5.8,76.0,63.0,74.0,public,True,82.3,100.0,71.0,B,Pass
6669,male,group C,associate degree,standard,False,17.0,7.3,78.0,42.0,59.0,private,False,80.8,100.0,59.67,C,Pass
6670,male,group A,associate degree,free/reduced,True,12.3,7.4,100.0,96.0,65.0,private,True,93.3,100.0,87.0,A,Pass
6671,female,group A,bachelor degree,standard,False,12.3,7.2,73.0,77.0,81.0,public,True,87.0,100.0,77.0,B,Pass
6672,female,group E,high school,free/reduced,True,16.5,9.1,86.0,89.0,66.0,public,True,83.8,100.0,80.33,B,Pass
6673,male,group D,high school,standard,True,2.7,6.0,62.0,92.0,70.0,private,False,86.7,100.0,74.67,B,Pass
6674,male,group C,high school,standard,True,9.3,7.9,78.0,71.0,82.0,public,True,86.3,100.0,77.0,B,Pass
6675,male,group E,associate degree,standard,False,9.0,6.9,68.0,41.0,79.0,private,True,84.7,100.0,62.67,C,Pass
6676,male,group A,some college,standard,False,9.6,6.5,87.0,88.0,72.0,public,True,91.8,100.0,82.33,B,Pass
6677,female,group E,bachelor degree,standard,True,10.0,8.7,83.0,66.0,80.0,private,True,85.7,100.0,76.33,B,Pass
6678,male,group B,bachelor degree,free/reduced,False,6.4,7.7,71.0,58.0,100.0,public,True,81.0,100.0,76.33,B,Pass
6679,female,group D,bachelor degree,standard,False,8.6,7.6,44.0,74.0,72.0,private,True,77.1,100.0,63.33,C,Pass
6680,male,group C,high school,free/reduced,True,11.7,8.0,70.0,71.0,58.0,private,True,78.8,100.0,66.33,C,Pass
6681,female,group A,high school,standard,True,10.4,7.0,67.0,88.0,71.0,public,True,83.4,100.0,75.33,B,Pass
6682,female,group B,high school,standard,True,6.2,8.9,56.0,100.0,75.0,public,False,87.1,100.0,77.0,B,Pass
6683,male,group A,high school,free/reduced,False,5.5,7.2,74.0,79.0,93.0,public,True,91.4,100.0,82.0,B,Pass
6684,male,group D,bachelor degree,free/reduced,False,9.5,7.9,38.0,67.0,59.0,public,True,76.6,100.0,54.67,D,Pass
6685,male,group B,high school,standard,False,9.6,6.3,70.0,60.0,73.0,private,False,82.1,100.0,67.67,C,Pass
6686,male,group E,high school,free/reduced,True,17.3,8.5,67.0,99.0,42.0,public,True,83.4,100.0,69.33,C,Pass
6687,male,group E,some college,standard,True,7.5,7.6,86.0,71.0,71.0,private,True,82.7,100.0,76.0,B,Pass
6688,male,group D,some college,standard,True,1.8,10.3,71.0,60.0,87.0,public,True,79.4,100.0,72.67,B,Pass
6689,female,group B,high school,standard,False,4.9,7.7,32.0,51.0,100.0,international,True,70.6,100.0,61.0,C,Pass
6690,female,group D,some college,standard,False,8.6,3.9,64.0,62.0,94.0,public,True,80.9,100.0,73.33,B,Pass
6691,female,group E,bachelor degree,standard,True,9.6,6.8,51.0,93.0,62.0,international,True,84.8,100.0,68.67,C,Pass
6692,male,group B,high school,standard,True,16.4,8.8,90.0,81.0,71.0,public,True,83.6,100.0,80.67,B,Pass
6693,female,group E,master degree,standard,True,12.5,7.5,60.0,84.0,35.0,public,True,77.7,100.0,59.67,C,Pass
6694,male,group C,high school,standard,True,7.1,4.9,82.0,59.0,58.0,private,True,83.9,100.0,66.33,C,Pass
6695,female,group C,bachelor degree,free/reduced,True,10.8,8.9,70.0,70.0,84.0,public,True,87.5,100.0,74.67,B,Pass
6696,female,group A,high school,free/reduced,True,0.0,7.8,68.0,62.0,70.0,private,True,76.3,100.0,66.67,C,Pass
6697,female,group B,bachelor degree,standard,True,15.8,7.2,83.0,67.0,52.0,public,True,86.9,100.0,67.33,C,Pass
6698,female,group C,some college,standard,False,12.1,7.2,62.0,74.0,84.0,public,True,90.0,100.0,73.33,B,Pass
6699,female,group C,some college,standard,False,22.4,7.2,83.0,76.0,65.0,public,True,79.2,100.0,74.67,B,Pass
6700,male,group B,bachelor degree,standard,False,16.7,8.5,57.0,65.0,51.0,public,True,73.9,100.0,57.67,C,Pass
6701,female,group B,some college,standard,False,5.7,8.8,59.0,62.0,71.0,private,True,86.4,100.0,64.0,C,Pass
6702,female,group C,some college,free/reduced,False,8.7,7.7,52.0,69.0,75.0,international,True,80.4,100.0,65.33,C,Pass
6703,female,group C,associate degree,free/reduced,True,9.6,8.1,53.0,74.0,61.0,private,True,69.0,100.0,62.67,C,Pass
6704,female,group D,master degree,standard,True,17.5,8.9,52.0,74.0,62.0,public,True,73.1,100.0,62.67,C,Pass
6705,male,group A,associate degree,free/reduced,False,7.5,7.9,60.0,64.0,99.0,public,True,83.5,100.0,74.33,B,Pass
6706,female,group C,associate degree,standard,False,10.8,8.3,92.0,61.0,54.0,public,True,76.8,100.0,69.0,C,Pass
6707,female,group C,high school,standard,True,11.3,7.5,90.0,73.0,50.0,public,True,81.3,100.0,71.0,B,Pass
6708,male,group A,some college,free/reduced,True,9.4,4.5,73.0,82.0,67.0,international,True,84.8,100.0,74.0,B,Pass
6709,female,group C,bachelor degree,standard,True,14.7,10.0,100.0,83.0,54.0,private,False,93.9,100.0,79.0,B,Pass
6710,female,group D,some college,free/reduced,False,16.4,7.2,68.0,78.0,71.0,public,True,82.3,100.0,72.33,B,Pass
6711,male,group D,high school,standard,False,16.4,4.1,42.0,62.0,59.0,public,False,82.1,100.0,54.33,D,Pass
6712,male,group B,some college,free/reduced,False,9.1,6.3,86.0,69.0,98.0,public,True,95.9,100.0,84.33,B,Pass
6713,female,group E,associate degree,free/reduced,False,11.2,7.9,55.0,41.0,83.0,public,True,86.0,100.0,59.67,C,Pass
6714,male,group E,bachelor degree,standard,True,9.6,7.6,100.0,78.0,81.0,public,True,91.0,100.0,86.33,A,Pass
6715,male,group C,high school,free/reduced,False,11.1,9.9,59.0,67.0,75.0,public,True,72.0,100.0,67.0,C,Pass
6716,male,group C,some college,standard,True,9.7,6.8,81.0,97.0,63.0,public,True,89.4,100.0,80.33,B,Pass
6717,male,group A,high school,standard,True,4.4,6.5,44.0,88.0,77.0,public,True,88.1,100.0,69.67,C,Pass
6718,male,group D,high school,standard,True,12.5,7.1,52.0,83.0,77.0,public,True,82.9,100.0,70.67,B,Pass
6719,male,group A,associate degree,standard,True,9.6,10.3,78.0,61.0,71.0,public,True,91.6,100.0,70.0,B,Pass
6720,female,group D,some college,standard,True,12.7,7.2,62.0,52.0,72.0,international,True,84.1,100.0,62.0,C,Pass
6721,male,group C,high school,standard,True,3.6,6.1,99.0,84.0,62.0,public,False,90.5,100.0,81.67,B,Pass
6722,male,group E,high school,free/reduced,False,11.6,6.8,60.0,75.0,73.0,public,True,88.2,100.0,69.33,C,Pass
6723,female,group C,bachelor degree,standard,False,0.0,5.4,90.0,73.0,76.0,public,True,88.5,100.0,79.67,B,Pass
6724,male,group A,associate degree,standard,False,7.5,8.9,100.0,68.0,72.0,public,True,74.5,100.0,80.0,B,Pass
6725,female,group C,bachelor degree,standard,False,9.6,7.1,78.0,72.0,88.0,public,True,84.2,100.0,79.33,B,Pass
6726,male,group A,high school,standard,False,16.1,7.3,58.0,59.0,65.0,public,True,85.3,100.0,60.67,C,Pass
6727,male,group C,associate degree,standard,False,9.0,8.8,44.0,76.0,54.0,public,False,74.2,100.0,58.0,C,Pass
6728,male,group B,associate degree,standard,False,6.6,7.0,68.0,71.0,82.0,public,True,83.2,100.0,73.67,B,Pass
6729,female,group C,some college,free/reduced,True,13.4,5.3,76.0,78.0,71.0,public,True,79.8,100.0,75.0,B,Pass
6730,female,group C,high school,standard,False,13.3,5.3,68.0,74.0,47.0,private,True,89.1,100.0,63.0,C,Pass
6731,male,group C,bachelor degree,standard,False,7.3,7.2,58.0,66.0,93.0,public,True,92.3,100.0,72.33,B,Pass
6732,female,group D,some college,free/reduced,True,15.2,6.3,82.0,64.0,42.0,international,True,75.6,100.0,62.67,C,Pass
6733,female,group A,high school,free/reduced,False,13.9,6.5,63.0,78.0,84.0,public,True,85.7,100.0,75.0,B,Pass
6734,female,group C,some college,free/reduced,False,5.6,7.2,60.0,84.0,81.0,public,True,81.6,100.0,75.0,B,Pass
6735,female,group C,some college,free/reduced,False,5.2,10.5,83.0,84.0,63.0,international,True,88.7,100.0,76.67,B,Pass
6736,male,group E,master degree,standard,False,2.7,5.2,64.0,72.0,62.0,public,True,83.9,100.0,66.0,C,Pass
6737,male,group C,some college,standard,False,10.9,7.2,67.0,64.0,66.0,public,True,85.3,100.0,65.67,C,Pass
6738,male,group D,associate degree,free/reduced,True,3.8,7.7,63.0,70.0,80.0,private,True,85.1,100.0,71.0,B,Pass
6739,female,group E,some college,standard,True,5.7,4.9,53.0,83.0,47.0,international,True,94.1,100.0,61.0,C,Pass
6740,male,group C,high school,standard,False,5.7,5.1,61.0,71.0,71.0,private,True,76.7,100.0,67.67,C,Pass
6741,female,group C,high school,free/reduced,True,17.9,6.5,65.0,40.0,71.0,public,False,69.9,100.0,58.67,C,Pass
6742,female,group D,high school,standard,False,13.5,8.1,57.0,72.0,73.0,public,False,80.0,100.0,67.33,C,Pass
6743,female,group B,high school,standard,False,13.1,7.0,62.0,65.0,81.0,public,False,74.9,100.0,69.33,C,Pass
6744,male,group A,high school,free/reduced,False,16.8,5.7,53.0,71.0,88.0,public,True,75.8,100.0,70.67,B,Pass
6745,female,group E,high school,standard,True,11.2,7.0,44.0,77.0,65.0,public,True,74.8,100.0,62.0,C,Pass
6746,male,group C,high school,free/reduced,False,9.6,8.4,64.0,67.0,44.0,public,True,73.7,100.0,58.33,C,Pass
6747,female,group D,some college,standard,True,13.4,8.3,31.0,79.0,94.0,public,True,77.4,100.0,68.0,C,Pass
6748,female,group A,high school,free/reduced,False,9.6,6.9,46.0,89.0,82.0,international,False,86.5,100.0,72.33,B,Pass
6749,female,group B,high school,free/reduced,False,9.7,9.4,92.0,75.0,68.0,public,True,83.8,100.0,78.33,B,Pass
6750,female,group C,bachelor degree,standard,True,13.3,5.0,66.0,57.0,62.0,private,True,78.8,100.0,61.67,C,Pass
6751,male,group C,some college,standard,False,6.7,7.5,76.0,80.0,97.0,public,True,93.2,100.0,84.33,B,Pass
6752,female,group B,bachelor degree,free/reduced,True,8.9,6.0,78.0,55.0,72.0,public,True,78.5,100.0,68.33,C,Pass
6753,male,group E,some college,standard,False,9.4,3.6,77.0,69.0,94.0,international,True,85.7,100.0,80.0,B,Pass
6754,female,group B,high school,free/reduced,False,12.3,8.1,94.0,99.0,84.0,international,True,93.8,100.0,92.33,A,Pass
6755,male,group C,associate degree,standard,False,10.3,7.6,60.0,79.0,75.0,public,True,73.8,100.0,71.33,B,Pass
6756,male,group B,high school,free/reduced,True,12.6,7.5,83.0,63.0,61.0,public,True,70.7,100.0,69.0,C,Pass
6757,male,group B,master degree,free/reduced,False,9.1,7.9,31.0,71.0,67.0,public,True,79.1,100.0,56.33,C,Pass
6758,male,group B,some college,standard,False,2.8,10.6,63.0,76.0,51.0,international,True,82.8,100.0,63.33,C,Pass
6759,female,group C,some college,free/reduced,False,8.5,7.8,55.0,66.0,66.0,public,False,90.3,100.0,62.33,C,Pass
6760,male,group C,some college,free/reduced,False,5.3,7.1,73.0,73.0,80.0,public,True,85.9,100.0,75.33,B,Pass
6761,male,group A,bachelor degree,standard,False,6.6,7.2,67.0,76.0,58.0,private,True,85.9,100.0,67.0,C,Pass
6762,female,group B,some college,standard,True,5.4,3.5,77.0,91.0,70.0,public,True,85.8,100.0,79.33,B,Pass
6763,female,group A,some college,free/reduced,False,3.2,6.6,77.0,100.0,84.0,public,True,91.3,100.0,87.0,A,Pass
6764,female,group E,bachelor degree,standard,False,14.3,9.2,97.0,61.0,82.0,public,True,95.3,100.0,80.0,B,Pass
6765,female,group A,associate degree,standard,False,9.5,7.2,47.0,59.0,71.0,public,True,67.8,100.0,59.0,C,Pass
6766,female,group C,some college,standard,True,5.9,7.4,84.0,77.0,92.0,public,True,90.8,100.0,84.33,B,Pass
6767,female,group C,high school,free/reduced,False,9.4,7.1,56.0,44.0,68.0,public,True,88.1,100.0,56.0,C,Pass
6768,female,group B,high school,standard,True,9.3,5.0,56.0,84.0,42.0,public,True,80.7,100.0,60.67,C,Pass
6769,male,group C,bachelor degree,standard,True,7.2,8.2,70.0,78.0,75.0,public,False,93.0,100.0,74.33,B,Pass
6770,male,group A,high school,standard,False,17.7,7.2,68.0,75.0,85.0,private,True,82.3,100.0,76.0,B,Pass
6771,female,group E,high school,standard,True,7.7,7.3,76.0,85.0,87.0,public,True,87.9,100.0,82.67,B,Pass
6772,female,group E,high school,standard,False,12.4,7.8,52.0,80.0,50.0,private,False,79.4,100.0,60.67,C,Pass
6773,male,group E,bachelor degree,standard,True,12.9,8.9,100.0,77.0,60.0,public,True,75.5,100.0,79.0,B,Pass
6774,male,group C,associate degree,standard,True,0.0,7.1,100.0,97.0,75.0,public,True,85.4,100.0,90.67,A,Pass
6775,male,group B,some college,free/reduced,False,4.8,6.7,83.0,65.0,72.0,public,True,78.8,100.0,73.33,B,Pass
6776,male,group C,bachelor degree,standard,True,0.4,5.3,83.0,57.0,73.0,international,True,87.5,100.0,71.0,B,Pass
6777,female,group A,high school,standard,False,6.4,7.9,58.0,78.0,56.0,international,False,85.0,100.0,64.0,C,Pass
6778,female,group D,high school,standard,False,8.8,8.2,78.0,46.0,85.0,private,True,84.5,100.0,69.67,C,Pass
6779,male,group A,high school,standard,True,9.6,6.8,42.0,86.0,63.0,public,True,84.6,100.0,63.67,C,Pass
6780,female,group E,high school,standard,False,9.6,6.4,67.0,47.0,61.0,private,True,77.5,100.0,58.33,C,Pass
6781,male,group E,bachelor degree,standard,False,11.9,4.6,72.0,65.0,56.0,public,True,86.7,100.0,64.33,C,Pass
6782,male,group C,some college,free/reduced,True,6.8,8.6,50.0,54.0,64.0,public,True,77.4,100.0,56.0,C,Pass
6783,male,group B,bachelor degree,standard,True,11.8,7.2,65.0,83.0,71.0,public,True,84.4,100.0,73.0,B,Pass
6784,male,group E,some college,standard,True,9.6,7.8,89.0,76.0,71.0,public,True,85.1,100.0,78.67,B,Pass
6785,male,group B,high school,free/reduced,False,7.1,6.7,51.0,96.0,83.0,public,True,89.1,100.0,76.67,B,Pass
6786,female,group C,master degree,standard,True,0.0,7.2,82.0,61.0,79.0,public,True,82.5,100.0,74.0,B,Pass
6787,female,group C,high school,standard,True,9.6,6.7,70.0,83.0,76.0,public,True,90.4,100.0,76.33,B,Pass
6788,male,group D,some college,standard,True,9.6,9.5,51.0,63.0,64.0,public,True,73.1,100.0,59.33,C,Pass
6789,male,group E,high school,standard,False,15.2,7.0,78.0,78.0,74.0,public,True,80.2,100.0,76.67,B,Pass
6790,female,group B,some college,standard,False,2.2,6.1,85.0,67.0,76.0,international,True,88.8,100.0,76.0,B,Pass
6791,female,group D,associate degree,standard,True,7.0,6.8,53.0,76.0,72.0,international,True,81.4,100.0,67.0,C,Pass
6792,female,group D,some college,standard,True,8.5,7.2,64.0,92.0,64.0,public,False,82.1,100.0,73.33,B,Pass
6793,female,group D,bachelor degree,standard,False,9.6,8.3,53.0,91.0,58.0,public,True,86.4,100.0,67.33,C,Pass
6794,female,group C,bachelor degree,free/reduced,False,5.9,7.2,78.0,71.0,64.0,private,False,80.4,100.0,71.0,B,Pass
6795,male,group C,associate degree,standard,False,7.8,6.4,79.0,74.0,69.0,private,True,83.6,100.0,74.0,B,Pass
6796,male,group D,high school,standard,False,16.1,7.2,79.0,51.0,62.0,public,True,87.6,100.0,64.0,C,Pass
6797,male,group C,bachelor degree,standard,True,7.0,7.1,80.0,65.0,74.0,public,True,91.9,100.0,73.0,B,Pass
6798,female,group E,high school,standard,False,6.6,8.4,48.0,50.0,68.0,public,True,85.0,100.0,55.33,C,Pass
6799,male,group B,some college,standard,False,19.5,5.7,66.0,97.0,60.0,public,False,83.3,100.0,74.33,B,Pass
6800,female,group C,high school,standard,False,9.1,6.7,44.0,96.0,72.0,private,True,89.4,100.0,70.67,B,Pass
6801,male,group C,master degree,standard,False,9.0,5.8,60.0,71.0,66.0,private,True,76.4,100.0,65.67,C,Pass
6802,female,group C,high school,free/reduced,True,23.0,7.7,60.0,74.0,65.0,public,True,77.0,100.0,66.33,C,Pass
6803,female,group B,some college,standard,False,12.6,7.5,61.0,66.0,86.0,private,True,71.6,100.0,71.0,B,Pass
6804,female,group A,master degree,standard,False,17.1,7.6,55.0,71.0,59.0,private,True,87.9,100.0,61.67,C,Pass
6805,female,group C,bachelor degree,free/reduced,False,10.9,6.5,80.0,80.0,53.0,public,True,79.1,100.0,71.0,B,Pass
6806,female,group B,high school,standard,False,9.9,7.2,100.0,69.0,56.0,international,True,84.4,100.0,75.0,B,Pass
6807,female,group E,bachelor degree,standard,True,18.7,7.7,70.0,56.0,69.0,public,True,76.4,100.0,65.0,C,Pass
6808,male,group C,high school,standard,False,9.6,7.2,53.0,82.0,68.0,public,True,85.5,100.0,67.67,C,Pass
6809,male,group A,some college,free/reduced,False,9.2,6.5,36.0,71.0,44.0,public,True,73.3,100.0,50.33,D,Pass
6810,female,group D,master degree,free/reduced,False,7.8,7.7,54.0,71.0,77.0,public,True,75.4,100.0,67.33,C,Pass
6811,male,group D,high school,standard,False,9.6,8.6,65.0,80.0,74.0,public,True,86.4,100.0,73.0,B,Pass
6812,female,group B,high school,standard,False,0.0,7.2,95.0,98.0,82.0,public,False,84.5,100.0,91.67,A,Pass
6813,male,group D,some college,standard,False,6.9,7.2,56.0,87.0,59.0,public,True,77.7,100.0,67.33,C,Pass
6814,male,group B,associate degree,standard,False,22.0,6.1,77.0,77.0,63.0,public,True,73.4,100.0,72.33,B,Pass
6815,female,group E,high school,standard,False,14.0,6.2,70.0,56.0,91.0,international,True,76.8,100.0,72.33,B,Pass
6816,female,group A,high school,standard,False,8.1,6.0,43.0,45.0,82.0,private,False,78.6,100.0,56.67,C,Pass
6817,female,group D,high school,standard,True,13.3,7.9,51.0,57.0,46.0,private,True,65.7,100.0,51.33,D,Pass
6818,female,group A,some college,standard,True,16.6,8.7,83.0,77.0,71.0,public,True,78.4,100.0,77.0,B,Pass
6819,male,group C,master degree,free/reduced,False,10.7,7.2,64.0,56.0,56.0,public,True,78.5,100.0,58.67,C,Pass
6820,female,group C,bachelor degree,standard,True,3.6,6.0,75.0,70.0,66.0,public,True,80.4,100.0,70.33,B,Pass
6821,male,group E,high school,free/reduced,False,8.4,9.2,79.0,81.0,80.0,public,True,97.0,100.0,80.0,B,Pass
6822,male,group E,high school,standard,True,9.9,5.0,78.0,83.0,66.0,international,True,94.4,100.0,75.67,B,Pass
6823,female,group E,high school,standard,False,6.2,5.3,51.0,71.0,76.0,public,True,76.9,100.0,66.0,C,Pass
6824,male,group C,master degree,free/reduced,False,9.6,6.8,69.0,75.0,83.0,public,True,88.1,100.0,75.67,B,Pass
6825,male,group C,bachelor degree,standard,True,9.4,6.9,68.0,64.0,78.0,public,True,86.7,100.0,70.0,B,Pass
6826,female,group E,high school,free/reduced,True,0.0,7.1,24.0,59.0,82.0,public,True,74.0,100.0,55.0,C,Pass
6827,female,group B,high school,free/reduced,True,13.6,7.5,59.0,75.0,69.0,public,True,74.6,100.0,67.67,C,Pass
6828,male,group B,high school,free/reduced,False,15.8,5.0,81.0,94.0,79.0,private,True,88.8,100.0,84.67,B,Pass
6829,male,group E,high school,free/reduced,False,9.3,6.6,57.0,53.0,91.0,public,True,80.9,100.0,67.0,C,Pass
6830,male,group E,associate degree,standard,False,8.9,8.1,51.0,68.0,89.0,public,True,80.6,100.0,69.33,C,Pass
6831,female,group A,high school,free/reduced,False,6.1,7.5,74.0,71.0,76.0,private,True,86.7,100.0,73.67,B,Pass
6832,male,group D,bachelor degree,free/reduced,True,10.0,5.6,75.0,81.0,52.0,international,True,79.0,100.0,69.33,C,Pass
6833,male,group D,associate degree,standard,True,9.8,5.0,75.0,87.0,54.0,public,True,78.0,100.0,72.0,B,Pass
6834,male,group D,master degree,standard,False,9.2,7.1,64.0,75.0,55.0,public,True,81.4,100.0,64.67,C,Pass
6835,male,group C,high school,free/reduced,True,4.9,7.8,65.0,76.0,86.0,public,True,87.2,100.0,75.67,B,Pass
6836,male,group C,bachelor degree,standard,False,8.6,7.5,64.0,54.0,64.0,public,True,73.4,100.0,60.67,C,Pass
6837,male,group E,some college,standard,True,11.0,4.5,80.0,71.0,66.0,public,True,88.4,100.0,72.33,B,Pass
6838,female,group D,high school,free/reduced,False,9.9,7.2,75.0,66.0,73.0,private,True,74.7,100.0,71.33,B,Pass
6839,female,group E,associate degree,standard,True,16.7,7.3,62.0,64.0,63.0,public,True,77.3,100.0,63.0,C,Pass
6840,female,group B,high school,standard,False,5.6,8.4,84.0,62.0,65.0,public,False,81.8,100.0,70.33,B,Pass
6841,female,group A,some college,free/reduced,True,12.5,7.0,81.0,72.0,71.0,private,False,81.6,100.0,74.67,B,Pass
6842,male,group C,master degree,standard,False,2.6,6.9,85.0,55.0,88.0,public,True,82.6,100.0,76.0,B,Pass
6843,female,group D,bachelor degree,standard,True,14.9,7.2,69.0,89.0,50.0,private,True,92.1,100.0,69.33,C,Pass
6844,male,group E,high school,standard,False,7.0,7.2,52.0,57.0,94.0,public,True,77.8,100.0,67.67,C,Pass
6845,female,group B,high school,standard,False,19.4,5.7,73.0,65.0,68.0,public,False,94.7,100.0,68.67,C,Pass
6846,male,group B,bachelor degree,standard,True,3.6,5.5,100.0,79.0,74.0,international,False,90.9,100.0,84.33,B,Pass
6847,female,group E,some college,standard,False,11.7,5.7,85.0,53.0,96.0,public,True,86.7,100.0,78.0,B,Pass
6848,female,group C,associate degree,free/reduced,True,9.1,9.2,67.0,52.0,68.0,private,True,82.3,100.0,62.33,C,Pass
6849,female,group E,high school,standard,True,8.8,7.0,51.0,84.0,73.0,private,True,95.4,100.0,69.33,C,Pass
6850,male,group B,bachelor degree,standard,True,16.5,8.2,67.0,71.0,68.0,public,False,77.4,100.0,68.67,C,Pass
6851,male,group C,high school,standard,False,9.8,9.0,58.0,78.0,84.0,private,True,78.7,100.0,73.33,B,Pass
6852,female,group D,high school,standard,False,3.1,7.2,71.0,56.0,71.0,public,True,77.5,100.0,66.0,C,Pass
6853,female,group D,bachelor degree,free/reduced,False,9.7,7.4,48.0,80.0,75.0,public,True,82.2,100.0,67.67,C,Pass
6854,female,group B,high school,standard,False,0.0,7.2,66.0,80.0,55.0,public,True,73.2,100.0,67.0,C,Pass
6855,male,group B,high school,standard,False,16.0,6.0,100.0,67.0,75.0,public,True,87.4,100.0,80.67,B,Pass
6856,male,group B,some college,free/reduced,True,7.2,6.7,82.0,83.0,100.0,international,True,98.8,100.0,88.33,A,Pass
6857,female,group A,bachelor degree,free/reduced,True,10.5,7.8,58.0,51.0,62.0,public,True,78.6,100.0,57.0,C,Pass
6858,male,group A,some college,standard,False,16.7,8.3,43.0,66.0,81.0,public,True,78.9,100.0,63.33,C,Pass
6859,male,group A,high school,standard,False,12.5,6.5,57.0,71.0,62.0,international,True,77.1,100.0,63.33,C,Pass
6860,male,group A,high school,standard,False,8.2,8.9,69.0,59.0,96.0,public,True,89.4,100.0,74.67,B,Pass
6861,male,group A,high school,standard,False,5.5,6.8,95.0,71.0,65.0,private,True,81.5,100.0,77.0,B,Pass
6862,female,group B,master degree,standard,True,9.6,7.2,87.0,96.0,72.0,international,True,98.2,100.0,85.0,A,Pass
6863,female,group D,high school,free/reduced,False,7.9,7.2,47.0,63.0,82.0,public,True,90.3,100.0,64.0,C,Pass
6864,male,group D,high school,standard,False,0.0,6.5,51.0,50.0,58.0,international,True,77.5,100.0,53.0,D,Pass
6865,male,group B,associate degree,standard,True,9.0,6.7,88.0,73.0,73.0,public,True,86.1,100.0,78.0,B,Pass
6866,female,group E,bachelor degree,free/reduced,True,8.8,6.9,65.0,63.0,100.0,international,True,90.6,100.0,76.0,B,Pass
6867,female,group D,high school,standard,False,8.5,6.6,56.0,74.0,76.0,public,True,87.9,100.0,68.67,C,Pass
6868,female,group C,high school,standard,True,14.4,5.8,52.0,60.0,48.0,public,True,72.3,100.0,53.33,D,Pass
6869,female,group B,master degree,standard,False,0.0,10.2,71.0,55.0,83.0,public,True,80.2,100.0,69.67,C,Pass
6870,female,group E,high school,standard,False,16.8,6.6,72.0,64.0,53.0,public,True,73.6,100.0,63.0,C,Pass
6871,female,group B,associate degree,standard,True,9.3,6.8,86.0,69.0,44.0,public,True,83.6,100.0,66.33,C,Pass
6872,female,group E,high school,free/reduced,False,10.2,4.2,77.0,62.0,43.0,private,True,82.6,100.0,60.67,C,Pass
6873,male,group D,associate degree,free/reduced,False,8.6,4.6,76.0,41.0,97.0,public,True,76.8,100.0,71.33,B,Pass
6874,female,group E,high school,standard,False,7.1,6.4,57.0,87.0,71.0,public,False,81.3,100.0,71.67,B,Pass
6875,female,group C,master degree,standard,True,5.1,6.7,90.0,64.0,78.0,public,False,79.2,100.0,77.33,B,Pass
6876,male,group D,high school,standard,False,17.2,5.8,96.0,55.0,84.0,public,False,81.8,100.0,78.33,B,Pass
6877,male,group C,high school,standard,True,11.1,8.6,47.0,85.0,74.0,public,True,85.2,100.0,68.67,C,Pass
6878,female,group D,high school,free/reduced,False,9.6,6.1,65.0,88.0,73.0,private,True,81.5,100.0,75.33,B,Pass
6879,male,group C,some college,standard,True,13.5,7.7,70.0,74.0,71.0,private,True,82.0,100.0,71.67,B,Pass
6880,female,group B,bachelor degree,standard,False,7.7,8.2,63.0,78.0,79.0,public,True,76.2,100.0,73.33,B,Pass
6881,female,group B,master degree,free/reduced,True,4.8,8.2,47.0,77.0,79.0,public,True,83.0,100.0,67.67,C,Pass
6882,female,group A,high school,standard,True,16.4,6.5,49.0,71.0,71.0,public,True,80.1,100.0,63.67,C,Pass
6883,male,group E,high school,standard,False,6.4,7.3,88.0,70.0,84.0,public,False,83.6,100.0,80.67,B,Pass
6884,male,group A,some college,standard,False,3.6,9.0,71.0,79.0,75.0,public,True,84.1,100.0,75.0,B,Pass
6885,female,group E,master degree,free/reduced,False,10.0,5.4,73.0,81.0,57.0,public,True,84.0,100.0,70.33,B,Pass
6886,male,group D,bachelor degree,free/reduced,True,14.7,4.7,72.0,82.0,91.0,private,True,83.6,100.0,81.67,B,Pass
6887,female,group A,bachelor degree,standard,False,10.9,5.1,98.0,100.0,51.0,public,True,80.8,100.0,83.0,B,Pass
6888,female,group E,high school,standard,True,11.4,4.8,56.0,59.0,71.0,international,True,88.7,100.0,62.0,C,Pass
6889,male,group C,some college,free/reduced,False,13.7,10.1,71.0,71.0,100.0,public,True,84.0,100.0,80.67,B,Pass
6890,female,group C,high school,free/reduced,True,9.6,9.2,77.0,91.0,42.0,international,True,82.5,100.0,70.0,B,Pass
6891,female,group B,high school,standard,False,13.8,7.8,66.0,87.0,73.0,private,True,90.2,100.0,75.33,B,Pass
6892,female,group C,bachelor degree,free/reduced,False,7.5,8.6,57.0,71.0,91.0,private,True,100.0,100.0,73.0,B,Pass
6893,male,group C,some college,standard,True,14.1,7.3,48.0,63.0,76.0,private,True,73.7,100.0,62.33,C,Pass
6894,male,group D,high school,standard,True,8.8,7.9,89.0,71.0,61.0,public,True,86.6,100.0,73.67,B,Pass
6895,male,group E,bachelor degree,standard,True,7.2,7.6,55.0,54.0,72.0,public,True,75.6,100.0,60.33,C,Pass
6896,male,group E,high school,standard,True,12.9,7.5,42.0,78.0,76.0,public,True,78.4,100.0,65.33,C,Pass
6897,male,group A,some college,standard,False,2.9,7.2,67.0,90.0,90.0,public,True,84.3,100.0,82.33,B,Pass
6898,male,group E,high school,free/reduced,False,16.6,7.2,49.0,82.0,47.0,international,True,73.1,100.0,59.33,C,Pass
6899,female,group A,bachelor degree,standard,False,13.0,8.0,91.0,76.0,53.0,public,True,84.1,100.0,73.33,B,Pass
6900,female,group C,associate degree,standard,False,10.7,8.6,93.0,84.0,64.0,private,True,79.8,100.0,80.33,B,Pass
6901,female,group E,bachelor degree,free/reduced,True,9.8,8.7,69.0,80.0,95.0,public,True,92.3,100.0,81.33,B,Pass
6902,male,group E,bachelor degree,standard,False,6.2,7.2,66.0,62.0,74.0,private,True,82.2,100.0,67.33,C,Pass
6903,male,group D,associate degree,standard,True,9.2,7.5,63.0,74.0,93.0,public,True,87.8,100.0,76.67,B,Pass
6904,male,group E,some college,standard,True,6.8,5.4,84.0,71.0,71.0,public,True,82.7,100.0,75.33,B,Pass
6905,male,group C,some college,free/reduced,False,8.6,8.9,74.0,77.0,60.0,public,True,81.3,100.0,70.33,B,Pass
6906,female,group C,high school,standard,False,12.2,5.5,68.0,76.0,97.0,public,True,88.6,100.0,80.33,B,Pass
6907,female,group B,some college,standard,False,3.4,8.9,69.0,99.0,73.0,public,False,81.3,100.0,80.33,B,Pass
6908,female,group B,high school,standard,True,7.9,4.6,85.0,65.0,74.0,public,True,83.1,100.0,74.67,B,Pass
6909,female,group D,associate degree,free/reduced,True,10.8,5.5,62.0,68.0,67.0,public,True,77.0,100.0,65.67,C,Pass
6910,female,group A,bachelor degree,standard,False,9.6,5.8,43.0,76.0,74.0,public,True,76.3,100.0,64.33,C,Pass
6911,male,group C,bachelor degree,standard,False,12.6,6.8,71.0,83.0,90.0,public,True,77.0,100.0,81.33,B,Pass
6912,male,group D,high school,standard,False,7.6,7.4,40.0,53.0,74.0,international,False,84.0,100.0,55.67,C,Pass
6913,male,group B,high school,free/reduced,False,5.0,6.2,68.0,67.0,58.0,public,True,77.3,100.0,64.33,C,Pass
6914,male,group E,associate degree,standard,False,13.2,7.3,73.0,47.0,98.0,public,False,89.9,100.0,72.67,B,Pass
6915,male,group D,bachelor degree,standard,True,11.2,7.2,54.0,68.0,55.0,public,True,83.9,100.0,59.0,C,Pass
6916,male,group B,high school,standard,True,12.6,6.5,73.0,68.0,75.0,public,True,77.4,100.0,72.0,B,Pass
6917,male,group D,high school,standard,False,10.3,6.3,100.0,67.0,88.0,public,True,83.6,100.0,85.0,A,Pass
6918,female,group B,some college,standard,True,9.6,6.8,60.0,88.0,47.0,public,False,93.8,100.0,65.0,C,Pass
6919,female,group C,high school,free/reduced,True,15.6,8.8,73.0,71.0,67.0,public,True,91.8,100.0,70.33,B,Pass
6920,male,group B,high school,free/reduced,False,6.1,7.7,50.0,81.0,90.0,public,True,84.3,100.0,73.67,B,Pass
6921,female,group D,high school,standard,True,5.7,8.9,49.0,74.0,71.0,public,True,82.0,100.0,64.67,C,Pass
6922,female,group C,high school,free/reduced,False,13.0,7.2,61.0,57.0,95.0,private,True,80.2,100.0,71.0,B,Pass
6923,male,group B,high school,standard,False,10.3,6.0,63.0,92.0,85.0,public,True,89.2,100.0,80.0,B,Pass
6924,male,group B,high school,free/reduced,False,8.5,9.5,61.0,35.0,77.0,private,True,74.5,100.0,57.67,C,Pass
6925,female,group D,some college,free/reduced,True,7.7,7.2,100.0,95.0,60.0,public,False,78.8,100.0,85.0,A,Pass
6926,male,group C,some college,standard,True,7.4,9.3,81.0,68.0,50.0,public,True,74.9,100.0,66.33,C,Pass
6927,female,group A,some college,standard,True,14.6,5.4,59.0,71.0,93.0,public,True,84.7,100.0,74.33,B,Pass
6928,female,group B,bachelor degree,free/reduced,True,2.6,7.2,81.0,63.0,78.0,private,False,78.9,100.0,74.0,B,Pass
6929,female,group C,some college,standard,False,12.3,6.7,76.0,100.0,71.0,public,True,87.6,100.0,82.33,B,Pass
6930,male,group C,bachelor degree,standard,True,2.0,6.0,74.0,77.0,70.0,public,True,79.1,100.0,73.67,B,Pass
6931,male,group E,associate degree,standard,True,12.3,7.1,21.0,60.0,48.0,public,True,68.3,100.0,43.0,D,Pass
6932,female,group C,some college,free/reduced,True,14.1,7.2,92.0,72.0,76.0,international,True,91.3,100.0,80.0,B,Pass
6933,female,group E,some college,standard,False,7.4,6.1,55.0,78.0,58.0,public,True,81.7,100.0,63.67,C,Pass
6934,male,group D,some college,standard,False,11.6,7.3,67.0,37.0,74.0,public,True,78.7,100.0,59.33,C,Pass
6935,male,group A,master degree,standard,False,7.4,7.0,58.0,74.0,77.0,public,True,87.3,100.0,69.67,C,Pass
6936,male,group B,high school,standard,False,9.4,8.1,70.0,69.0,69.0,public,True,85.1,100.0,69.33,C,Pass
6937,female,group B,master degree,standard,False,9.5,4.9,71.0,51.0,52.0,public,False,85.4,100.0,58.0,C,Pass
6938,male,group D,high school,standard,False,8.5,6.5,51.0,61.0,71.0,public,False,77.0,100.0,61.0,C,Pass
6939,female,group E,bachelor degree,free/reduced,True,4.5,5.6,70.0,90.0,80.0,private,True,84.9,100.0,80.0,B,Pass
6940,male,group B,high school,standard,True,11.1,6.8,65.0,53.0,45.0,international,True,70.2,100.0,54.33,D,Pass
6941,female,group B,master degree,standard,False,11.5,6.6,70.0,82.0,49.0,private,True,79.7,100.0,67.0,C,Pass
6942,male,group E,bachelor degree,standard,True,12.4,6.0,79.0,66.0,71.0,public,True,88.5,100.0,72.0,B,Pass
6943,female,group E,high school,standard,True,10.3,8.0,68.0,71.0,84.0,public,True,91.2,100.0,74.33,B,Pass
6944,male,group B,some college,standard,False,6.8,7.7,89.0,60.0,82.0,public,True,90.6,100.0,77.0,B,Pass
6945,female,group C,master degree,standard,True,17.1,7.6,58.0,65.0,71.0,private,True,71.8,100.0,64.67,C,Pass
6946,female,group D,associate degree,free/reduced,False,14.7,8.6,89.0,80.0,70.0,public,True,92.3,100.0,79.67,B,Pass
6947,female,group C,associate degree,standard,True,2.5,7.6,47.0,90.0,60.0,private,True,72.1,100.0,65.67,C,Pass
6948,male,group A,some college,standard,False,6.9,3.7,67.0,92.0,63.0,public,True,89.1,100.0,74.0,B,Pass
6949,male,group A,some college,free/reduced,True,20.3,6.6,83.0,88.0,95.0,public,True,88.6,100.0,88.67,A,Pass
6950,female,group D,some college,standard,False,11.4,8.0,59.0,85.0,80.0,private,True,88.4,100.0,74.67,B,Pass
6951,male,group C,high school,free/reduced,False,9.0,10.4,48.0,85.0,75.0,public,True,76.1,100.0,69.33,C,Pass
6952,male,group B,bachelor degree,standard,True,3.5,8.8,84.0,91.0,84.0,public,True,95.4,100.0,86.33,A,Pass
6953,male,group D,some college,standard,True,7.1,8.1,73.0,71.0,79.0,public,True,77.3,100.0,74.33,B,Pass
6954,female,group C,high school,standard,False,11.5,6.8,86.0,91.0,64.0,private,True,83.8,100.0,80.33,B,Pass
6955,male,group B,high school,free/reduced,True,9.4,6.4,65.0,71.0,73.0,public,True,77.9,100.0,69.67,C,Pass
6956,male,group A,high school,standard,True,7.4,9.1,88.0,65.0,90.0,private,True,78.6,100.0,81.0,B,Pass
6957,female,group D,some college,standard,True,13.8,9.1,60.0,71.0,60.0,public,True,80.8,100.0,63.67,C,Pass
6958,male,group E,some college,standard,True,9.6,7.1,50.0,78.0,78.0,public,True,91.5,100.0,68.67,C,Pass
6959,male,group A,master degree,free/reduced,False,12.3,7.8,76.0,74.0,64.0,private,True,96.9,100.0,71.33,B,Pass
6960,male,group C,bachelor degree,standard,True,7.7,5.6,74.0,73.0,66.0,public,True,83.9,100.0,71.0,B,Pass
6961,male,group E,bachelor degree,standard,True,13.2,8.1,57.0,71.0,88.0,international,True,89.3,100.0,72.0,B,Pass
6962,female,group D,some college,free/reduced,True,5.6,7.1,93.0,66.0,71.0,public,True,86.7,100.0,76.67,B,Pass
6963,male,group D,some college,standard,True,0.0,9.3,52.0,71.0,71.0,international,True,83.2,100.0,64.67,C,Pass
6964,male,group B,high school,standard,False,7.3,8.5,77.0,70.0,72.0,public,True,82.5,100.0,73.0,B,Pass
6965,female,group E,associate degree,standard,False,1.0,6.3,74.0,39.0,71.0,international,True,80.5,100.0,61.33,C,Pass
6966,female,group D,some college,standard,True,9.6,7.2,76.0,91.0,68.0,public,True,89.0,100.0,78.33,B,Pass
6967,female,group E,some college,standard,False,6.1,6.9,74.0,66.0,59.0,public,True,78.6,100.0,66.33,C,Pass
6968,male,group E,master degree,free/reduced,True,4.4,5.9,89.0,88.0,58.0,international,True,85.9,100.0,78.33,B,Pass
6969,male,group A,bachelor degree,standard,False,14.9,6.1,75.0,72.0,61.0,public,True,82.4,100.0,69.33,C,Pass
6970,female,group E,high school,standard,False,13.9,6.8,87.0,77.0,53.0,private,True,88.1,100.0,72.33,B,Pass
6971,female,group E,high school,standard,False,0.0,6.7,90.0,71.0,62.0,public,False,79.3,100.0,74.33,B,Pass
6972,male,group C,some college,standard,True,7.2,8.3,87.0,88.0,50.0,private,True,84.7,100.0,75.0,B,Pass
6973,female,group D,associate degree,standard,False,5.2,7.4,69.0,70.0,100.0,public,True,96.4,100.0,79.67,B,Pass
6974,male,group E,associate degree,standard,False,5.9,4.8,82.0,45.0,48.0,public,True,84.2,100.0,58.33,C,Pass
6975,female,group D,some college,standard,True,12.4,8.3,80.0,65.0,76.0,public,True,91.2,100.0,73.67,B,Pass
6976,male,group E,bachelor degree,standard,False,8.7,7.5,37.0,65.0,68.0,public,False,77.8,100.0,56.67,C,Pass
6977,female,group C,high school,standard,False,10.1,7.3,43.0,92.0,64.0,public,True,83.1,100.0,66.33,C,Pass
6978,male,group D,high school,standard,False,1.8,7.2,79.0,64.0,60.0,public,True,87.1,100.0,67.67,C,Pass
6979,female,group E,some college,standard,False,2.1,7.3,78.0,63.0,84.0,public,True,92.8,100.0,75.0,B,Pass
6980,female,group C,bachelor degree,standard,True,19.3,7.8,81.0,69.0,78.0,public,True,75.6,100.0,76.0,B,Pass
6981,male,group D,high school,standard,True,15.6,6.0,68.0,68.0,52.0,private,True,73.5,100.0,62.67,C,Pass
6982,female,group D,high school,free/reduced,True,6.6,8.5,55.0,67.0,56.0,public,True,85.3,100.0,59.33,C,Pass
6983,male,group B,some college,standard,False,14.4,6.5,81.0,88.0,100.0,public,False,89.5,100.0,89.67,A,Pass
6984,male,group E,master degree,standard,False,7.9,7.7,82.0,81.0,49.0,public,True,79.9,100.0,70.67,B,Pass
6985,male,group A,bachelor degree,standard,False,12.0,6.8,69.0,78.0,65.0,public,True,77.0,100.0,70.67,B,Pass
6986,male,group E,master degree,free/reduced,False,0.0,7.2,75.0,92.0,70.0,private,True,83.8,100.0,79.0,B,Pass
6987,male,group B,high school,standard,True,11.1,8.6,76.0,96.0,75.0,public,True,80.9,100.0,82.33,B,Pass
6988,male,group E,some college,standard,False,6.6,7.1,75.0,100.0,84.0,public,True,100.0,100.0,86.33,A,Pass
6989,male,group B,master degree,standard,True,7.9,8.0,78.0,71.0,88.0,public,False,86.5,100.0,79.0,B,Pass
6990,female,group D,bachelor degree,standard,True,5.8,6.2,54.0,95.0,89.0,international,True,86.4,100.0,79.33,B,Pass
6991,male,group E,master degree,standard,True,14.1,7.2,75.0,86.0,71.0,public,True,88.7,100.0,77.33,B,Pass
6992,male,group B,associate degree,free/reduced,False,14.4,7.8,60.0,83.0,67.0,public,True,87.8,100.0,70.0,B,Pass
6993,female,group C,high school,free/reduced,False,4.5,7.7,69.0,39.0,58.0,public,True,81.9,100.0,55.33,C,Pass
6994,female,group C,associate degree,standard,False,12.9,7.4,56.0,74.0,93.0,public,True,90.1,100.0,74.33,B,Pass
6995,female,group A,high school,standard,True,12.2,5.9,70.0,70.0,89.0,public,True,82.4,100.0,76.33,B,Pass
6996,female,group C,some college,standard,True,3.5,6.8,74.0,71.0,50.0,private,False,79.4,100.0,65.0,C,Pass
6997,female,group A,associate degree,free/reduced,True,10.8,7.3,82.0,52.0,81.0,public,True,87.5,100.0,71.67,B,Pass
6998,female,group C,high school,standard,False,12.7,6.9,78.0,71.0,59.0,public,True,80.0,100.0,69.33,C,Pass
6999,male,group D,high school,standard,True,15.1,8.1,62.0,63.0,79.0,public,True,82.2,100.0,68.0,C,Pass
7000,male,group B,high school,free/reduced,True,16.2,7.2,66.0,80.0,69.0,public,True,85.7,100.0,71.67,B,Pass
